customer_id,gender,senior_citizen,partner,dependents,tenure_months,phone_service,multiple_lines,internet_service,online_security,online_backup,device_protection,tech_support,streaming_tv,streaming_movies,contract,paperless_billing,payment_method,monthly_charges,total_charges,churn
CUST-00001,Male,0,Yes,No,26,Yes,No,Fiber optic,No,Yes,No,No,No,Yes,One year,Yes,Mailed check,80.7,2152.76,No
CUST-00002,Female,0,Yes,No,21,Yes,Yes,DSL,Yes,No,Yes,Yes,No,Yes,Month-to-month,No,Mailed check,63.57,1340.14,Yes
CUST-00003,Female,0,Yes,Yes,50,Yes,Yes,DSL,No,No,Yes,No,Yes,Yes,Two year,No,Bank transfer (automatic),67.57,3350.33,No
CUST-00004,Male,0,No,No,29,Yes,No,DSL,No,Yes,No,No,Yes,No,Two year,Yes,Electronic check,64.91,1834.57,No
CUST-00005,Male,0,No,No,3,Yes,No,Fiber optic,No,No,Yes,Yes,No,No,Month-to-month,Yes,Mailed check,85.96,226.81,No
CUST-00006,Female,0,No,No,50,Yes,No,No,No internet service,No internet service,No internet service,No internet service,No internet service,No internet service,Two year,Yes,Bank transfer (automatic),18.0,872.12,No
CUST-00007,Male,0,No,No,27,Yes,No,No,No internet service,No internet service,No internet service,No internet service,No internet service,No internet service,One year,Yes,Credit card (automatic),28.89,715.48,No
CUST-00008,Female,0,Yes,Yes,18,Yes,Yes,Fiber optic,Yes,Yes,No,No,No,No,Month-to-month,Yes,Bank transfer (automatic),77.7,1367.89,Yes
CUST-00009,Male,0,Yes,No,59,Yes,Yes,Fiber optic,No,Yes,No,No,Yes,No,Two year,Yes,Mailed check,88.63,5221.89,No
CUST-00010,Male,0,No,Yes,11,Yes,No,Fiber optic,Yes,Yes,Yes,No,No,No,Month-to-month,Yes,Electronic check,89.4,971.42,Yes
CUST-00011,Female,1,No,No,25,Yes,Yes,No,No internet service,No internet service,No internet service,No internet service,No internet service,No internet service,One year,Yes,Credit card (automatic),24.85,492.74,No
CUST-00012,Female,0,No,Yes,25,Yes,No,Fiber optic,Yes,No,Yes,No,No,Yes,One year,No,Bank transfer (automatic),100.19,2460.29,Yes
CUST-00013,Female,1,Yes,No,39,Yes,No,DSL,No,No,No,Yes,No,Yes,Two year,Yes,Electronic check,63.51,2470.1,No
CUST-00014,Female,1,Yes,No,33,Yes,Yes,DSL,Yes,No,No,No,No,No,One year,No,Electronic check,64.74,2109.06,Yes
CUST-00015,Female,1,No,No,68,Yes,Yes,Fiber optic,No,No,No,No,Yes,Yes,Two year,No,Bank transfer (automatic),96.36,6573.1,Yes
CUST-00016,Female,0,Yes,Yes,10,Yes,No,Fiber optic,No,Yes,Yes,No,Yes,Yes,Month-to-month,Yes,Mailed check,87.43,850.81,Yes
CUST-00017,Female,0,Yes,No,44,Yes,Yes,No,No internet service,No internet service,No internet service,No internet service,No internet service,No internet service,Two year,No,Bank transfer (automatic),29.58,1296.8,No
CUST-00018,Male,0,No,Yes,57,Yes,No,DSL,No,Yes,Yes,No,No,Yes,One year,Yes,Mailed check,53.88,3086.32,No
CUST-00019,Female,0,No,No,24,Yes,Yes,No,No internet service,No internet service,No internet service,No internet service,No internet service,No internet service,One year,Yes,Credit card (automatic),27.32,694.3,Yes
CUST-00020,Male,0,No,No,39,Yes,Yes,No,No internet service,No internet service,No internet service,No internet service,No internet service,No internet service,Two year,Yes,Electronic check,23.67,925.31,No
CUST-00021,Female,0,No,No,12,Yes,No,Fiber optic,Yes,No,Yes,No,Yes,No,Month-to-month,Yes,Electronic check,88.93,997.26,No
CUST-00022,Male,1,No,No,7,Yes,Yes,DSL,No,No,Yes,Yes,Yes,Yes,Month-to-month,Yes,Electronic check,67.11,524.88,No
CUST-00023,Male,0,Yes,No,56,Yes,No,DSL,Yes,Yes,No,Yes,Yes,No,Two year,No,Credit card (automatic),60.26,3414.21,No
CUST-00024,Female,0,No,No,48,Yes,Yes,Fiber optic,No,No,No,Yes,Yes,Yes,Two year,Yes,Credit card (automatic),95.05,4521.25,No
CUST-00025,Female,0,No,No,21,Yes,Yes,DSL,Yes,Yes,No,No,No,Yes,One year,Yes,Electronic check,65.54,1386.62,No
CUST-00026,Female,0,Yes,No,19,Yes,No,No,No internet service,No internet service,No internet service,No internet service,No internet service,No internet service,Month-to-month,No,Electronic check,27.32,481.56,No
CUST-00027,Male,0,No,No,7,Yes,No,Fiber optic,Yes,No,No,No,No,No,Month-to-month,Yes,Bank transfer (automatic),99.82,677.78,Yes
CUST-00028,Female,0,No,No,14,Yes,Yes,Fiber optic,No,Yes,Yes,Yes,No,Yes,Month-to-month,Yes,Credit card (automatic),85.23,1221.3,Yes
CUST-00029,Female,0,Yes,No,5,No,No phone service,Fiber optic,No,No,No,No,Yes,Yes,Month-to-month,Yes,Bank transfer (automatic),79.46,404.93,No
CUST-00030,Male,0,No,No,72,No,No phone service,DSL,No,Yes,No,No,Yes,Yes,Two year,Yes,Electronic check,71.28,5145.09,No
CUST-00031,Male,0,No,No,56,Yes,No,Fiber optic,No,Yes,No,No,No,No,One year,Yes,Mailed check,89.97,5055.58,Yes
CUST-00032,Male,0,Yes,No,4,Yes,No,Fiber optic,Yes,No,No,Yes,Yes,No,Month-to-month,No,Bank transfer (automatic),96.38,441.56,Yes
CUST-00033,Male,0,Yes,Yes,24,Yes,No,DSL,No,No,No,Yes,No,No,Month-to-month,Yes,Electronic check,66.19,1615.09,No
CUST-00034,Female,0,No,Yes,43,Yes,No,DSL,Yes,Yes,No,No,No,No,Two year,No,Electronic check,68.38,2941.31,No
CUST-00035,Female,0,Yes,Yes,40,Yes,No,Fiber optic,No,Yes,Yes,No,No,No,One year,Yes,Mailed check,82.15,3272.56,No
CUST-00036,Male,0,Yes,No,6,Yes,No,Fiber optic,No,Yes,Yes,No,Yes,No,Month-to-month,Yes,Electronic check,88.69,525.57,No
CUST-00037,Female,0,No,No,36,No,No phone service,DSL,No,Yes,No,No,Yes,Yes,Month-to-month,No,Credit card (automatic),66.79,2391.19,No
CUST-00038,Female,0,No,Yes,2,Yes,No,Fiber optic,No,Yes,No,Yes,No,Yes,Month-to-month,No,Mailed check,81.55,166.47,No
CUST-00039,Male,0,No,No,3,No,No phone service,No,No internet service,No internet service,No internet service,No internet service,No internet service,No internet service,Month-to-month,Yes,Bank transfer (automatic),23.82,18.9,No
CUST-00040,Female,0,No,No,61,No,No phone service,Fiber optic,Yes,No,No,No,No,Yes,One year,Yes,Credit card (automatic),97.77,5964.86,No
CUST-00041,Male,1,No,No,6,Yes,No,DSL,No,No,Yes,Yes,Yes,Yes,Month-to-month,Yes,Electronic check,61.03,415.97,Yes
CUST-00042,Female,0,Yes,Yes,1,Yes,No,Fiber optic,No,No,No,No,No,No,Month-to-month,Yes,Credit card (automatic),85.07,86.27,Yes
CUST-00043,Female,1,Yes,No,17,Yes,No,Fiber optic,No,No,No,Yes,Yes,Yes,Month-to-month,Yes,Electronic check,92.88,1576.79,Yes
CUST-00044,Male,0,No,No,31,Yes,Yes,No,No internet service,No internet service,No internet service,No internet service,No internet service,No internet service,Month-to-month,No,Credit card (automatic),30.8,886.17,No
CUST-00045,Male,0,Yes,No,41,Yes,Yes,Fiber optic,No,No,Yes,No,Yes,No,One year,No,Bank transfer (automatic),79.59,3206.92,Yes
CUST-00046,Female,0,No,Yes,51,No,No phone service,DSL,Yes,No,No,No,No,Yes,One year,Yes,Electronic check,63.02,3162.08,No
CUST-00047,Male,0,No,Yes,1,Yes,No,DSL,No,No,No,No,No,No,Month-to-month,Yes,Electronic check,44.88,30.7,No
CUST-00048,Female,1,Yes,No,16,Yes,No,DSL,No,No,Yes,Yes,Yes,Yes,Month-to-month,No,Bank transfer (automatic),66.05,1040.67,No
CUST-00049,Female,0,No,No,3,Yes,Yes,Fiber optic,Yes,No,No,No,No,Yes,One year,Yes,Electronic check,86.29,238.44,Yes
CUST-00050,Female,1,No,Yes,57,Yes,Yes,DSL,No,No,Yes,No,Yes,Yes,Two year,No,Credit card (automatic),66.95,3817.92,No
CUST-00051,Female,1,No,No,34,Yes,Yes,Fiber optic,Yes,No,Yes,No,No,Yes,Month-to-month,Yes,Bank transfer (automatic),99.83,3440.27,No
CUST-00052,Male,0,Yes,Yes,8,Yes,No,Fiber optic,No,No,No,No,Yes,No,Month-to-month,No,Credit card (automatic),79.32,659.76,No
CUST-00053,Male,0,No,No,54,Yes,Yes,Fiber optic,No,Yes,No,No,No,No,Two year,No,Electronic check,90.05,4928.49,No
CUST-00054,Male,0,Yes,No,19,Yes,Yes,DSL,Yes,No,No,No,No,No,Month-to-month,No,Bank transfer (automatic),66.05,1190.21,No
CUST-00055,Male,0,No,Yes,50,Yes,No,DSL,Yes,No,No,Yes,No,Yes,Two year,Yes,Electronic check,58.13,2915.31,No
CUST-00056,Male,0,No,Yes,64,Yes,Yes,Fiber optic,No,No,Yes,No,Yes,No,Two year,Yes,Mailed check,77.09,4922.37,No
CUST-00057,Female,0,Yes,No,32,Yes,No,Fiber optic,Yes,Yes,No,No,No,Yes,Month-to-month,Yes,Mailed check,87.56,2826.91,No
CUST-00058,Male,1,Yes,No,7,Yes,No,Fiber optic,Yes,No,No,Yes,Yes,No,Month-to-month,No,Credit card (automatic),99.5,667.62,No
CUST-00059,Female,0,No,Yes,45,Yes,Yes,Fiber optic,No,Yes,No,Yes,No,Yes,Two year,Yes,Credit card (automatic),97.08,4373.46,No
CUST-00060,Female,0,No,No,3,Yes,No,No,No internet service,No internet service,No internet service,No internet service,No internet service,No internet service,Month-to-month,No,Mailed check,23.72,52.05,No
CUST-00061,Female,0,Yes,Yes,3,Yes,No,Fiber optic,No,No,No,Yes,No,No,Month-to-month,Yes,Electronic check,85.46,273.15,Yes
CUST-00062,Female,0,No,No,12,Yes,Yes,DSL,No,No,No,Yes,No,No,Month-to-month,No,Bank transfer (automatic),61.94,792.78,No
CUST-00063,Male,1,No,No,1,Yes,Yes,DSL,No,No,Yes,Yes,No,No,One year,Yes,Bank transfer (automatic),69.06,0.0,Yes
CUST-00064,Female,0,Yes,No,51,Yes,Yes,No,No internet service,No internet service,No internet service,No internet service,No internet service,No internet service,Two year,Yes,Credit card (automatic),32.47,1639.7,No
CUST-00065,Male,1,No,No,26,Yes,Yes,DSL,Yes,No,No,No,Yes,No,One year,No,Electronic check,71.56,1928.99,Yes
CUST-00066,Male,0,Yes,No,52,Yes,Yes,DSL,No,Yes,No,No,Yes,No,Month-to-month,No,Mailed check,64.81,3409.5,No
CUST-00067,Female,1,Yes,Yes,44,Yes,No,No,No internet service,No internet service,No internet service,No internet service,No internet service,No internet service,One year,No,Mailed check,30.8,1377.79,No
CUST-00068,Male,0,No,No,44,No,No phone service,DSL,Yes,Yes,Yes,No,No,Yes,One year,No,Electronic check,66.62,2896.73,No
CUST-00069,Male,0,Yes,Yes,3,Yes,No,Fiber optic,Yes,No,No,No,Yes,No,Month-to-month,Yes,Mailed check,88.41,235.35,Yes
CUST-00070,Male,0,No,No,21,Yes,No,DSL,No,Yes,Yes,Yes,No,Yes,One year,Yes,Credit card (automatic),69.13,1457.03,No
CUST-00071,Female,0,No,No,21,Yes,No,Fiber optic,Yes,No,Yes,No,No,No,One year,No,Bank transfer (automatic),78.51,1643.64,No
CUST-00072,Male,0,No,Yes,0,Yes,No,DSL,No,Yes,No,No,No,Yes,Month-to-month,No,Credit card (automatic),56.49,0.0,No
CUST-00073,Male,0,Yes,No,46,Yes,No,No,No internet service,No internet service,No internet service,No internet service,No internet service,No internet service,Two year,No,Mailed check,30.16,1368.06,No
CUST-00074,Male,0,Yes,No,33,Yes,No,DSL,Yes,No,No,No,Yes,Yes,Month-to-month,No,Credit card (automatic),67.8,2333.57,No
CUST-00075,Female,0,No,No,2,No,No phone service,DSL,No,No,No,No,No,No,Month-to-month,No,Mailed check,60.7,137.75,No
CUST-00076,Male,0,No,No,18,Yes,Yes,Fiber optic,No,No,No,Yes,Yes,No,Month-to-month,No,Bank transfer (automatic),72.88,1249.89,Yes
CUST-00077,Male,0,No,No,39,Yes,Yes,Fiber optic,No,Yes,No,No,No,No,Month-to-month,Yes,Bank transfer (automatic),91.82,3648.28,No
CUST-00078,Male,0,Yes,Yes,0,Yes,Yes,Fiber optic,No,Yes,Yes,No,No,No,Month-to-month,Yes,Electronic check,87.91,0.0,Yes
CUST-00079,Female,0,Yes,No,16,Yes,Yes,Fiber optic,No,Yes,No,No,Yes,Yes,Month-to-month,Yes,Credit card (automatic),80.48,1361.18,Yes
CUST-00080,Female,0,Yes,No,41,Yes,No,Fiber optic,Yes,No,Yes,No,Yes,Yes,One year,No,Credit card (automatic),87.99,3645.42,No
CUST-00081,Female,0,No,Yes,29,Yes,Yes,No,No internet service,No internet service,No internet service,No internet service,No internet service,No internet service,One year,No,Mailed check,18.37,415.55,No
CUST-00082,Male,0,Yes,No,10,Yes,No,Fiber optic,Yes,No,No,Yes,Yes,No,Month-to-month,No,Mailed check,91.59,832.42,No
CUST-00083,Male,0,No,No,28,No,No phone service,Fiber optic,No,No,No,Yes,Yes,Yes,One year,Yes,Mailed check,87.23,2441.36,No
CUST-00084,Female,0,Yes,No,45,Yes,Yes,DSL,No,Yes,Yes,Yes,No,No,One year,No,Credit card (automatic),59.57,2698.87,No
CUST-00085,Female,1,Yes,Yes,4,Yes,Yes,Fiber optic,No,No,No,No,No,Yes,Month-to-month,Yes,Electronic check,101.12,428.86,Yes
CUST-00086,Female,0,No,No,67,Yes,No,No,No internet service,No internet service,No internet service,No internet service,No internet service,No internet service,Two year,Yes,Electronic check,31.46,2148.12,No
CUST-00087,Male,0,No,No,32,Yes,Yes,DSL,No,No,No,No,No,No,Month-to-month,Yes,Electronic check,61.15,1949.59,No
CUST-00088,Male,0,No,Yes,6,Yes,Yes,DSL,Yes,No,No,No,No,Yes,Month-to-month,Yes,Credit card (automatic),58.66,292.71,No
CUST-00089,Female,0,Yes,No,9,Yes,Yes,DSL,No,No,No,Yes,No,No,Month-to-month,Yes,Mailed check,57.8,504.65,No
CUST-00090,Female,0,No,Yes,4,Yes,Yes,Fiber optic,No,No,No,No,No,No,Month-to-month,Yes,Bank transfer (automatic),81.61,249.17,No
CUST-00091,Male,0,Yes,No,24,Yes,No,Fiber optic,No,No,No,No,No,No,Month-to-month,Yes,Credit card (automatic),87.82,2093.51,Yes
CUST-00092,Female,0,No,No,2,Yes,Yes,Fiber optic,No,No,Yes,No,No,Yes,Month-to-month,No,Mailed check,92.75,233.77,Yes
CUST-00093,Female,0,No,Yes,29,Yes,Yes,No,No internet service,No internet service,No internet service,No internet service,No internet service,No internet service,One year,Yes,Electronic check,28.8,895.59,No
CUST-00094,Male,0,Yes,No,51,Yes,No,Fiber optic,No,No,No,Yes,Yes,No,Two year,No,Bank transfer (automatic),81.91,4157.96,No
CUST-00095,Female,0,No,No,33,Yes,No,No,No internet service,No internet service,No internet service,No internet service,No internet service,No internet service,One year,No,Mailed check,36.28,1213.37,No
CUST-00096,Male,1,Yes,No,54,Yes,Yes,Fiber optic,No,Yes,No,Yes,Yes,No,One year,Yes,Bank transfer (automatic),93.31,4983.03,Yes
CUST-00097,Male,1,Yes,Yes,42,No,No phone service,DSL,No,No,No,No,No,Yes,One year,Yes,Bank transfer (automatic),49.7,2124.82,No
CUST-00098,Female,1,Yes,No,7,Yes,Yes,Fiber optic,No,No,No,No,No,No,One year,Yes,Electronic check,99.94,668.55,Yes
CUST-00099,Female,1,Yes,Yes,2,Yes,No,Fiber optic,No,No,No,No,Yes,No,Month-to-month,Yes,Electronic check,89.79,162.95,No
CUST-00100,Male,0,No,No,16,Yes,Yes,Fiber optic,Yes,No,Yes,No,No,Yes,Month-to-month,Yes,Credit card (automatic),90.14,1468.5,Yes
CUST-00101,Female,0,No,No,11,No,No phone service,Fiber optic,No,No,No,Yes,Yes,No,Month-to-month,Yes,Bank transfer (automatic),75.95,818.0,No
CUST-00102,Male,0,No,Yes,2,Yes,Yes,Fiber optic,No,No,No,Yes,Yes,No,Month-to-month,No,Bank transfer (automatic),91.95,202.62,No
CUST-00103,Female,0,No,Yes,27,No,No phone service,DSL,No,No,No,Yes,Yes,No,One year,No,Bank transfer (automatic),51.73,1382.18,No
CUST-00104,Male,0,No,Yes,2,No,No phone service,Fiber optic,No,No,No,Yes,Yes,No,Month-to-month,Yes,Mailed check,97.87,212.37,No
CUST-00105,Female,1,Yes,Yes,14,No,No phone service,Fiber optic,No,No,Yes,No,No,No,Month-to-month,No,Bank transfer (automatic),74.13,1037.36,No
CUST-00106,Female,0,Yes,No,48,Yes,No,No,No internet service,No internet service,No internet service,No internet service,No internet service,No internet service,Month-to-month,No,Electronic check,33.1,1634.08,No
CUST-00107,Female,0,Yes,No,19,Yes,No,Fiber optic,No,No,Yes,No,No,No,One year,Yes,Bank transfer (automatic),93.69,1749.33,Yes
CUST-00108,Female,0,No,Yes,5,No,No phone service,DSL,No,Yes,Yes,Yes,No,No,Month-to-month,No,Credit card (automatic),64.03,350.13,No
CUST-00109,Male,0,No,No,2,Yes,Yes,Fiber optic,No,Yes,No,No,Yes,Yes,Month-to-month,No,Credit card (automatic),90.32,179.31,No
CUST-00110,Female,0,No,No,16,Yes,No,Fiber optic,Yes,No,Yes,No,No,No,Month-to-month,Yes,Credit card (automatic),88.91,1439.36,No
CUST-00111,Male,0,Yes,Yes,16,Yes,No,Fiber optic,Yes,Yes,Yes,Yes,No,Yes,Month-to-month,No,Mailed check,83.98,1314.98,No
CUST-00112,Female,0,Yes,No,36,Yes,Yes,Fiber optic,No,No,No,No,Yes,No,One year,No,Credit card (automatic),81.24,2986.68,No
CUST-00113,Female,0,No,Yes,14,Yes,Yes,Fiber optic,No,No,No,Yes,Yes,Yes,Month-to-month,Yes,Bank transfer (automatic),91.28,1298.14,No
CUST-00114,Male,1,Yes,No,0,No,No phone service,Fiber optic,No,Yes,Yes,Yes,No,No,Month-to-month,Yes,Credit card (automatic),97.75,0.0,Yes
CUST-00115,Female,0,No,No,37,Yes,No,Fiber optic,No,Yes,Yes,No,No,No,Two year,No,Electronic check,92.32,3452.01,No
CUST-00116,Female,0,Yes,No,0,Yes,No,Fiber optic,Yes,No,No,No,Yes,No,Month-to-month,Yes,Electronic check,80.99,0.0,Yes
CUST-00117,Male,0,Yes,No,12,Yes,Yes,Fiber optic,Yes,No,No,No,No,No,One year,No,Bank transfer (automatic),89.2,1031.73,No
CUST-00118,Male,0,No,Yes,40,Yes,No,DSL,Yes,No,No,No,No,No,One year,No,Mailed check,61.8,2433.53,No
CUST-00119,Male,0,No,No,36,Yes,No,DSL,No,No,Yes,Yes,Yes,No,Month-to-month,Yes,Electronic check,50.26,1866.96,No
CUST-00120,Male,1,No,Yes,1,Yes,No,DSL,Yes,No,No,No,No,No,Month-to-month,Yes,Electronic check,51.3,25.07,No
CUST-00121,Male,0,No,Yes,4,Yes,Yes,No,No internet service,No internet service,No internet service,No internet service,No internet service,No internet service,Month-to-month,Yes,Electronic check,33.65,173.03,No
CUST-00122,Female,0,Yes,Yes,3,No,No phone service,No,No internet service,No internet service,No internet service,No internet service,No internet service,No internet service,Month-to-month,No,Electronic check,28.06,93.76,Yes
CUST-00123,Female,0,No,No,5,No,No phone service,No,No internet service,No internet service,No internet service,No internet service,No internet service,No internet service,Month-to-month,Yes,Credit card (automatic),34.86,155.98,No
CUST-00124,Male,0,No,No,40,Yes,No,DSL,No,No,No,Yes,Yes,Yes,One year,Yes,Mailed check,74.29,2973.62,Yes
CUST-00125,Female,0,No,No,4,Yes,No,No,No internet service,No internet service,No internet service,No internet service,No internet service,No internet service,Month-to-month,Yes,Credit card (automatic),35.72,187.53,Yes
CUST-00126,Female,0,No,No,10,Yes,Yes,No,No internet service,No internet service,No internet service,No internet service,No internet service,No internet service,Month-to-month,Yes,Electronic check,25.06,268.09,Yes
CUST-00127,Male,1,Yes,No,8,Yes,No,DSL,No,No,No,No,Yes,No,One year,No,Mailed check,58.04,425.6,No
CUST-00128,Female,0,Yes,No,2,Yes,Yes,Fiber optic,No,Yes,Yes,No,No,Yes,Month-to-month,Yes,Mailed check,88.97,163.23,No
CUST-00129,Female,0,No,No,15,Yes,No,No,No internet service,No internet service,No internet service,No internet service,No internet service,No internet service,One year,No,Credit card (automatic),31.56,512.59,No
CUST-00130,Female,0,No,No,19,Yes,No,Fiber optic,No,Yes,Yes,Yes,No,No,Month-to-month,Yes,Electronic check,96.86,1911.33,Yes
CUST-00131,Female,0,Yes,No,48,Yes,No,No,No internet service,No internet service,No internet service,No internet service,No internet service,No internet service,One year,Yes,Mailed check,18.0,893.45,No
CUST-00132,Female,1,Yes,No,40,Yes,Yes,Fiber optic,No,No,No,No,No,No,Two year,No,Electronic check,85.86,3530.69,No
CUST-00133,Male,0,No,Yes,3,No,No phone service,DSL,Yes,Yes,No,Yes,Yes,No,Month-to-month,No,Credit card (automatic),70.67,203.26,No
CUST-00134,Female,0,No,No,67,Yes,No,DSL,Yes,Yes,No,No,No,Yes,Two year,No,Mailed check,70.27,4737.26,No
CUST-00135,Female,0,No,No,7,Yes,No,DSL,Yes,Yes,Yes,Yes,No,No,Month-to-month,No,Electronic check,72.73,521.82,No
CUST-00136,Male,0,Yes,No,4,Yes,No,Fiber optic,No,Yes,Yes,Yes,No,No,Month-to-month,No,Electronic check,79.32,393.49,No
CUST-00137,Female,0,No,Yes,72,Yes,No,DSL,No,Yes,No,No,Yes,No,Month-to-month,No,Electronic check,49.65,3577.05,No
CUST-00138,Male,0,No,Yes,22,Yes,Yes,Fiber optic,No,No,No,No,Yes,No,Month-to-month,Yes,Electronic check,87.52,1971.43,No
CUST-00139,Male,0,No,No,52,Yes,No,No,No internet service,No internet service,No internet service,No internet service,No internet service,No internet service,Two year,Yes,Electronic check,38.57,2002.66,No
CUST-00140,Male,0,Yes,No,21,No,No phone service,DSL,No,No,No,No,No,Yes,Month-to-month,No,Credit card (automatic),59.22,1216.15,No
CUST-00141,Female,0,No,No,54,Yes,Yes,Fiber optic,No,Yes,Yes,No,No,No,Month-to-month,No,Bank transfer (automatic),86.97,4767.01,No
CUST-00142,Male,0,No,No,55,Yes,Yes,No,No internet service,No internet service,No internet service,No internet service,No internet service,No internet service,Two year,Yes,Electronic check,20.93,1146.29,No
CUST-00143,Male,0,No,No,8,Yes,No,No,No internet service,No internet service,No internet service,No internet service,No internet service,No internet service,Month-to-month,No,Electronic check,23.86,198.63,Yes
CUST-00144,Male,0,No,No,1,No,No phone service,No,No internet service,No internet service,No internet service,No internet service,No internet service,No internet service,One year,No,Electronic check,22.55,0.0,No
CUST-00145,Female,0,No,Yes,15,Yes,No,Fiber optic,No,No,No,No,No,No,Month-to-month,Yes,Credit card (automatic),80.54,1246.59,Yes
CUST-00146,Female,0,Yes,Yes,64,Yes,No,DSL,Yes,No,No,Yes,No,No,Two year,Yes,Electronic check,56.29,3552.06,No
CUST-00147,Male,0,No,No,15,Yes,No,Fiber optic,Yes,No,No,No,Yes,Yes,Month-to-month,No,Bank transfer (automatic),93.16,1348.4,Yes
CUST-00148,Male,0,No,No,29,Yes,No,No,No internet service,No internet service,No internet service,No internet service,No internet service,No internet service,One year,No,Credit card (automatic),35.75,1084.3,No
CUST-00149,Female,0,Yes,No,11,Yes,Yes,Fiber optic,No,Yes,Yes,Yes,No,No,One year,Yes,Bank transfer (automatic),87.87,969.41,Yes
CUST-00150,Male,1,Yes,No,61,Yes,No,DSL,Yes,Yes,No,No,No,No,Two year,Yes,Mailed check,59.95,3642.65,No
CUST-00151,Female,0,No,Yes,27,Yes,Yes,Fiber optic,No,No,No,No,No,Yes,Two year,No,Electronic check,81.07,2143.81,No
CUST-00152,Male,0,Yes,No,25,Yes,No,Fiber optic,Yes,No,Yes,Yes,Yes,Yes,One year,Yes,Bank transfer (automatic),105.18,2651.61,No
CUST-00153,Female,0,No,Yes,12,Yes,Yes,No,No internet service,No internet service,No internet service,No internet service,No internet service,No internet service,Month-to-month,No,Mailed check,21.41,292.69,No
CUST-00154,Male,0,Yes,No,0,No,No phone service,DSL,No,No,No,No,No,No,Month-to-month,Yes,Electronic check,56.02,0.0,No
CUST-00155,Male,0,Yes,Yes,46,Yes,No,DSL,No,No,No,No,Yes,No,Two year,No,Credit card (automatic),50.82,2267.88,No
CUST-00156,Female,0,Yes,No,20,No,No phone service,Fiber optic,Yes,Yes,No,Yes,Yes,Yes,One year,Yes,Bank transfer (automatic),83.11,1708.44,No
CUST-00157,Male,0,No,No,49,Yes,No,No,No internet service,No internet service,No internet service,No internet service,No internet service,No internet service,Two year,Yes,Electronic check,25.51,1264.05,No
CUST-00158,Female,0,No,No,11,Yes,Yes,No,No internet service,No internet service,No internet service,No internet service,No internet service,No internet service,One year,Yes,Mailed check,28.51,295.13,No
CUST-00159,Female,1,Yes,Yes,0,Yes,Yes,DSL,No,Yes,No,No,Yes,Yes,Month-to-month,Yes,Bank transfer (automatic),60.06,0.0,Yes
CUST-00160,Female,0,Yes,Yes,19,No,No phone service,Fiber optic,No,No,No,Yes,No,No,Month-to-month,No,Credit card (automatic),78.56,1449.67,Yes
CUST-00161,Female,0,Yes,No,2,Yes,No,Fiber optic,Yes,No,No,No,No,Yes,Month-to-month,Yes,Bank transfer (automatic),79.73,184.46,Yes
CUST-00162,Female,1,No,Yes,44,Yes,No,DSL,Yes,No,No,No,Yes,No,One year,No,Electronic check,61.4,2693.09,No
CUST-00163,Male,1,No,Yes,7,Yes,Yes,Fiber optic,No,No,Yes,No,Yes,Yes,Month-to-month,Yes,Bank transfer (automatic),91.4,673.74,No
CUST-00164,Male,0,No,No,4,Yes,Yes,Fiber optic,No,No,Yes,No,Yes,Yes,Month-to-month,Yes,Mailed check,98.18,410.91,Yes
CUST-00165,Male,0,Yes,Yes,22,Yes,No,No,No internet service,No internet service,No internet service,No internet service,No internet service,No internet service,One year,Yes,Mailed check,33.3,744.68,No
CUST-00166,Female,0,No,Yes,3,Yes,No,Fiber optic,No,No,No,Yes,Yes,Yes,Month-to-month,No,Bank transfer (automatic),89.17,290.94,Yes
CUST-00167,Male,0,Yes,No,23,Yes,No,No,No internet service,No internet service,No internet service,No internet service,No internet service,No internet service,Month-to-month,Yes,Credit card (automatic),20.26,500.14,No
CUST-00168,Male,0,Yes,No,19,Yes,Yes,DSL,No,No,Yes,Yes,Yes,No,Month-to-month,Yes,Electronic check,55.31,1002.68,No
CUST-00169,Male,0,Yes,No,23,Yes,No,Fiber optic,No,No,No,No,Yes,Yes,Month-to-month,Yes,Mailed check,90.02,2111.26,Yes
CUST-00170,Male,0,Yes,No,20,No,No phone service,Fiber optic,No,Yes,No,No,No,Yes,Month-to-month,No,Mailed check,100.61,1941.56,Yes
CUST-00171,Male,0,Yes,No,23,Yes,No,DSL,No,No,No,No,Yes,No,One year,No,Mailed check,56.14,1285.95,No
CUST-00172,Male,0,No,No,45,No,No phone service,Fiber optic,No,No,No,No,Yes,No,Two year,No,Credit card (automatic),74.1,3390.63,No
CUST-00173,Female,0,Yes,No,45,Yes,Yes,Fiber optic,No,Yes,Yes,Yes,Yes,No,One year,No,Bank transfer (automatic),96.07,4332.12,No
CUST-00174,Female,0,No,Yes,55,Yes,No,Fiber optic,No,No,No,Yes,No,Yes,Two year,Yes,Electronic check,94.0,5160.25,No
CUST-00175,Female,0,No,No,1,Yes,Yes,No,No internet service,No internet service,No internet service,No internet service,No internet service,No internet service,Month-to-month,Yes,Mailed check,29.98,11.37,No
CUST-00176,Male,1,No,No,11,Yes,No,DSL,No,Yes,No,Yes,No,No,Month-to-month,Yes,Mailed check,62.63,644.7,Yes
CUST-00177,Female,0,No,No,1,Yes,Yes,DSL,Yes,No,No,No,No,Yes,Month-to-month,Yes,Bank transfer (automatic),55.41,126.87,Yes
CUST-00178,Male,0,No,No,10,Yes,Yes,DSL,No,Yes,No,No,No,No,One year,No,Mailed check,52.02,460.74,No
CUST-00179,Female,0,Yes,No,17,Yes,Yes,Fiber optic,No,Yes,No,No,No,Yes,Month-to-month,Yes,Credit card (automatic),89.66,1477.27,Yes
CUST-00180,Female,0,Yes,No,36,Yes,Yes,DSL,No,Yes,No,Yes,Yes,No,Two year,Yes,Credit card (automatic),57.08,1987.19,No
CUST-00181,Female,0,No,No,38,Yes,No,DSL,Yes,No,Yes,Yes,No,Yes,One year,Yes,Credit card (automatic),67.02,2610.82,No
CUST-00182,Male,0,No,No,62,Yes,No,DSL,No,No,No,No,No,Yes,Two year,Yes,Bank transfer (automatic),52.65,3254.28,No
CUST-00183,Male,0,No,No,7,Yes,No,Fiber optic,No,No,No,Yes,No,No,Month-to-month,No,Mailed check,90.13,657.83,Yes
CUST-00184,Female,0,No,No,39,Yes,Yes,Fiber optic,No,Yes,No,Yes,No,Yes,One year,No,Credit card (automatic),87.06,3420.3,Yes
CUST-00185,Male,0,No,No,3,Yes,No,Fiber optic,No,Yes,No,No,No,No,Month-to-month,Yes,Electronic check,83.84,274.04,Yes
CUST-00186,Male,0,No,No,19,Yes,No,Fiber optic,Yes,Yes,Yes,Yes,No,Yes,Month-to-month,Yes,Electronic check,97.21,1852.91,Yes
CUST-00187,Male,0,No,Yes,36,Yes,No,Fiber optic,No,Yes,No,Yes,Yes,No,One year,No,Electronic check,96.63,3486.89,Yes
CUST-00188,Male,1,No,Yes,36,Yes,No,DSL,No,No,Yes,Yes,No,No,Month-to-month,No,Credit card (automatic),67.61,2485.51,Yes
CUST-00189,Male,0,No,No,47,Yes,No,Fiber optic,No,No,Yes,Yes,Yes,No,Two year,No,Bank transfer (automatic),90.07,4234.73,No
CUST-00190,Male,0,No,Yes,41,Yes,No,DSL,No,No,Yes,No,No,No,One year,No,Electronic check,57.82,2344.87,No
CUST-00191,Female,0,No,Yes,11,Yes,Yes,DSL,No,Yes,No,No,Yes,No,One year,Yes,Credit card (automatic),53.33,637.37,No
CUST-00192,Female,0,No,Yes,45,Yes,Yes,Fiber optic,No,Yes,No,No,No,No,Month-to-month,No,Credit card (automatic),82.99,3754.69,No
CUST-00193,Female,0,Yes,No,2,Yes,Yes,DSL,Yes,No,Yes,Yes,No,Yes,Month-to-month,No,Mailed check,73.65,59.94,Yes
CUST-00194,Male,0,Yes,No,19,Yes,No,Fiber optic,Yes,No,No,No,No,Yes,Month-to-month,Yes,Mailed check,87.77,1649.51,Yes
CUST-00195,Female,0,No,No,23,Yes,No,Fiber optic,Yes,Yes,No,Yes,Yes,No,One year,Yes,Electronic check,87.51,2004.75,No
CUST-00196,Male,0,Yes,No,5,No,No phone service,No,No internet service,No internet service,No internet service,No internet service,No internet service,No internet service,Month-to-month,No,Credit card (automatic),32.59,221.46,Yes
CUST-00197,Male,0,Yes,No,49,Yes,Yes,Fiber optic,No,No,No,No,No,No,Two year,Yes,Mailed check,83.1,4074.51,No
CUST-00198,Male,0,No,No,63,Yes,Yes,Fiber optic,Yes,No,No,No,No,Yes,Two year,Yes,Bank transfer (automatic),75.58,4732.82,Yes
CUST-00199,Male,0,No,No,10,Yes,No,Fiber optic,No,No,No,Yes,No,Yes,Month-to-month,Yes,Bank transfer (automatic),81.86,775.96,No
CUST-00200,Female,0,No,No,40,Yes,Yes,Fiber optic,No,Yes,Yes,No,No,No,One year,Yes,Credit card (automatic),79.81,3193.79,No
CUST-00201,Male,1,No,No,20,Yes,Yes,DSL,Yes,No,Yes,Yes,No,No,Month-to-month,Yes,Credit card (automatic),59.29,1225.39,Yes
CUST-00202,Female,0,Yes,No,7,Yes,No,Fiber optic,No,No,No,No,No,No,Month-to-month,No,Bank transfer (automatic),78.1,617.34,Yes
CUST-00203,Male,0,Yes,Yes,33,No,No phone service,Fiber optic,No,No,Yes,No,No,Yes,Month-to-month,No,Electronic check,90.78,2941.79,Yes
CUST-00204,Female,0,No,Yes,67,Yes,No,DSL,Yes,Yes,No,No,Yes,No,Two year,Yes,Bank transfer (automatic),56.72,3808.58,No
CUST-00205,Male,0,Yes,No,39,Yes,Yes,DSL,No,Yes,No,No,Yes,Yes,Two year,No,Mailed check,54.48,2108.5,No
CUST-00206,Male,0,No,No,8,Yes,No,No,No internet service,No internet service,No internet service,No internet service,No internet service,No internet service,Month-to-month,Yes,Electronic check,32.43,255.29,Yes
CUST-00207,Female,0,No,No,12,No,No phone service,Fiber optic,Yes,Yes,No,No,No,Yes,Month-to-month,No,Electronic check,88.75,1035.39,No
CUST-00208,Female,0,No,Yes,5,Yes,Yes,Fiber optic,No,No,Yes,Yes,Yes,Yes,Month-to-month,Yes,Bank transfer (automatic),97.11,427.39,Yes
CUST-00209,Male,0,No,No,40,Yes,Yes,Fiber optic,No,No,No,No,Yes,Yes,Month-to-month,Yes,Electronic check,87.78,3526.45,Yes
CUST-00210,Female,0,No,No,1,No,No phone service,DSL,No,Yes,No,No,No,Yes,Month-to-month,No,Bank transfer (automatic),82.32,67.39,Yes
CUST-00211,Male,1,No,No,64,Yes,No,DSL,Yes,Yes,Yes,No,No,No,Two year,No,Electronic check,64.56,4163.8,No
CUST-00212,Female,0,Yes,No,51,Yes,Yes,Fiber optic,No,No,No,No,No,Yes,Two year,No,Bank transfer (automatic),79.46,4057.17,No
CUST-00213,Female,1,No,No,16,Yes,No,Fiber optic,No,No,No,No,Yes,No,Month-to-month,Yes,Mailed check,88.98,1489.44,Yes
CUST-00214,Male,0,Yes,No,68,Yes,No,Fiber optic,Yes,No,No,No,No,Yes,Two year,Yes,Credit card (automatic),85.05,5834.79,No
CUST-00215,Female,1,No,No,22,Yes,No,Fiber optic,Yes,No,No,No,No,No,One year,Yes,Credit card (automatic),89.5,2050.57,No
CUST-00216,Male,0,Yes,No,50,Yes,No,Fiber optic,No,No,No,No,Yes,Yes,One year,No,Electronic check,85.1,4219.8,No
CUST-00217,Male,0,No,No,41,Yes,Yes,Fiber optic,No,Yes,Yes,No,Yes,No,Two year,Yes,Electronic check,96.73,4017.82,No
CUST-00218,Male,0,No,No,12,No,No phone service,Fiber optic,Yes,Yes,No,No,No,Yes,Month-to-month,Yes,Bank transfer (automatic),97.04,1169.95,Yes
CUST-00219,Male,1,Yes,Yes,72,Yes,Yes,Fiber optic,Yes,No,No,Yes,No,Yes,Month-to-month,Yes,Credit card (automatic),88.91,6425.27,No
CUST-00220,Female,0,No,No,5,Yes,No,DSL,No,Yes,No,No,No,No,Month-to-month,Yes,Electronic check,61.77,310.06,Yes
CUST-00221,Male,0,Yes,No,23,No,No phone service,DSL,No,Yes,No,No,Yes,No,One year,Yes,Mailed check,65.34,1510.35,No
CUST-00222,Male,0,Yes,Yes,9,Yes,No,Fiber optic,No,No,Yes,Yes,No,No,Month-to-month,No,Mailed check,93.27,825.2,No
CUST-00223,Female,1,Yes,No,28,No,No phone service,Fiber optic,No,No,Yes,No,No,Yes,Month-to-month,No,Credit card (automatic),81.71,2339.97,Yes
CUST-00224,Male,0,Yes,No,0,Yes,No,Fiber optic,Yes,No,No,No,Yes,No,Month-to-month,Yes,Mailed check,89.52,0.0,Yes
CUST-00225,Female,0,No,Yes,3,Yes,Yes,Fiber optic,Yes,No,Yes,Yes,No,No,Month-to-month,Yes,Bank transfer (automatic),83.25,251.68,No
CUST-00226,Male,0,No,No,6,Yes,Yes,Fiber optic,No,No,No,Yes,No,No,Month-to-month,Yes,Mailed check,81.44,517.4,Yes
CUST-00227,Female,1,No,Yes,44,Yes,No,Fiber optic,No,Yes,Yes,No,No,No,Month-to-month,No,Mailed check,90.57,3972.4,No
CUST-00228,Female,0,No,No,54,Yes,Yes,DSL,Yes,No,No,Yes,Yes,Yes,Two year,Yes,Bank transfer (automatic),61.29,3350.41,No
CUST-00229,Female,0,No,No,35,Yes,No,DSL,No,Yes,Yes,No,Yes,Yes,One year,Yes,Bank transfer (automatic),65.07,2264.74,No
CUST-00230,Male,0,No,No,0,Yes,No,Fiber optic,No,No,Yes,No,No,Yes,Month-to-month,Yes,Electronic check,92.12,0.0,Yes
CUST-00231,Male,1,No,No,43,Yes,No,Fiber optic,No,No,No,No,No,No,Two year,Yes,Electronic check,86.83,3784.6,No
CUST-00232,Female,1,Yes,Yes,57,Yes,Yes,DSL,Yes,No,Yes,No,No,No,Two year,Yes,Credit card (automatic),60.19,3412.78,No
CUST-00233,Male,0,No,No,2,Yes,Yes,DSL,No,Yes,No,Yes,No,No,Month-to-month,Yes,Bank transfer (automatic),61.08,164.95,Yes
CUST-00234,Female,0,No,Yes,18,Yes,Yes,No,No internet service,No internet service,No internet service,No internet service,No internet service,No internet service,One year,Yes,Electronic check,29.3,555.74,No
CUST-00235,Male,0,Yes,No,19,Yes,No,No,No internet service,No internet service,No internet service,No internet service,No internet service,No internet service,Month-to-month,Yes,Electronic check,31.44,679.72,No
CUST-00236,Female,1,Yes,No,10,Yes,Yes,No,No internet service,No internet service,No internet service,No internet service,No internet service,No internet service,Month-to-month,No,Credit card (automatic),25.28,232.09,Yes
CUST-00237,Female,0,Yes,Yes,44,Yes,No,DSL,No,No,No,No,Yes,No,One year,No,Credit card (automatic),55.84,2446.21,No
CUST-00238,Male,0,Yes,No,13,Yes,No,Fiber optic,No,No,No,Yes,No,Yes,Month-to-month,Yes,Mailed check,87.1,1144.78,No
CUST-00239,Male,0,No,No,18,Yes,No,Fiber optic,Yes,Yes,No,Yes,No,No,Month-to-month,No,Credit card (automatic),99.0,1771.6,No
CUST-00240,Female,0,Yes,No,12,Yes,No,DSL,No,No,No,Yes,Yes,No,Month-to-month,Yes,Electronic check,55.31,682.85,Yes
CUST-00241,Male,0,No,Yes,18,Yes,No,DSL,Yes,No,No,No,Yes,Yes,Month-to-month,Yes,Credit card (automatic),64.14,1162.48,No
CUST-00242,Female,0,No,No,39,Yes,Yes,DSL,Yes,No,Yes,No,Yes,Yes,Month-to-month,No,Bank transfer (automatic),62.02,2372.3,Yes
CUST-00243,Male,1,Yes,Yes,43,Yes,No,No,No internet service,No internet service,No internet service,No internet service,No internet service,No internet service,Two year,Yes,Mailed check,24.87,1039.91,No
CUST-00244,Female,0,No,No,5,Yes,No,Fiber optic,Yes,Yes,No,Yes,Yes,Yes,Month-to-month,Yes,Electronic check,96.96,554.96,Yes
CUST-00245,Female,0,No,No,4,Yes,No,DSL,Yes,No,Yes,No,No,No,Month-to-month,No,Electronic check,56.54,210.75,No
CUST-00246,Male,0,No,No,31,Yes,Yes,DSL,No,No,No,No,No,No,One year,Yes,Electronic check,60.98,1908.65,Yes
CUST-00247,Female,0,No,No,6,Yes,No,No,No internet service,No internet service,No internet service,No internet service,No internet service,No internet service,Month-to-month,No,Mailed check,23.17,115.36,Yes
CUST-00248,Male,1,No,No,13,No,No phone service,Fiber optic,No,No,No,No,Yes,No,One year,Yes,Electronic check,86.94,1101.33,Yes
CUST-00249,Female,0,Yes,No,1,Yes,No,No,No internet service,No internet service,No internet service,No internet service,No internet service,No internet service,Month-to-month,Yes,Mailed check,29.56,73.9,No
CUST-00250,Male,0,Yes,No,15,Yes,Yes,DSL,No,No,No,Yes,No,No,Month-to-month,No,Credit card (automatic),57.46,873.58,Yes
CUST-00251,Male,0,Yes,No,7,Yes,No,No,No internet service,No internet service,No internet service,No internet service,No internet service,No internet service,Month-to-month,Yes,Bank transfer (automatic),19.56,101.04,Yes
CUST-00252,Male,0,Yes,No,3,Yes,Yes,DSL,Yes,No,No,No,Yes,Yes,Month-to-month,Yes,Credit card (automatic),54.55,173.02,No
CUST-00253,Male,0,No,No,16,Yes,Yes,DSL,No,No,Yes,No,Yes,No,One year,Yes,Bank transfer (automatic),62.93,1024.03,No
CUST-00254,Male,0,Yes,Yes,45,Yes,No,No,No internet service,No internet service,No internet service,No internet service,No internet service,No internet service,One year,Yes,Mailed check,35.51,1667.29,Yes
CUST-00255,Female,0,No,No,7,Yes,No,DSL,No,No,Yes,Yes,Yes,Yes,Month-to-month,Yes,Electronic check,57.5,322.33,No
CUST-00256,Male,0,Yes,No,6,Yes,Yes,Fiber optic,No,Yes,No,No,Yes,Yes,Month-to-month,Yes,Credit card (automatic),75.37,497.03,Yes
CUST-00257,Female,0,No,No,43,Yes,No,DSL,Yes,No,No,Yes,Yes,No,Two year,No,Bank transfer (automatic),64.98,2780.01,No
CUST-00258,Male,0,No,No,17,Yes,No,Fiber optic,No,No,Yes,No,No,Yes,Month-to-month,No,Mailed check,90.43,1616.68,Yes
CUST-00259,Male,1,No,Yes,30,Yes,No,DSL,No,Yes,Yes,Yes,No,No,Month-to-month,Yes,Credit card (automatic),70.46,2180.63,No
CUST-00260,Female,0,No,Yes,29,Yes,Yes,Fiber optic,Yes,Yes,No,Yes,Yes,No,One year,No,Credit card (automatic),94.37,2810.8,No
CUST-00261,Female,1,Yes,No,2,No,No phone service,DSL,No,No,No,Yes,Yes,No,Month-to-month,No,Mailed check,67.14,119.02,Yes
CUST-00262,Male,0,No,No,43,Yes,Yes,No,No internet service,No internet service,No internet service,No internet service,No internet service,No internet service,Two year,No,Mailed check,39.7,1657.58,No
CUST-00263,Male,0,Yes,No,1,Yes,No,No,No internet service,No internet service,No internet service,No internet service,No internet service,No internet service,Month-to-month,No,Credit card (automatic),24.18,25.79,No
CUST-00264,Female,0,No,No,48,Yes,No,No,No internet service,No internet service,No internet service,No internet service,No internet service,No internet service,Two year,No,Electronic check,34.98,1645.11,No
CUST-00265,Female,0,No,Yes,3,No,No phone service,No,No internet service,No internet service,No internet service,No internet service,No internet service,No internet service,Month-to-month,No,Credit card (automatic),39.01,115.77,Yes
CUST-00266,Female,0,Yes,No,9,No,No phone service,Fiber optic,No,Yes,No,No,Yes,Yes,Month-to-month,No,Credit card (automatic),90.13,759.87,No
CUST-00267,Male,0,Yes,No,10,Yes,Yes,DSL,No,Yes,No,Yes,No,No,Month-to-month,No,Electronic check,58.75,572.43,No
CUST-00268,Male,0,Yes,No,49,Yes,No,DSL,Yes,Yes,Yes,No,Yes,No,Two year,Yes,Electronic check,61.49,3070.92,No
CUST-00269,Female,0,No,Yes,3,Yes,No,Fiber optic,No,No,Yes,No,Yes,Yes,Month-to-month,No,Electronic check,81.55,255.45,Yes
CUST-00270,Female,0,No,No,9,Yes,No,Fiber optic,No,No,No,No,No,Yes,Month-to-month,Yes,Credit card (automatic),66.15,553.89,Yes
CUST-00271,Male,1,Yes,No,58,Yes,No,DSL,No,Yes,Yes,Yes,No,Yes,Two year,Yes,Bank transfer (automatic),74.84,4365.05,No
CUST-00272,Male,1,Yes,No,10,Yes,Yes,DSL,No,No,No,No,No,No,Month-to-month,Yes,Electronic check,55.26,527.94,No
CUST-00273,Male,0,Yes,No,18,Yes,No,No,No internet service,No internet service,No internet service,No internet service,No internet service,No internet service,Month-to-month,No,Mailed check,27.03,534.58,Yes
CUST-00274,Female,0,No,Yes,14,Yes,Yes,DSL,No,No,No,No,Yes,Yes,Month-to-month,No,Electronic check,54.06,796.4,No
CUST-00275,Male,0,Yes,No,64,Yes,Yes,Fiber optic,Yes,No,No,No,No,No,Two year,Yes,Credit card (automatic),83.56,5374.93,No
CUST-00276,Male,0,Yes,Yes,10,Yes,Yes,Fiber optic,No,No,Yes,Yes,Yes,Yes,Month-to-month,Yes,Electronic check,98.55,1055.96,Yes
CUST-00277,Male,0,No,No,29,Yes,Yes,Fiber optic,Yes,No,No,No,No,No,Month-to-month,Yes,Electronic check,80.64,2331.41,Yes
CUST-00278,Female,0,Yes,No,57,Yes,Yes,DSL,No,Yes,No,Yes,Yes,Yes,Two year,No,Mailed check,76.33,4430.55,No
CUST-00279,Male,0,No,Yes,15,No,No phone service,Fiber optic,Yes,No,Yes,No,Yes,No,One year,Yes,Electronic check,88.2,1343.45,Yes
CUST-00280,Male,1,No,No,14,Yes,No,DSL,Yes,No,No,Yes,Yes,Yes,Month-to-month,Yes,Credit card (automatic),68.66,993.81,Yes
CUST-00281,Male,0,Yes,Yes,22,Yes,No,DSL,Yes,Yes,No,No,No,No,One year,No,Bank transfer (automatic),66.05,1367.3,No
CUST-00282,Male,0,No,No,4,Yes,Yes,Fiber optic,No,No,Yes,No,No,No,Month-to-month,Yes,Bank transfer (automatic),89.75,353.86,Yes
CUST-00283,Female,1,Yes,Yes,23,Yes,Yes,No,No internet service,No internet service,No internet service,No internet service,No internet service,No internet service,Month-to-month,Yes,Electronic check,36.38,827.14,Yes
CUST-00284,Male,0,Yes,No,10,Yes,Yes,Fiber optic,No,No,Yes,Yes,Yes,Yes,Month-to-month,No,Mailed check,107.38,1029.03,Yes
CUST-00285,Male,0,No,No,41,Yes,No,DSL,No,Yes,No,Yes,Yes,No,One year,Yes,Electronic check,67.72,2739.54,No
CUST-00286,Female,1,No,Yes,45,Yes,Yes,DSL,Yes,No,No,No,No,No,One year,Yes,Credit card (automatic),61.44,2813.8,Yes
CUST-00287,Male,1,No,No,10,Yes,No,Fiber optic,No,Yes,Yes,Yes,No,No,Month-to-month,Yes,Bank transfer (automatic),97.8,1004.58,Yes
CUST-00288,Female,0,Yes,Yes,14,Yes,Yes,DSL,Yes,No,Yes,No,No,Yes,Month-to-month,Yes,Credit card (automatic),57.59,834.72,No
CUST-00289,Female,0,Yes,No,0,Yes,No,DSL,No,Yes,No,No,No,Yes,Month-to-month,No,Electronic check,61.18,0.0,No
CUST-00290,Male,0,Yes,Yes,22,Yes,No,DSL,Yes,Yes,No,Yes,Yes,Yes,One year,No,Mailed check,80.84,1799.69,No
CUST-00291,Female,0,No,No,37,Yes,Yes,DSL,No,Yes,No,No,Yes,No,One year,Yes,Bank transfer (automatic),57.65,2189.61,No
CUST-00292,Male,0,No,Yes,15,Yes,No,Fiber optic,No,No,No,No,No,Yes,One year,No,Mailed check,89.0,1347.94,Yes
CUST-00293,Female,0,No,Yes,53,Yes,No,DSL,Yes,No,No,No,No,No,Two year,No,Mailed check,54.11,2844.17,No
CUST-00294,Male,0,No,Yes,39,Yes,Yes,DSL,No,No,Yes,Yes,Yes,No,Two year,No,Bank transfer (automatic),57.34,2237.54,No
CUST-00295,Female,0,Yes,No,51,Yes,No,DSL,No,Yes,No,No,No,Yes,Two year,No,Credit card (automatic),56.96,2932.99,No
CUST-00296,Female,0,No,No,15,Yes,Yes,Fiber optic,No,No,No,No,Yes,No,One year,No,Electronic check,94.73,1358.79,No
CUST-00297,Female,0,Yes,No,0,No,No phone service,Fiber optic,Yes,Yes,Yes,No,Yes,Yes,Month-to-month,Yes,Mailed check,97.0,0.0,Yes
CUST-00298,Male,0,Yes,No,20,Yes,Yes,DSL,Yes,Yes,No,Yes,No,Yes,One year,Yes,Electronic check,63.47,1289.73,No
CUST-00299,Male,0,No,Yes,27,Yes,No,Fiber optic,No,Yes,No,No,No,No,Month-to-month,Yes,Electronic check,82.96,2211.8,No
CUST-00300,Male,0,No,No,6,Yes,No,DSL,Yes,Yes,No,No,No,No,Month-to-month,No,Electronic check,58.58,298.5,No
CUST-00301,Male,0,Yes,No,36,Yes,No,No,No internet service,No internet service,No internet service,No internet service,No internet service,No internet service,Month-to-month,Yes,Electronic check,28.86,1061.15,No
CUST-00302,Female,0,Yes,No,18,Yes,Yes,Fiber optic,Yes,No,No,Yes,No,No,Month-to-month,Yes,Electronic check,81.82,1477.78,Yes
CUST-00303,Male,0,No,No,41,Yes,Yes,Fiber optic,Yes,Yes,No,No,No,No,One year,Yes,Mailed check,90.08,3741.51,No
CUST-00304,Female,0,Yes,No,18,Yes,No,Fiber optic,Yes,No,No,No,Yes,No,Month-to-month,Yes,Credit card (automatic),93.47,1689.55,Yes
CUST-00305,Female,0,No,Yes,8,Yes,No,Fiber optic,Yes,No,Yes,No,Yes,Yes,Month-to-month,Yes,Credit card (automatic),91.44,644.91,Yes
CUST-00306,Male,0,No,No,63,Yes,No,Fiber optic,Yes,Yes,No,No,Yes,Yes,Two year,No,Electronic check,84.1,5299.62,No
CUST-00307,Male,0,Yes,Yes,21,Yes,No,Fiber optic,No,Yes,No,No,Yes,Yes,One year,No,Electronic check,91.05,1943.23,Yes
CUST-00308,Female,0,Yes,No,1,Yes,No,Fiber optic,No,Yes,No,No,Yes,Yes,Month-to-month,No,Credit card (automatic),82.09,29.48,No
CUST-00309,Male,1,Yes,Yes,6,No,No phone service,DSL,No,Yes,No,Yes,No,Yes,Month-to-month,Yes,Mailed check,56.84,277.1,No
CUST-00310,Male,0,No,No,14,Yes,No,DSL,No,Yes,Yes,No,Yes,No,Month-to-month,Yes,Mailed check,66.77,962.07,No
CUST-00311,Female,0,Yes,No,54,Yes,Yes,DSL,No,No,No,No,No,No,Two year,No,Mailed check,40.84,2250.06,No
CUST-00312,Female,0,No,No,7,No,No phone service,Fiber optic,Yes,Yes,No,Yes,No,Yes,Month-to-month,Yes,Credit card (automatic),92.98,641.29,No
CUST-00313,Male,0,Yes,No,57,No,No phone service,DSL,No,No,No,No,No,Yes,Two year,Yes,Credit card (automatic),62.7,3589.23,No
CUST-00314,Male,0,No,No,5,Yes,No,No,No internet service,No internet service,No internet service,No internet service,No internet service,No internet service,Month-to-month,Yes,Credit card (automatic),40.95,167.31,No
CUST-00315,Male,0,Yes,No,21,Yes,Yes,DSL,No,No,Yes,Yes,No,Yes,One year,Yes,Bank transfer (automatic),52.4,1078.23,No
CUST-00316,Female,0,Yes,No,14,Yes,No,DSL,Yes,No,No,No,No,No,Month-to-month,No,Bank transfer (automatic),55.29,792.69,No
CUST-00317,Female,0,No,No,8,Yes,No,Fiber optic,No,No,No,No,Yes,Yes,Month-to-month,No,Electronic check,82.14,664.93,Yes
CUST-00318,Female,0,No,Yes,2,Yes,No,No,No internet service,No internet service,No internet service,No internet service,No internet service,No internet service,Month-to-month,Yes,Electronic check,30.98,77.62,No
CUST-00319,Female,0,Yes,No,2,Yes,Yes,Fiber optic,No,No,No,Yes,Yes,Yes,Month-to-month,Yes,Electronic check,83.56,186.52,Yes
CUST-00320,Female,1,Yes,No,63,Yes,No,Fiber optic,No,Yes,No,No,Yes,Yes,Two year,Yes,Mailed check,105.82,6760.53,No
CUST-00321,Male,0,No,No,41,Yes,Yes,DSL,Yes,Yes,No,Yes,No,No,One year,No,Electronic check,56.69,2209.26,No
CUST-00322,Male,0,Yes,Yes,15,Yes,Yes,No,No internet service,No internet service,No internet service,No internet service,No internet service,No internet service,Month-to-month,No,Credit card (automatic),28.59,454.77,No
CUST-00323,Female,0,Yes,No,34,Yes,No,Fiber optic,Yes,Yes,Yes,Yes,Yes,Yes,One year,Yes,Credit card (automatic),100.76,3403.92,No
CUST-00324,Female,0,Yes,No,16,Yes,Yes,DSL,No,No,No,No,No,Yes,Month-to-month,No,Mailed check,60.76,939.34,No
CUST-00325,Female,0,Yes,No,28,Yes,Yes,Fiber optic,Yes,No,No,No,Yes,No,Two year,Yes,Mailed check,85.59,2413.54,No
CUST-00326,Male,0,No,No,3,Yes,No,DSL,No,No,No,Yes,No,Yes,Month-to-month,Yes,Bank transfer (automatic),49.98,160.31,No
CUST-00327,Male,0,No,Yes,2,Yes,No,Fiber optic,No,No,No,No,No,No,Month-to-month,Yes,Mailed check,80.42,192.76,No
CUST-00328,Male,0,No,No,7,Yes,Yes,Fiber optic,No,Yes,Yes,Yes,No,No,Month-to-month,No,Mailed check,80.11,565.61,No
CUST-00329,Male,1,No,No,21,Yes,No,Fiber optic,No,No,No,Yes,Yes,No,Month-to-month,Yes,Bank transfer (automatic),89.48,1845.31,Yes
CUST-00330,Female,0,Yes,No,63,Yes,No,No,No internet service,No internet service,No internet service,No internet service,No internet service,No internet service,Two year,Yes,Electronic check,29.84,1830.5,No
CUST-00331,Female,0,No,No,2,Yes,Yes,Fiber optic,No,Yes,No,No,No,No,Month-to-month,Yes,Bank transfer (automatic),81.38,139.55,Yes
CUST-00332,Male,0,Yes,Yes,23,Yes,No,Fiber optic,No,No,No,No,Yes,Yes,Month-to-month,Yes,Electronic check,84.3,1967.18,Yes
CUST-00333,Male,0,Yes,No,40,Yes,No,Fiber optic,No,No,Yes,No,Yes,No,Two year,Yes,Mailed check,80.19,3247.07,No
CUST-00334,Female,0,No,Yes,12,Yes,Yes,DSL,No,Yes,No,No,Yes,Yes,Month-to-month,No,Mailed check,78.49,871.94,Yes
CUST-00335,Male,0,Yes,No,17,Yes,Yes,Fiber optic,No,No,No,Yes,No,Yes,Month-to-month,Yes,Credit card (automatic),90.36,1526.09,No
CUST-00336,Female,0,Yes,No,22,Yes,Yes,No,No internet service,No internet service,No internet service,No internet service,No internet service,No internet service,One year,Yes,Credit card (automatic),20.66,441.83,No
CUST-00337,Female,0,Yes,Yes,1,Yes,No,Fiber optic,No,No,No,Yes,No,No,Month-to-month,No,Electronic check,78.03,90.06,Yes
CUST-00338,Male,0,No,No,47,Yes,No,Fiber optic,No,Yes,No,Yes,Yes,Yes,Two year,Yes,Electronic check,94.75,4426.01,No
CUST-00339,Male,0,Yes,No,31,Yes,Yes,Fiber optic,Yes,No,No,No,Yes,No,One year,Yes,Electronic check,75.3,2274.18,Yes
CUST-00340,Female,0,No,No,62,Yes,Yes,No,No internet service,No internet service,No internet service,No internet service,No internet service,No internet service,Month-to-month,No,Bank transfer (automatic),23.12,1418.24,Yes
CUST-00341,Female,0,No,Yes,15,Yes,No,DSL,No,Yes,Yes,No,Yes,Yes,Month-to-month,Yes,Credit card (automatic),70.16,1101.36,Yes
CUST-00342,Male,0,No,No,1,Yes,Yes,DSL,No,No,No,No,No,No,Month-to-month,Yes,Mailed check,60.79,0.0,No
CUST-00343,Female,0,Yes,No,12,Yes,Yes,Fiber optic,No,Yes,Yes,No,No,No,Month-to-month,No,Bank transfer (automatic),88.72,1017.45,No
CUST-00344,Female,0,No,No,0,Yes,No,DSL,No,No,No,No,Yes,Yes,One year,Yes,Electronic check,59.91,0.0,No
CUST-00345,Female,1,Yes,No,18,Yes,Yes,No,No internet service,No internet service,No internet service,No internet service,No internet service,No internet service,One year,Yes,Credit card (automatic),40.53,705.39,No
CUST-00346,Male,0,No,No,0,Yes,No,DSL,No,No,Yes,Yes,No,No,Month-to-month,Yes,Bank transfer (automatic),53.32,0.0,No
CUST-00347,Female,0,No,No,24,Yes,Yes,DSL,No,No,No,No,Yes,No,One year,Yes,Bank transfer (automatic),53.4,1253.15,No
CUST-00348,Female,0,Yes,Yes,2,Yes,Yes,Fiber optic,No,Yes,No,No,No,Yes,Month-to-month,Yes,Electronic check,97.08,206.82,No
CUST-00349,Male,0,No,Yes,63,No,No phone service,DSL,Yes,Yes,No,No,No,No,Two year,Yes,Electronic check,59.39,3751.17,No
CUST-00350,Male,0,No,No,5,Yes,No,Fiber optic,No,No,No,No,No,No,Month-to-month,Yes,Mailed check,85.13,460.08,No
CUST-00351,Female,0,Yes,No,31,Yes,No,Fiber optic,Yes,Yes,Yes,No,No,Yes,Two year,No,Bank transfer (automatic),92.67,2898.01,No
CUST-00352,Male,0,Yes,No,1,Yes,Yes,No,No internet service,No internet service,No internet service,No internet service,No internet service,No internet service,Month-to-month,No,Electronic check,44.83,0.0,No
CUST-00353,Male,0,No,Yes,4,Yes,No,DSL,Yes,No,Yes,No,Yes,Yes,Month-to-month,Yes,Electronic check,61.88,269.0,No
CUST-00354,Male,0,No,Yes,23,No,No phone service,Fiber optic,No,Yes,No,No,No,No,Month-to-month,No,Electronic check,90.37,2105.44,Yes
CUST-00355,Female,0,No,No,47,No,No phone service,No,No internet service,No internet service,No internet service,No internet service,No internet service,No internet service,Two year,Yes,Electronic check,18.0,825.87,No
CUST-00356,Female,0,Yes,Yes,69,Yes,No,Fiber optic,No,Yes,No,No,Yes,No,Two year,Yes,Credit card (automatic),88.71,6170.37,No
CUST-00357,Male,0,No,No,34,Yes,No,DSL,No,Yes,Yes,No,No,No,One year,No,Mailed check,66.99,2252.34,No
CUST-00358,Female,0,No,No,7,Yes,Yes,DSL,Yes,No,Yes,No,Yes,No,Month-to-month,No,Electronic check,67.89,517.67,Yes
CUST-00359,Male,0,No,Yes,15,Yes,No,Fiber optic,No,No,Yes,No,No,Yes,One year,No,Mailed check,90.23,1377.23,Yes
CUST-00360,Female,0,No,No,26,No,No phone service,DSL,Yes,Yes,No,Yes,Yes,No,Month-to-month,Yes,Mailed check,69.85,1809.06,Yes
CUST-00361,Female,0,Yes,No,26,Yes,No,Fiber optic,Yes,No,No,No,Yes,Yes,One year,Yes,Electronic check,85.6,2185.84,No
CUST-00362,Female,0,No,No,13,Yes,No,Fiber optic,No,No,Yes,Yes,No,Yes,Month-to-month,No,Electronic check,94.43,1204.67,Yes
CUST-00363,Male,0,Yes,Yes,60,Yes,No,Fiber optic,Yes,No,No,Yes,No,Yes,Two year,No,Electronic check,101.46,6060.8,No
CUST-00364,Female,0,Yes,No,42,Yes,No,Fiber optic,No,No,Yes,Yes,No,No,One year,No,Electronic check,83.21,3567.22,No
CUST-00365,Male,1,No,No,0,Yes,No,Fiber optic,Yes,Yes,No,No,Yes,No,Month-to-month,No,Electronic check,102.5,0.0,Yes
CUST-00366,Female,0,Yes,No,37,Yes,No,DSL,No,Yes,No,No,No,No,One year,Yes,Credit card (automatic),58.33,2198.26,No
CUST-00367,Male,0,Yes,Yes,1,Yes,No,Fiber optic,No,Yes,No,Yes,No,No,Month-to-month,Yes,Mailed check,89.58,102.59,No
CUST-00368,Male,0,Yes,Yes,8,Yes,No,No,No internet service,No internet service,No internet service,No internet service,No internet service,No internet service,Month-to-month,Yes,Electronic check,18.0,124.27,No
CUST-00369,Male,0,No,No,15,Yes,Yes,Fiber optic,Yes,Yes,No,No,No,No,Month-to-month,Yes,Mailed check,79.78,1226.07,No
CUST-00370,Female,0,No,No,21,Yes,No,DSL,Yes,No,Yes,No,Yes,Yes,Month-to-month,Yes,Credit card (automatic),64.78,1323.34,No
CUST-00371,Male,0,Yes,No,39,Yes,No,DSL,No,Yes,No,Yes,No,No,Month-to-month,No,Electronic check,67.04,2675.42,No
CUST-00372,Female,0,Yes,No,24,Yes,Yes,Fiber optic,Yes,No,No,Yes,No,Yes,One year,Yes,Mailed check,86.31,2010.48,No
CUST-00373,Male,0,No,No,49,Yes,No,Fiber optic,No,No,Yes,No,Yes,No,One year,Yes,Mailed check,82.66,4007.59,No
CUST-00374,Male,0,Yes,No,22,No,No phone service,Fiber optic,No,Yes,No,Yes,No,No,Month-to-month,Yes,Electronic check,84.11,1875.64,No
CUST-00375,Female,1,No,Yes,53,Yes,Yes,DSL,No,Yes,No,No,Yes,Yes,Two year,Yes,Mailed check,77.96,4119.78,No
CUST-00376,Male,0,No,Yes,44,Yes,No,Fiber optic,Yes,Yes,No,No,Yes,Yes,Two year,Yes,Credit card (automatic),98.2,4369.63,No
CUST-00377,Female,0,Yes,Yes,17,Yes,Yes,DSL,No,No,Yes,No,Yes,No,Month-to-month,Yes,Credit card (automatic),58.62,1046.02,Yes
CUST-00378,Female,1,No,No,15,Yes,No,DSL,No,Yes,No,No,Yes,Yes,Month-to-month,Yes,Mailed check,65.6,886.04,No
CUST-00379,Male,0,Yes,Yes,63,Yes,No,Fiber optic,No,Yes,No,No,No,No,Two year,No,Bank transfer (automatic),71.44,4467.0,No
CUST-00380,Male,0,No,No,0,Yes,Yes,No,No internet service,No internet service,No internet service,No internet service,No internet service,No internet service,Month-to-month,No,Electronic check,22.0,0.0,No
CUST-00381,Male,0,Yes,No,7,Yes,Yes,No,No internet service,No internet service,No internet service,No internet service,No internet service,No internet service,Month-to-month,Yes,Bank transfer (automatic),22.06,189.74,No
CUST-00382,Female,1,No,No,67,Yes,Yes,DSL,No,No,No,No,No,No,Two year,Yes,Credit card (automatic),56.55,3732.96,No
CUST-00383,Female,0,No,No,30,Yes,No,DSL,Yes,No,No,No,No,No,One year,Yes,Electronic check,65.06,1854.95,No
CUST-00384,Male,0,No,Yes,47,Yes,No,DSL,Yes,Yes,No,No,No,No,Two year,Yes,Bank transfer (automatic),58.13,2690.76,No
CUST-00385,Male,1,No,No,56,Yes,No,No,No internet service,No internet service,No internet service,No internet service,No internet service,No internet service,Two year,No,Electronic check,24.11,1371.78,No
CUST-00386,Male,0,Yes,No,18,Yes,Yes,DSL,No,No,No,No,No,No,Month-to-month,No,Credit card (automatic),52.64,1025.03,No
CUST-00387,Male,1,No,No,13,Yes,No,No,No internet service,No internet service,No internet service,No internet service,No internet service,No internet service,One year,Yes,Electronic check,29.15,312.0,No
CUST-00388,Female,1,No,No,54,Yes,No,Fiber optic,Yes,Yes,No,Yes,Yes,No,Two year,No,Electronic check,93.92,5036.35,No
CUST-00389,Female,1,Yes,No,10,Yes,No,Fiber optic,No,Yes,No,No,No,Yes,Month-to-month,No,Credit card (automatic),89.47,899.88,No
CUST-00390,Male,0,Yes,No,6,Yes,No,DSL,No,No,Yes,No,Yes,No,Month-to-month,No,Electronic check,62.94,420.25,Yes
CUST-00391,Female,0,Yes,Yes,8,Yes,Yes,Fiber optic,No,Yes,No,No,Yes,No,Month-to-month,Yes,Mailed check,80.92,729.8,Yes
CUST-00392,Male,0,Yes,No,21,Yes,Yes,DSL,No,No,Yes,No,Yes,Yes,One year,Yes,Electronic check,71.15,1507.45,No
CUST-00393,Male,0,No,No,47,Yes,No,Fiber optic,No,No,No,Yes,No,No,One year,Yes,Credit card (automatic),79.36,3759.8,No
CUST-00394,Female,0,Yes,Yes,47,Yes,Yes,Fiber optic,Yes,No,No,No,No,Yes,Two year,Yes,Credit card (automatic),89.39,4204.2,No
CUST-00395,Female,1,No,Yes,3,Yes,No,No,No internet service,No internet service,No internet service,No internet service,No internet service,No internet service,Month-to-month,Yes,Electronic check,24.65,132.0,Yes
CUST-00396,Female,0,No,No,31,Yes,Yes,Fiber optic,No,No,Yes,Yes,No,No,One year,No,Bank transfer (automatic),80.93,2486.39,No
CUST-00397,Male,0,Yes,No,72,Yes,No,No,No internet service,No internet service,No internet service,No internet service,No internet service,No internet service,Month-to-month,No,Electronic check,34.75,2502.29,No
CUST-00398,Male,0,No,Yes,54,Yes,No,Fiber optic,Yes,No,Yes,Yes,Yes,Yes,Two year,No,Electronic check,99.22,5269.87,No
CUST-00399,Male,0,Yes,No,13,Yes,No,Fiber optic,Yes,Yes,No,Yes,No,No,One year,No,Credit card (automatic),96.79,1287.82,Yes
CUST-00400,Male,0,Yes,No,38,Yes,No,DSL,No,No,Yes,Yes,No,No,One year,Yes,Mailed check,66.34,2584.77,No
CUST-00401,Female,0,Yes,No,17,Yes,Yes,DSL,No,No,Yes,No,No,Yes,Month-to-month,Yes,Electronic check,48.25,846.85,No
CUST-00402,Female,0,Yes,No,17,Yes,No,DSL,No,No,Yes,No,Yes,No,Month-to-month,No,Mailed check,63.31,1045.95,No
CUST-00403,Male,0,Yes,No,33,Yes,No,DSL,No,No,No,No,Yes,No,Month-to-month,No,Bank transfer (automatic),58.51,1874.32,No
CUST-00404,Female,0,Yes,Yes,31,Yes,Yes,DSL,No,No,No,Yes,Yes,No,Two year,No,Credit card (automatic),53.67,1731.5,No
CUST-00405,Male,0,Yes,No,5,Yes,Yes,DSL,No,Yes,No,No,Yes,No,Month-to-month,Yes,Mailed check,55.62,238.61,Yes
CUST-00406,Female,0,Yes,Yes,37,Yes,Yes,DSL,No,No,No,Yes,No,Yes,Two year,Yes,Electronic check,53.7,1973.46,No
CUST-00407,Male,0,No,No,17,Yes,Yes,Fiber optic,No,No,Yes,No,Yes,No,Month-to-month,Yes,Credit card (automatic),89.96,1471.06,No
CUST-00408,Male,1,Yes,No,13,Yes,No,Fiber optic,No,No,No,No,Yes,No,Month-to-month,Yes,Bank transfer (automatic),93.65,1235.86,Yes
CUST-00409,Female,0,No,No,29,Yes,Yes,No,No internet service,No internet service,No internet service,No internet service,No internet service,No internet service,Month-to-month,No,Bank transfer (automatic),28.17,888.96,No
CUST-00410,Male,0,No,No,17,Yes,Yes,DSL,No,No,Yes,No,Yes,No,Month-to-month,Yes,Mailed check,48.91,836.34,No
CUST-00411,Male,0,No,No,6,Yes,No,DSL,Yes,No,Yes,No,Yes,No,Month-to-month,Yes,Mailed check,61.3,421.37,Yes
CUST-00412,Male,0,No,No,12,Yes,No,No,No internet service,No internet service,No internet service,No internet service,No internet service,No internet service,Month-to-month,No,Mailed check,18.39,184.14,No
CUST-00413,Male,1,No,Yes,11,Yes,Yes,No,No internet service,No internet service,No internet service,No internet service,No internet service,No internet service,Month-to-month,Yes,Electronic check,44.78,488.87,No
CUST-00414,Male,0,No,No,32,Yes,No,Fiber optic,No,Yes,No,No,No,No,One year,Yes,Bank transfer (automatic),90.78,2912.46,No
CUST-00415,Male,0,No,No,1,Yes,No,DSL,No,No,No,Yes,Yes,Yes,Month-to-month,Yes,Bank transfer (automatic),67.92,35.82,Yes
CUST-00416,Female,0,No,No,18,Yes,Yes,No,No internet service,No internet service,No internet service,No internet service,No internet service,No internet service,One year,No,Bank transfer (automatic),18.96,303.01,No
CUST-00417,Female,0,Yes,No,23,Yes,No,No,No internet service,No internet service,No internet service,No internet service,No internet service,No internet service,One year,Yes,Credit card (automatic),33.92,754.29,No
CUST-00418,Male,0,No,No,9,Yes,Yes,No,No internet service,No internet service,No internet service,No internet service,No internet service,No internet service,Month-to-month,Yes,Electronic check,29.48,255.1,No
CUST-00419,Male,0,No,No,15,Yes,No,Fiber optic,No,Yes,Yes,Yes,Yes,Yes,Month-to-month,No,Bank transfer (automatic),93.26,1377.99,Yes
CUST-00420,Female,0,Yes,No,4,Yes,No,DSL,No,No,No,Yes,Yes,No,Month-to-month,Yes,Mailed check,62.62,302.18,No
CUST-00421,Female,0,No,Yes,24,Yes,Yes,Fiber optic,No,Yes,No,No,Yes,Yes,Month-to-month,No,Bank transfer (automatic),75.95,1736.61,Yes
CUST-00422,Female,1,No,No,1,Yes,No,Fiber optic,No,No,Yes,No,Yes,No,Month-to-month,No,Electronic check,90.88,94.86,Yes
CUST-00423,Female,0,No,No,40,Yes,Yes,DSL,Yes,Yes,No,No,Yes,Yes,One year,Yes,Bank transfer (automatic),62.99,2456.75,No
CUST-00424,Female,1,Yes,No,8,No,No phone service,DSL,No,No,No,No,Yes,Yes,Month-to-month,Yes,Bank transfer (automatic),59.04,512.96,No
CUST-00425,Male,0,Yes,No,38,Yes,No,No,No internet service,No internet service,No internet service,No internet service,No internet service,No internet service,Two year,Yes,Bank transfer (automatic),22.49,823.54,No
CUST-00426,Male,0,Yes,No,45,Yes,Yes,DSL,No,No,Yes,No,Yes,No,One year,Yes,Credit card (automatic),57.15,2569.61,No
CUST-00427,Female,0,No,No,28,No,No phone service,DSL,No,No,Yes,No,No,Yes,Month-to-month,Yes,Electronic check,57.89,1673.98,No
CUST-00428,Female,0,No,No,7,Yes,No,Fiber optic,No,No,No,No,Yes,No,One year,Yes,Mailed check,87.25,544.19,Yes
CUST-00429,Male,0,No,No,10,Yes,Yes,No,No internet service,No internet service,No internet service,No internet service,No internet service,No internet service,Month-to-month,No,Mailed check,25.94,313.45,No
CUST-00430,Female,1,Yes,No,5,No,No phone service,No,No internet service,No internet service,No internet service,No internet service,No internet service,No internet service,Month-to-month,Yes,Credit card (automatic),18.0,109.84,Yes
CUST-00431,Male,0,Yes,No,69,Yes,Yes,DSL,Yes,No,No,No,No,Yes,Two year,Yes,Electronic check,56.54,3883.11,No
CUST-00432,Female,0,No,No,0,Yes,No,Fiber optic,No,Yes,Yes,No,No,No,Month-to-month,No,Credit card (automatic),86.3,0.0,No
CUST-00433,Female,0,No,Yes,1,Yes,Yes,No,No internet service,No internet service,No internet service,No internet service,No internet service,No internet service,Month-to-month,No,Credit card (automatic),27.55,102.53,No
CUST-00434,Male,0,No,No,30,Yes,No,Fiber optic,No,Yes,No,Yes,No,Yes,Two year,Yes,Bank transfer (automatic),100.2,2992.18,No
CUST-00435,Male,0,Yes,Yes,61,Yes,No,DSL,No,No,No,No,No,Yes,Two year,No,Electronic check,51.84,3187.44,No
CUST-00436,Male,0,Yes,No,25,Yes,No,Fiber optic,Yes,Yes,Yes,No,No,No,Month-to-month,No,Credit card (automatic),80.74,2024.71,Yes
CUST-00437,Female,0,No,Yes,8,Yes,No,Fiber optic,No,Yes,Yes,No,No,Yes,One year,Yes,Mailed check,94.8,841.27,No
CUST-00438,Female,0,No,No,32,Yes,Yes,Fiber optic,No,Yes,No,Yes,No,No,One year,Yes,Mailed check,87.8,2766.22,No
CUST-00439,Male,0,Yes,No,10,Yes,No,Fiber optic,Yes,Yes,Yes,No,No,Yes,One year,No,Electronic check,97.58,1017.72,No
CUST-00440,Male,0,No,No,7,Yes,Yes,DSL,Yes,No,No,No,Yes,No,Month-to-month,No,Bank transfer (automatic),46.3,397.93,No
CUST-00441,Female,0,No,No,39,Yes,No,Fiber optic,Yes,Yes,Yes,Yes,Yes,No,Two year,No,Mailed check,90.52,3482.63,No
CUST-00442,Male,0,No,Yes,1,Yes,Yes,DSL,Yes,No,No,No,Yes,No,Month-to-month,Yes,Electronic check,63.22,55.08,Yes
CUST-00443,Male,0,Yes,Yes,10,Yes,No,DSL,No,No,Yes,No,No,No,Month-to-month,No,Bank transfer (automatic),53.55,549.21,No
CUST-00444,Male,0,Yes,Yes,36,Yes,No,Fiber optic,Yes,Yes,No,No,Yes,No,Month-to-month,No,Electronic check,97.6,3542.82,Yes
CUST-00445,Female,0,No,No,0,Yes,No,Fiber optic,Yes,No,No,No,No,No,Month-to-month,Yes,Bank transfer (automatic),78.05,0.0,Yes
CUST-00446,Female,1,No,No,5,Yes,Yes,Fiber optic,No,Yes,No,No,Yes,Yes,Month-to-month,Yes,Bank transfer (automatic),103.72,561.11,Yes
CUST-00447,Male,0,No,No,13,Yes,No,No,No internet service,No internet service,No internet service,No internet service,No internet service,No internet service,Month-to-month,No,Bank transfer (automatic),25.51,332.17,No
CUST-00448,Female,0,No,No,11,Yes,No,No,No internet service,No internet service,No internet service,No internet service,No internet service,No internet service,Month-to-month,Yes,Mailed check,30.44,350.87,No
CUST-00449,Female,1,Yes,Yes,57,Yes,No,Fiber optic,Yes,No,No,No,Yes,Yes,Two year,Yes,Credit card (automatic),87.01,4910.89,No
CUST-00450,Male,0,Yes,No,13,Yes,Yes,Fiber optic,No,No,No,Yes,Yes,No,Month-to-month,Yes,Mailed check,84.72,1060.54,Yes
CUST-00451,Female,0,Yes,No,10,Yes,No,Fiber optic,No,No,No,No,No,No,Month-to-month,Yes,Mailed check,92.48,921.06,No
CUST-00452,Female,1,No,No,47,Yes,No,Fiber optic,No,Yes,Yes,No,Yes,No,Two year,No,Electronic check,88.34,4137.95,No
CUST-00453,Male,1,Yes,Yes,11,Yes,No,Fiber optic,Yes,No,No,No,Yes,No,Month-to-month,Yes,Mailed check,89.75,1014.31,No
CUST-00454,Male,0,No,No,9,Yes,Yes,Fiber optic,Yes,Yes,No,No,Yes,Yes,One year,Yes,Electronic check,100.15,826.95,Yes
CUST-00455,Female,0,No,No,13,Yes,Yes,No,No internet service,No internet service,No internet service,No internet service,No internet service,No internet service,Month-to-month,No,Bank transfer (automatic),22.84,315.65,Yes
CUST-00456,Female,0,No,Yes,15,No,No phone service,Fiber optic,No,No,No,No,No,No,One year,Yes,Mailed check,87.11,1337.08,No
CUST-00457,Male,1,No,No,30,Yes,Yes,DSL,No,No,Yes,No,No,No,Month-to-month,No,Electronic check,58.63,1670.28,No
CUST-00458,Female,1,No,No,3,Yes,No,No,No internet service,No internet service,No internet service,No internet service,No internet service,No internet service,Month-to-month,Yes,Mailed check,21.39,131.05,No
CUST-00459,Female,0,No,No,3,Yes,Yes,No,No internet service,No internet service,No internet service,No internet service,No internet service,No internet service,One year,No,Bank transfer (automatic),33.49,179.02,No
CUST-00460,Male,0,No,No,28,Yes,No,DSL,Yes,No,Yes,No,Yes,Yes,Month-to-month,Yes,Electronic check,79.91,2281.59,No
CUST-00461,Female,0,Yes,No,3,Yes,No,No,No internet service,No internet service,No internet service,No internet service,No internet service,No internet service,Month-to-month,No,Mailed check,35.35,97.17,Yes
CUST-00462,Male,0,Yes,No,4,Yes,Yes,Fiber optic,No,No,Yes,No,No,Yes,Month-to-month,Yes,Credit card (automatic),89.02,344.85,Yes
CUST-00463,Female,0,No,No,19,Yes,No,DSL,No,No,No,Yes,No,No,One year,Yes,Mailed check,54.1,1004.59,No
CUST-00464,Male,0,No,No,36,No,No phone service,Fiber optic,Yes,No,No,No,No,No,Month-to-month,Yes,Credit card (automatic),86.13,3100.39,Yes
CUST-00465,Male,0,No,No,25,Yes,Yes,DSL,Yes,No,No,Yes,No,No,One year,Yes,Bank transfer (automatic),65.13,1610.09,No
CUST-00466,Female,0,Yes,No,45,Yes,No,Fiber optic,Yes,No,No,Yes,No,No,One year,No,Electronic check,79.54,3592.97,Yes
CUST-00467,Male,0,No,No,7,Yes,Yes,No,No internet service,No internet service,No internet service,No internet service,No internet service,No internet service,Month-to-month,Yes,Electronic check,18.0,127.39,Yes
CUST-00468,Female,0,No,No,41,Yes,Yes,Fiber optic,Yes,Yes,Yes,Yes,Yes,No,Two year,No,Electronic check,84.93,3506.11,No
CUST-00469,Male,0,No,No,55,No,No phone service,DSL,Yes,Yes,No,Yes,Yes,No,Two year,Yes,Electronic check,60.49,3311.7,No
CUST-00470,Female,0,Yes,Yes,34,Yes,Yes,DSL,No,No,No,No,Yes,No,Month-to-month,Yes,Electronic check,55.3,1839.41,No
CUST-00471,Female,1,No,No,4,Yes,No,Fiber optic,No,Yes,No,No,Yes,No,Month-to-month,Yes,Electronic check,87.12,395.81,Yes
CUST-00472,Female,0,No,No,36,Yes,No,Fiber optic,No,Yes,Yes,Yes,No,Yes,Month-to-month,Yes,Mailed check,91.5,3253.94,No
CUST-00473,Male,0,No,Yes,44,Yes,No,Fiber optic,No,No,No,Yes,No,No,Two year,No,Credit card (automatic),78.42,3443.44,No
CUST-00474,Male,0,Yes,No,1,Yes,No,No,No internet service,No internet service,No internet service,No internet service,No internet service,No internet service,Month-to-month,No,Electronic check,28.97,22.52,No
CUST-00475,Female,0,No,No,3,Yes,No,Fiber optic,No,No,No,No,No,No,Month-to-month,No,Credit card (automatic),79.8,243.39,No
CUST-00476,Female,0,Yes,No,48,Yes,Yes,Fiber optic,No,No,No,No,No,No,Two year,No,Mailed check,78.52,3764.05,No
CUST-00477,Female,0,Yes,No,38,Yes,No,Fiber optic,Yes,No,Yes,Yes,Yes,No,One year,Yes,Credit card (automatic),91.85,3476.14,No
CUST-00478,Male,0,Yes,No,5,Yes,No,Fiber optic,Yes,No,No,Yes,Yes,No,Month-to-month,Yes,Mailed check,85.71,436.45,No
CUST-00479,Female,0,No,No,28,No,No phone service,DSL,No,No,Yes,Yes,No,Yes,One year,Yes,Electronic check,70.99,1950.23,No
CUST-00480,Male,0,No,Yes,36,Yes,No,Fiber optic,No,No,No,No,Yes,Yes,One year,No,Bank transfer (automatic),83.96,3013.91,No
CUST-00481,Male,0,Yes,No,2,Yes,No,Fiber optic,Yes,No,Yes,Yes,Yes,No,Month-to-month,No,Credit card (automatic),91.21,185.75,No
CUST-00482,Female,0,Yes,No,19,Yes,Yes,Fiber optic,No,Yes,No,No,No,Yes,Month-to-month,No,Credit card (automatic),96.23,1757.08,No
CUST-00483,Male,0,Yes,No,40,Yes,No,DSL,No,No,No,Yes,No,No,One year,No,Credit card (automatic),53.17,2178.17,No
CUST-00484,Female,0,Yes,No,25,Yes,Yes,Fiber optic,Yes,No,No,Yes,Yes,No,Month-to-month,Yes,Electronic check,95.19,2462.95,Yes
CUST-00485,Male,0,No,No,56,Yes,No,Fiber optic,Yes,Yes,Yes,No,No,No,Two year,No,Mailed check,86.45,4865.84,No
CUST-00486,Male,0,Yes,No,13,Yes,No,Fiber optic,No,No,No,No,No,No,Month-to-month,No,Credit card (automatic),94.62,1214.72,No
CUST-00487,Male,0,Yes,Yes,35,Yes,No,Fiber optic,Yes,No,Yes,No,No,No,One year,Yes,Credit card (automatic),84.05,2928.3,No
CUST-00488,Female,0,No,Yes,43,No,No phone service,No,No internet service,No internet service,No internet service,No internet service,No internet service,No internet service,One year,Yes,Mailed check,21.04,863.13,No
CUST-00489,Female,1,Yes,No,27,No,No phone service,Fiber optic,No,No,Yes,No,No,Yes,Month-to-month,No,Mailed check,96.72,2673.83,Yes
CUST-00490,Female,1,No,No,18,Yes,Yes,Fiber optic,No,No,Yes,Yes,Yes,Yes,Month-to-month,No,Mailed check,108.38,1897.27,Yes
CUST-00491,Female,1,No,Yes,51,Yes,No,Fiber optic,Yes,Yes,No,No,Yes,No,Two year,No,Credit card (automatic),95.88,4927.33,No
CUST-00492,Female,0,No,Yes,32,Yes,No,Fiber optic,Yes,No,No,No,Yes,Yes,One year,No,Bank transfer (automatic),87.56,2783.19,Yes
CUST-00493,Female,0,No,No,2,Yes,Yes,No,No internet service,No internet service,No internet service,No internet service,No internet service,No internet service,Month-to-month,No,Electronic check,19.75,93.2,No
CUST-00494,Female,0,Yes,Yes,49,Yes,No,DSL,No,No,No,Yes,No,Yes,Month-to-month,Yes,Electronic check,61.63,3046.37,No
CUST-00495,Male,0,No,Yes,26,Yes,No,Fiber optic,No,Yes,No,Yes,No,No,Month-to-month,No,Mailed check,97.4,2567.84,Yes
CUST-00496,Male,0,No,Yes,4,No,No phone service,No,No internet service,No internet service,No internet service,No internet service,No internet service,No internet service,Month-to-month,Yes,Bank transfer (automatic),32.12,135.41,No
CUST-00497,Male,0,Yes,No,1,Yes,Yes,DSL,No,No,No,No,No,Yes,Month-to-month,No,Credit card (automatic),55.56,122.01,No
CUST-00498,Male,0,No,No,37,Yes,Yes,DSL,Yes,Yes,Yes,No,Yes,No,One year,Yes,Electronic check,62.48,2246.89,No
CUST-00499,Female,0,No,No,9,Yes,Yes,Fiber optic,No,Yes,Yes,No,Yes,Yes,Month-to-month,Yes,Electronic check,93.86,775.4,Yes
CUST-00500,Male,0,No,No,42,Yes,Yes,Fiber optic,No,No,No,No,Yes,No,One year,Yes,Electronic check,78.57,3238.4,Yes
CUST-00501,Male,0,No,Yes,49,Yes,Yes,Fiber optic,No,No,No,Yes,No,No,Two year,No,Electronic check,86.2,4205.12,No
CUST-00502,Female,0,Yes,No,38,Yes,No,Fiber optic,No,No,No,No,Yes,No,Two year,Yes,Electronic check,91.0,3429.11,No
CUST-00503,Female,1,No,No,69,Yes,No,DSL,No,No,No,No,Yes,No,Two year,Yes,Electronic check,63.33,4348.22,No
CUST-00504,Female,0,No,No,19,Yes,Yes,No,No internet service,No internet service,No internet service,No internet service,No internet service,No internet service,Month-to-month,Yes,Credit card (automatic),28.89,615.2,Yes
CUST-00505,Male,0,No,No,28,Yes,No,DSL,No,No,Yes,Yes,Yes,Yes,Month-to-month,No,Credit card (automatic),58.56,1615.17,No
CUST-00506,Male,0,Yes,No,21,Yes,No,No,No internet service,No internet service,No internet service,No internet service,No internet service,No internet service,Month-to-month,Yes,Mailed check,30.75,682.49,Yes
CUST-00507,Female,0,No,No,4,Yes,Yes,Fiber optic,No,No,No,Yes,No,No,Month-to-month,Yes,Electronic check,78.95,319.08,Yes
CUST-00508,Male,0,No,No,62,Yes,Yes,DSL,Yes,Yes,No,Yes,No,No,Two year,No,Mailed check,67.23,4212.1,No
CUST-00509,Male,0,Yes,Yes,46,Yes,Yes,Fiber optic,Yes,Yes,Yes,No,No,No,One year,No,Electronic check,94.24,4349.97,No
CUST-00510,Male,0,No,Yes,16,Yes,No,Fiber optic,No,Yes,No,No,No,No,One year,No,Electronic check,76.12,1232.36,Yes
CUST-00511,Female,0,No,No,3,Yes,No,No,No internet service,No internet service,No internet service,No internet service,No internet service,No internet service,Month-to-month,No,Credit card (automatic),22.76,57.07,No
CUST-00512,Female,0,No,No,5,Yes,Yes,Fiber optic,Yes,No,No,No,No,Yes,Month-to-month,No,Bank transfer (automatic),85.92,392.73,Yes
CUST-00513,Female,1,No,No,39,Yes,Yes,No,No internet service,No internet service,No internet service,No internet service,No internet service,No internet service,Two year,Yes,Bank transfer (automatic),27.2,997.62,No
CUST-00514,Female,0,Yes,Yes,18,Yes,Yes,Fiber optic,Yes,Yes,No,Yes,No,No,Month-to-month,Yes,Bank transfer (automatic),86.16,1575.67,No
CUST-00515,Female,0,No,Yes,0,Yes,Yes,DSL,Yes,Yes,No,Yes,Yes,No,Month-to-month,Yes,Electronic check,69.6,0.0,No
CUST-00516,Male,0,No,No,27,Yes,No,Fiber optic,No,No,No,Yes,No,No,One year,Yes,Credit card (automatic),88.51,2367.94,Yes
CUST-00517,Female,0,No,No,7,No,No phone service,Fiber optic,Yes,Yes,No,Yes,No,Yes,One year,Yes,Credit card (automatic),96.3,673.36,No
CUST-00518,Male,0,Yes,No,9,Yes,No,DSL,No,No,No,No,Yes,Yes,Month-to-month,Yes,Bank transfer (automatic),64.06,535.39,No
CUST-00519,Male,0,Yes,No,13,Yes,No,DSL,No,Yes,No,No,Yes,No,Month-to-month,Yes,Mailed check,70.69,913.72,No
CUST-00520,Female,0,No,No,58,Yes,Yes,Fiber optic,No,No,No,No,Yes,Yes,One year,Yes,Credit card (automatic),85.61,4951.78,No
CUST-00521,Male,0,Yes,No,44,Yes,Yes,Fiber optic,No,No,No,No,No,Yes,Two year,No,Bank transfer (automatic),88.57,3870.0,No
CUST-00522,Male,0,No,No,8,Yes,No,Fiber optic,No,No,No,No,Yes,Yes,Month-to-month,No,Credit card (automatic),73.23,545.27,Yes
CUST-00523,Male,0,No,Yes,23,Yes,No,DSL,No,No,Yes,No,No,No,One year,No,Mailed check,49.21,1172.51,No
CUST-00524,Female,1,No,No,6,No,No phone service,Fiber optic,Yes,No,No,No,Yes,No,Month-to-month,Yes,Electronic check,93.95,604.51,Yes
CUST-00525,Male,0,Yes,No,41,Yes,No,Fiber optic,No,No,No,No,No,No,One year,No,Electronic check,82.29,3430.26,No
CUST-00526,Male,1,No,No,50,Yes,No,No,No internet service,No internet service,No internet service,No internet service,No internet service,No internet service,One year,No,Electronic check,30.92,1579.53,No
CUST-00527,Female,0,Yes,No,63,Yes,No,DSL,No,No,Yes,Yes,No,No,Two year,No,Electronic check,59.08,3686.27,No
CUST-00528,Male,0,No,Yes,11,Yes,No,DSL,Yes,No,No,No,No,Yes,One year,Yes,Bank transfer (automatic),47.43,496.83,No
CUST-00529,Female,0,No,No,0,Yes,No,DSL,No,Yes,No,Yes,No,No,Month-to-month,No,Mailed check,54.19,0.0,No
CUST-00530,Female,1,No,No,1,Yes,Yes,No,No internet service,No internet service,No internet service,No internet service,No internet service,No internet service,Month-to-month,Yes,Bank transfer (automatic),30.74,0.0,No
CUST-00531,Female,0,Yes,Yes,45,Yes,Yes,DSL,Yes,No,No,No,No,Yes,Two year,No,Bank transfer (automatic),67.86,3113.41,No
CUST-00532,Male,0,Yes,No,4,Yes,No,No,No internet service,No internet service,No internet service,No internet service,No internet service,No internet service,Month-to-month,No,Electronic check,29.36,116.73,Yes
CUST-00533,Male,0,No,Yes,22,Yes,Yes,Fiber optic,No,No,Yes,Yes,Yes,No,One year,No,Electronic check,88.49,1910.5,No
CUST-00534,Male,0,No,No,4,Yes,Yes,Fiber optic,No,Yes,Yes,Yes,No,No,Month-to-month,Yes,Credit card (automatic),89.02,382.05,Yes
CUST-00535,Female,0,No,No,20,Yes,No,DSL,No,Yes,No,No,No,No,Month-to-month,Yes,Bank transfer (automatic),53.14,1094.44,No
CUST-00536,Male,0,No,Yes,47,Yes,No,Fiber optic,No,Yes,No,Yes,No,No,One year,No,Bank transfer (automatic),95.88,4524.2,No
CUST-00537,Male,0,No,No,0,Yes,No,No,No internet service,No internet service,No internet service,No internet service,No internet service,No internet service,Month-to-month,No,Electronic check,26.45,0.0,No
CUST-00538,Male,1,Yes,No,43,Yes,Yes,DSL,No,No,No,No,Yes,Yes,Two year,No,Electronic check,72.87,3148.79,No
CUST-00539,Female,0,No,No,1,No,No phone service,Fiber optic,Yes,No,Yes,No,No,No,Month-to-month,No,Electronic check,85.09,149.13,No
CUST-00540,Male,0,No,No,2,Yes,No,No,No internet service,No internet service,No internet service,No internet service,No internet service,No internet service,Month-to-month,No,Electronic check,27.51,97.44,Yes
CUST-00541,Female,0,No,Yes,6,Yes,Yes,DSL,No,No,No,No,No,No,Month-to-month,No,Credit card (automatic),54.32,299.91,No
CUST-00542,Male,0,Yes,No,11,Yes,Yes,No,No internet service,No internet service,No internet service,No internet service,No internet service,No internet service,Month-to-month,No,Mailed check,29.6,297.94,No
CUST-00543,Male,0,No,No,44,Yes,No,DSL,Yes,No,No,No,Yes,Yes,One year,Yes,Electronic check,54.04,2372.97,No
CUST-00544,Male,1,Yes,Yes,5,Yes,No,DSL,No,No,No,No,No,Yes,Month-to-month,Yes,Mailed check,60.64,302.64,No
CUST-00545,Female,0,No,No,12,Yes,Yes,DSL,Yes,No,Yes,No,No,Yes,Month-to-month,No,Bank transfer (automatic),58.73,677.55,Yes
CUST-00546,Male,0,No,Yes,35,No,No phone service,Fiber optic,No,No,No,No,Yes,Yes,Two year,Yes,Electronic check,86.55,2989.68,No
CUST-00547,Male,0,No,Yes,20,No,No phone service,DSL,No,No,No,No,No,No,Month-to-month,Yes,Electronic check,52.71,1045.25,Yes
CUST-00548,Female,0,Yes,No,0,Yes,Yes,Fiber optic,Yes,No,No,No,No,No,Month-to-month,No,Mailed check,74.26,0.0,Yes
CUST-00549,Female,0,Yes,No,55,Yes,No,Fiber optic,No,Yes,No,No,No,Yes,Two year,No,Credit card (automatic),84.75,4663.5,No
CUST-00550,Female,0,Yes,No,29,Yes,Yes,DSL,No,No,No,No,No,No,One year,Yes,Mailed check,60.44,1660.9,No
CUST-00551,Female,1,Yes,No,10,Yes,Yes,DSL,Yes,No,Yes,Yes,Yes,No,Month-to-month,Yes,Bank transfer (automatic),66.92,712.56,No
CUST-00552,Male,0,Yes,Yes,38,Yes,No,DSL,Yes,No,Yes,No,No,Yes,Two year,Yes,Electronic check,59.17,2235.12,Yes
CUST-00553,Female,0,No,No,10,Yes,Yes,DSL,No,Yes,Yes,Yes,No,Yes,Month-to-month,No,Electronic check,52.35,536.07,Yes
CUST-00554,Male,0,Yes,Yes,43,Yes,No,Fiber optic,No,Yes,No,No,No,Yes,Month-to-month,Yes,Electronic check,84.53,3539.1,Yes
CUST-00555,Female,0,Yes,Yes,50,Yes,No,Fiber optic,No,Yes,No,No,No,No,Month-to-month,Yes,Bank transfer (automatic),86.35,4320.7,No
CUST-00556,Female,1,No,Yes,72,No,No phone service,No,No internet service,No internet service,No internet service,No internet service,No internet service,No internet service,Two year,Yes,Mailed check,38.5,2766.14,No
CUST-00557,Female,0,Yes,Yes,4,Yes,Yes,Fiber optic,Yes,Yes,No,No,No,No,Month-to-month,No,Bank transfer (automatic),68.29,270.83,No
CUST-00558,Female,1,Yes,No,22,Yes,Yes,No,No internet service,No internet service,No internet service,No internet service,No internet service,No internet service,Two year,No,Credit card (automatic),38.78,860.78,No
CUST-00559,Female,0,No,No,17,Yes,No,Fiber optic,No,Yes,Yes,No,No,No,Month-to-month,Yes,Electronic check,90.6,1517.64,Yes
CUST-00560,Female,0,Yes,No,27,Yes,No,No,No internet service,No internet service,No internet service,No internet service,No internet service,No internet service,Month-to-month,Yes,Mailed check,27.07,745.83,No
CUST-00561,Female,1,Yes,No,50,Yes,Yes,DSL,No,No,No,No,Yes,No,Two year,No,Electronic check,55.89,2687.16,No
CUST-00562,Male,0,No,Yes,34,Yes,No,DSL,No,No,Yes,Yes,Yes,No,Two year,Yes,Electronic check,67.98,2322.18,No
CUST-00563,Male,0,Yes,No,2,Yes,Yes,Fiber optic,Yes,Yes,No,Yes,No,No,Month-to-month,Yes,Electronic check,90.28,187.83,Yes
CUST-00564,Male,0,Yes,No,27,Yes,Yes,Fiber optic,No,No,Yes,Yes,Yes,No,Month-to-month,Yes,Bank transfer (automatic),80.46,2234.09,No
CUST-00565,Female,0,Yes,No,23,No,No phone service,No,No internet service,No internet service,No internet service,No internet service,No internet service,No internet service,One year,Yes,Bank transfer (automatic),33.22,775.19,No
CUST-00566,Male,0,Yes,No,1,Yes,Yes,Fiber optic,No,Yes,Yes,No,No,No,Month-to-month,Yes,Credit card (automatic),89.1,0.0,No
CUST-00567,Male,0,No,Yes,2,Yes,Yes,No,No internet service,No internet service,No internet service,No internet service,No internet service,No internet service,Month-to-month,Yes,Electronic check,36.54,54.27,Yes
CUST-00568,Male,0,Yes,No,15,Yes,No,DSL,No,No,No,Yes,Yes,No,Month-to-month,Yes,Credit card (automatic),62.34,916.69,Yes
CUST-00569,Female,1,Yes,No,49,Yes,No,Fiber optic,Yes,No,No,No,No,Yes,Two year,No,Mailed check,100.22,4906.79,No
CUST-00570,Female,0,Yes,Yes,1,Yes,No,Fiber optic,No,Yes,No,Yes,No,Yes,Month-to-month,No,Electronic check,98.62,84.91,Yes
CUST-00571,Female,0,No,No,6,Yes,No,DSL,No,No,No,No,Yes,No,Month-to-month,Yes,Electronic check,54.97,332.61,Yes
CUST-00572,Male,0,Yes,No,17,Yes,No,Fiber optic,Yes,Yes,No,No,No,No,Month-to-month,Yes,Credit card (automatic),95.49,1585.15,Yes
CUST-00573,Male,0,No,No,5,Yes,No,Fiber optic,No,No,No,No,Yes,Yes,Month-to-month,Yes,Bank transfer (automatic),81.54,471.47,Yes
CUST-00574,Male,0,Yes,No,6,No,No phone service,DSL,Yes,No,No,No,Yes,No,Month-to-month,No,Mailed check,50.5,298.22,No
CUST-00575,Male,0,No,No,13,Yes,No,Fiber optic,No,No,Yes,No,No,No,Month-to-month,Yes,Mailed check,81.74,1149.63,Yes
CUST-00576,Male,0,Yes,No,30,Yes,No,Fiber optic,No,No,No,No,Yes,No,One year,No,Credit card (automatic),93.59,2753.74,No
CUST-00577,Female,0,Yes,No,2,Yes,No,Fiber optic,No,No,No,Yes,No,No,Month-to-month,Yes,Bank transfer (automatic),86.98,157.06,No
CUST-00578,Female,0,No,No,8,Yes,Yes,Fiber optic,No,No,No,No,Yes,No,Month-to-month,Yes,Electronic check,85.65,714.75,Yes
CUST-00579,Female,0,Yes,Yes,43,Yes,No,Fiber optic,No,No,No,No,Yes,Yes,Two year,Yes,Bank transfer (automatic),92.35,3911.6,No
CUST-00580,Male,0,No,No,4,Yes,No,DSL,No,No,Yes,Yes,No,No,Month-to-month,No,Electronic check,53.96,264.3,Yes
CUST-00581,Male,0,No,No,3,Yes,No,DSL,Yes,Yes,Yes,Yes,No,Yes,Month-to-month,No,Electronic check,65.34,201.9,No
CUST-00582,Female,0,No,No,9,Yes,Yes,DSL,No,No,No,Yes,Yes,No,Month-to-month,Yes,Bank transfer (automatic),61.24,556.44,Yes
CUST-00583,Male,0,Yes,No,34,No,No phone service,Fiber optic,Yes,No,No,Yes,No,No,One year,No,Credit card (automatic),88.39,3057.75,No
CUST-00584,Male,0,No,No,41,Yes,No,DSL,No,No,No,Yes,No,Yes,One year,Yes,Credit card (automatic),60.06,2444.09,Yes
CUST-00585,Male,0,Yes,No,16,No,No phone service,Fiber optic,No,No,No,Yes,No,Yes,One year,No,Credit card (automatic),76.99,1209.23,No
CUST-00586,Female,1,No,Yes,36,Yes,Yes,No,No internet service,No internet service,No internet service,No internet service,No internet service,No internet service,One year,Yes,Electronic check,26.52,938.36,No
CUST-00587,Female,0,No,Yes,17,Yes,Yes,No,No internet service,No internet service,No internet service,No internet service,No internet service,No internet service,Month-to-month,Yes,Electronic check,26.49,437.87,No
CUST-00588,Male,0,No,No,53,No,No phone service,Fiber optic,No,No,No,No,Yes,Yes,Two year,No,Credit card (automatic),80.02,4191.0,No
CUST-00589,Female,0,No,No,3,Yes,Yes,Fiber optic,Yes,No,No,No,No,Yes,Month-to-month,Yes,Mailed check,80.18,255.89,Yes
CUST-00590,Female,0,No,No,20,Yes,Yes,No,No internet service,No internet service,No internet service,No internet service,No internet service,No internet service,Month-to-month,Yes,Mailed check,30.39,593.65,Yes
CUST-00591,Female,0,No,No,1,Yes,No,Fiber optic,Yes,No,No,Yes,No,No,Month-to-month,Yes,Electronic check,77.54,69.82,Yes
CUST-00592,Female,0,Yes,No,1,Yes,Yes,DSL,No,No,No,No,Yes,Yes,Month-to-month,No,Electronic check,51.92,45.07,Yes
CUST-00593,Male,0,No,No,9,Yes,Yes,DSL,No,No,Yes,No,Yes,Yes,Month-to-month,No,Credit card (automatic),58.42,557.97,Yes
CUST-00594,Female,0,Yes,No,29,Yes,No,DSL,No,No,Yes,No,Yes,No,Month-to-month,Yes,Electronic check,68.94,2011.69,No
CUST-00595,Male,0,Yes,No,37,Yes,Yes,No,No internet service,No internet service,No internet service,No internet service,No internet service,No internet service,One year,Yes,Bank transfer (automatic),35.23,1322.31,No
CUST-00596,Female,0,No,Yes,30,Yes,No,DSL,No,Yes,No,No,Yes,No,One year,Yes,Mailed check,49.83,1488.19,No
CUST-00597,Female,0,Yes,Yes,24,Yes,Yes,DSL,Yes,Yes,No,No,No,No,One year,Yes,Electronic check,57.05,1388.81,No
CUST-00598,Female,0,No,No,13,Yes,No,Fiber optic,No,No,Yes,No,Yes,No,Month-to-month,Yes,Electronic check,92.18,1277.09,Yes
CUST-00599,Female,0,Yes,No,11,Yes,Yes,No,No internet service,No internet service,No internet service,No internet service,No internet service,No internet service,Month-to-month,Yes,Electronic check,37.23,456.63,No
CUST-00600,Female,1,Yes,No,33,Yes,No,DSL,No,No,No,No,Yes,Yes,Two year,No,Electronic check,57.75,1868.13,No
CUST-00601,Female,0,No,No,41,Yes,No,Fiber optic,No,No,Yes,Yes,No,No,Month-to-month,Yes,Credit card (automatic),89.33,3708.22,No
CUST-00602,Female,0,Yes,No,31,Yes,No,Fiber optic,Yes,No,Yes,No,No,Yes,Month-to-month,Yes,Electronic check,84.1,2625.54,No
CUST-00603,Female,0,No,Yes,2,Yes,No,DSL,No,Yes,No,No,No,Yes,Month-to-month,Yes,Credit card (automatic),65.83,132.61,Yes
CUST-00604,Male,0,No,No,11,Yes,No,Fiber optic,No,No,No,No,No,No,Month-to-month,Yes,Mailed check,79.5,907.05,Yes
CUST-00605,Female,1,No,Yes,22,Yes,Yes,Fiber optic,No,No,Yes,Yes,No,No,Month-to-month,Yes,Mailed check,88.77,1979.63,Yes
CUST-00606,Female,0,Yes,No,39,Yes,Yes,DSL,No,Yes,Yes,No,Yes,Yes,One year,Yes,Mailed check,56.3,2203.94,No
CUST-00607,Male,0,No,Yes,50,Yes,Yes,DSL,No,No,No,No,Yes,No,Two year,Yes,Electronic check,62.53,3112.23,Yes
CUST-00608,Female,0,Yes,No,38,Yes,No,No,No internet service,No internet service,No internet service,No internet service,No internet service,No internet service,Two year,Yes,Electronic check,30.34,1123.14,No
CUST-00609,Female,1,Yes,No,0,Yes,No,No,No internet service,No internet service,No internet service,No internet service,No internet service,No internet service,Month-to-month,Yes,Bank transfer (automatic),32.46,0.0,No
CUST-00610,Female,0,Yes,No,2,Yes,No,Fiber optic,Yes,No,No,No,Yes,No,Month-to-month,No,Bank transfer (automatic),84.31,182.6,Yes
CUST-00611,Female,0,Yes,No,22,Yes,Yes,DSL,Yes,No,Yes,No,No,No,One year,Yes,Mailed check,56.92,1241.74,No
CUST-00612,Male,0,No,No,5,Yes,Yes,DSL,Yes,No,No,No,No,Yes,Month-to-month,Yes,Electronic check,63.36,316.04,No
CUST-00613,Female,0,Yes,No,13,Yes,No,DSL,No,No,Yes,No,No,Yes,Month-to-month,No,Electronic check,56.3,717.18,Yes
CUST-00614,Male,0,Yes,No,36,No,No phone service,DSL,No,No,No,No,No,No,One year,Yes,Electronic check,59.99,2118.96,No
CUST-00615,Female,0,No,Yes,44,Yes,Yes,Fiber optic,Yes,No,Yes,Yes,No,Yes,Month-to-month,Yes,Credit card (automatic),99.23,4415.45,No
CUST-00616,Female,0,No,Yes,11,Yes,No,DSL,No,No,No,No,No,No,Month-to-month,No,Mailed check,52.4,581.86,No
CUST-00617,Male,0,Yes,Yes,2,Yes,Yes,DSL,No,No,No,No,No,Yes,Month-to-month,Yes,Mailed check,57.65,39.78,No
CUST-00618,Male,1,Yes,Yes,29,Yes,No,Fiber optic,No,No,Yes,No,Yes,Yes,One year,No,Electronic check,81.34,2389.17,Yes
CUST-00619,Male,0,Yes,No,2,Yes,Yes,DSL,No,Yes,No,No,No,Yes,Month-to-month,Yes,Bank transfer (automatic),58.75,129.82,No
CUST-00620,Male,0,No,No,9,Yes,No,DSL,No,No,Yes,Yes,No,No,Month-to-month,No,Electronic check,58.97,553.08,Yes
CUST-00621,Male,1,No,No,18,Yes,No,Fiber optic,Yes,No,No,No,No,No,Month-to-month,Yes,Electronic check,89.29,1650.19,Yes
CUST-00622,Male,0,No,No,53,Yes,No,DSL,No,No,Yes,No,No,Yes,Two year,No,Electronic check,64.24,3398.7,No
CUST-00623,Male,1,No,No,40,No,No phone service,Fiber optic,No,Yes,No,Yes,No,No,Two year,No,Credit card (automatic),92.11,3690.42,No
CUST-00624,Male,0,Yes,Yes,54,No,No phone service,DSL,No,No,No,Yes,Yes,No,Two year,Yes,Bank transfer (automatic),66.59,3543.12,No
CUST-00625,Female,1,No,No,49,Yes,Yes,DSL,Yes,No,Yes,Yes,Yes,No,Two year,Yes,Bank transfer (automatic),68.16,3318.9,No
CUST-00626,Male,0,Yes,No,51,No,No phone service,Fiber optic,Yes,No,No,Yes,No,Yes,Month-to-month,No,Credit card (automatic),83.35,4288.47,Yes
CUST-00627,Male,0,Yes,No,6,Yes,No,Fiber optic,Yes,Yes,Yes,No,Yes,Yes,Month-to-month,No,Bank transfer (automatic),101.7,608.77,No
CUST-00628,Male,0,Yes,Yes,16,Yes,Yes,DSL,Yes,No,Yes,Yes,No,Yes,Month-to-month,No,Electronic check,58.11,914.79,No
CUST-00629,Female,0,Yes,No,3,Yes,No,No,No internet service,No internet service,No internet service,No internet service,No internet service,No internet service,Month-to-month,Yes,Bank transfer (automatic),22.56,78.52,No
CUST-00630,Male,1,No,No,44,Yes,Yes,No,No internet service,No internet service,No internet service,No internet service,No internet service,No internet service,One year,No,Electronic check,30.46,1304.27,No
CUST-00631,Female,0,Yes,No,10,Yes,No,Fiber optic,Yes,No,No,Yes,No,No,Month-to-month,Yes,Mailed check,80.09,778.73,No
CUST-00632,Male,0,Yes,Yes,72,Yes,Yes,DSL,No,No,No,No,Yes,Yes,Two year,No,Electronic check,58.06,4212.04,No
CUST-00633,Male,0,Yes,Yes,0,Yes,No,DSL,Yes,No,Yes,No,Yes,No,Month-to-month,Yes,Electronic check,53.09,0.0,Yes
CUST-00634,Male,0,No,No,15,Yes,No,No,No internet service,No internet service,No internet service,No internet service,No internet service,No internet service,One year,Yes,Bank transfer (automatic),24.67,349.51,Yes
CUST-00635,Male,0,No,No,47,Yes,Yes,DSL,Yes,No,No,No,Yes,No,Two year,Yes,Bank transfer (automatic),51.07,2404.66,No
CUST-00636,Female,0,No,Yes,11,Yes,No,DSL,No,Yes,No,No,No,Yes,Month-to-month,Yes,Bank transfer (automatic),63.14,710.46,Yes
CUST-00637,Male,0,No,No,25,Yes,No,DSL,No,Yes,No,No,No,Yes,One year,Yes,Electronic check,60.9,1488.76,No
CUST-00638,Male,1,No,No,15,Yes,Yes,DSL,No,Yes,Yes,Yes,Yes,No,One year,No,Electronic check,60.99,934.77,No
CUST-00639,Female,0,Yes,No,30,Yes,No,DSL,Yes,No,Yes,No,No,Yes,One year,Yes,Credit card (automatic),54.58,1639.12,No
CUST-00640,Female,0,Yes,No,50,Yes,Yes,DSL,No,No,No,No,No,Yes,Two year,No,Credit card (automatic),54.11,2755.4,No
CUST-00641,Female,0,Yes,No,26,Yes,No,Fiber optic,No,Yes,No,No,No,No,Month-to-month,No,Credit card (automatic),82.55,2172.27,Yes
CUST-00642,Female,0,Yes,No,9,Yes,No,DSL,Yes,No,Yes,No,No,No,Month-to-month,No,Credit card (automatic),64.54,571.28,Yes
CUST-00643,Female,0,No,No,29,Yes,No,Fiber optic,No,Yes,No,Yes,No,Yes,Two year,Yes,Electronic check,80.98,2392.46,No
CUST-00644,Male,0,Yes,Yes,35,Yes,No,Fiber optic,Yes,Yes,Yes,No,No,Yes,One year,No,Credit card (automatic),97.7,3421.17,No
CUST-00645,Female,0,Yes,No,52,Yes,No,DSL,Yes,No,No,No,No,No,One year,Yes,Electronic check,54.62,2857.08,No
CUST-00646,Male,0,No,Yes,72,Yes,No,No,No internet service,No internet service,No internet service,No internet service,No internet service,No internet service,Month-to-month,Yes,Electronic check,24.89,1769.63,No
CUST-00647,Male,0,Yes,No,14,Yes,No,Fiber optic,No,Yes,No,Yes,Yes,Yes,Month-to-month,Yes,Electronic check,84.36,1144.04,No
CUST-00648,Female,0,Yes,No,0,Yes,No,Fiber optic,No,No,Yes,No,Yes,Yes,Month-to-month,No,Credit card (automatic),87.44,0.0,Yes
CUST-00649,Female,0,Yes,No,58,No,No phone service,DSL,No,Yes,Yes,No,No,Yes,Two year,Yes,Electronic check,54.95,3165.26,No
CUST-00650,Female,0,No,No,18,Yes,No,Fiber optic,Yes,Yes,No,No,No,Yes,Month-to-month,Yes,Electronic check,89.74,1615.41,No
CUST-00651,Male,0,Yes,No,2,Yes,Yes,Fiber optic,Yes,No,No,Yes,Yes,Yes,Month-to-month,Yes,Mailed check,98.5,173.11,Yes
CUST-00652,Female,0,Yes,Yes,8,Yes,Yes,No,No internet service,No internet service,No internet service,No internet service,No internet service,No internet service,Month-to-month,Yes,Credit card (automatic),40.69,335.72,Yes
CUST-00653,Male,0,Yes,Yes,28,Yes,Yes,Fiber optic,No,No,No,No,Yes,No,Month-to-month,Yes,Bank transfer (automatic),84.01,2345.1,No
CUST-00654,Female,0,No,No,10,Yes,No,Fiber optic,Yes,Yes,Yes,No,No,Yes,Month-to-month,No,Electronic check,93.36,933.74,Yes
CUST-00655,Female,0,Yes,No,9,No,No phone service,No,No internet service,No internet service,No internet service,No internet service,No internet service,No internet service,One year,Yes,Electronic check,29.33,311.9,No
CUST-00656,Female,0,Yes,No,43,Yes,Yes,DSL,No,No,Yes,Yes,Yes,No,Month-to-month,Yes,Electronic check,72.98,3196.6,No
CUST-00657,Female,1,No,No,1,Yes,No,Fiber optic,No,No,No,No,No,Yes,Month-to-month,No,Bank transfer (automatic),87.55,28.8,No
CUST-00658,Female,0,No,No,15,Yes,No,Fiber optic,No,No,Yes,No,No,Yes,Month-to-month,Yes,Credit card (automatic),81.7,1180.66,Yes
CUST-00659,Male,0,Yes,No,8,No,No phone service,Fiber optic,No,Yes,No,Yes,Yes,Yes,Month-to-month,Yes,Electronic check,90.72,732.49,No
CUST-00660,Male,0,Yes,No,49,Yes,No,DSL,No,No,No,No,No,No,Two year,No,Electronic check,47.35,2304.7,No
CUST-00661,Male,0,Yes,No,55,Yes,No,DSL,No,No,No,No,No,Yes,Two year,Yes,Bank transfer (automatic),67.64,3661.03,No
CUST-00662,Female,0,No,No,25,Yes,No,DSL,Yes,Yes,Yes,No,Yes,No,One year,No,Mailed check,67.74,1708.99,No
CUST-00663,Male,1,Yes,No,48,Yes,Yes,No,No internet service,No internet service,No internet service,No internet service,No internet service,No internet service,Two year,Yes,Bank transfer (automatic),37.02,1732.9,No
CUST-00664,Male,0,No,No,1,Yes,No,Fiber optic,Yes,Yes,No,No,No,Yes,Month-to-month,Yes,Credit card (automatic),85.14,111.63,Yes
CUST-00665,Female,0,No,Yes,67,No,No phone service,Fiber optic,No,No,Yes,No,Yes,No,Two year,No,Bank transfer (automatic),89.9,6061.95,No
CUST-00666,Female,0,No,Yes,0,Yes,Yes,No,No internet service,No internet service,No internet service,No internet service,No internet service,No internet service,Month-to-month,No,Mailed check,27.24,0.0,No
CUST-00667,Female,0,Yes,No,61,Yes,No,DSL,Yes,No,No,No,No,No,One year,Yes,Credit card (automatic),46.49,2807.28,No
CUST-00668,Female,0,No,No,40,Yes,Yes,Fiber optic,No,Yes,No,No,Yes,No,One year,Yes,Electronic check,79.83,3194.27,No
CUST-00669,Female,0,No,No,6,Yes,Yes,Fiber optic,No,No,No,No,Yes,Yes,Month-to-month,No,Bank transfer (automatic),88.86,577.47,Yes
CUST-00670,Male,0,No,No,18,Yes,No,Fiber optic,No,Yes,No,No,No,No,Month-to-month,No,Mailed check,98.84,1695.29,No
CUST-00671,Female,1,Yes,No,63,Yes,Yes,Fiber optic,No,No,Yes,No,Yes,No,Month-to-month,Yes,Mailed check,95.4,5965.26,No
CUST-00672,Female,0,No,No,14,Yes,Yes,No,No internet service,No internet service,No internet service,No internet service,No internet service,No internet service,Month-to-month,Yes,Bank transfer (automatic),31.88,467.68,No
CUST-00673,Female,1,No,No,5,Yes,No,Fiber optic,No,No,Yes,No,No,No,Month-to-month,No,Electronic check,96.54,543.54,Yes
CUST-00674,Male,0,No,No,53,Yes,Yes,DSL,No,Yes,No,Yes,No,No,Two year,Yes,Electronic check,56.38,2890.1,No
CUST-00675,Female,0,No,No,12,Yes,No,Fiber optic,No,No,No,Yes,No,Yes,Month-to-month,No,Mailed check,90.5,1039.75,No
CUST-00676,Female,0,No,Yes,16,Yes,Yes,DSL,No,No,Yes,No,No,Yes,One year,Yes,Credit card (automatic),53.08,835.49,No
CUST-00677,Female,0,Yes,Yes,1,Yes,No,Fiber optic,Yes,No,No,No,Yes,Yes,Month-to-month,No,Bank transfer (automatic),89.49,94.03,Yes
CUST-00678,Male,1,No,No,6,Yes,Yes,DSL,No,No,Yes,No,No,No,Month-to-month,No,Credit card (automatic),56.39,414.11,Yes
CUST-00679,Female,0,No,No,3,Yes,Yes,Fiber optic,Yes,Yes,No,No,Yes,No,Month-to-month,Yes,Mailed check,94.85,324.01,Yes
CUST-00680,Female,1,No,No,3,No,No phone service,Fiber optic,No,Yes,No,Yes,Yes,No,Month-to-month,Yes,Mailed check,80.25,259.0,Yes
CUST-00681,Female,0,Yes,No,28,Yes,Yes,DSL,No,No,No,No,Yes,No,Month-to-month,Yes,Bank transfer (automatic),51.56,1387.09,No
CUST-00682,Male,0,Yes,No,8,Yes,Yes,DSL,Yes,No,No,No,Yes,No,Month-to-month,No,Credit card (automatic),68.85,551.03,No
CUST-00683,Female,0,No,No,18,No,No phone service,DSL,Yes,No,No,No,No,Yes,Month-to-month,No,Electronic check,65.86,1218.44,No
CUST-00684,Female,0,No,No,4,Yes,Yes,DSL,No,Yes,Yes,No,No,No,Month-to-month,Yes,Electronic check,60.55,197.49,Yes
CUST-00685,Male,1,Yes,No,39,No,No phone service,DSL,No,Yes,Yes,No,Yes,No,Two year,No,Electronic check,68.6,2659.07,Yes
CUST-00686,Female,0,Yes,Yes,39,Yes,No,Fiber optic,No,No,Yes,No,No,Yes,Two year,No,Electronic check,88.86,3459.78,No
CUST-00687,Male,0,No,No,9,Yes,Yes,Fiber optic,No,No,No,Yes,No,No,Month-to-month,Yes,Electronic check,98.59,860.25,No
CUST-00688,Female,0,No,No,42,Yes,No,Fiber optic,No,No,Yes,No,Yes,No,One year,Yes,Credit card (automatic),88.54,3747.23,No
CUST-00689,Male,0,Yes,No,43,Yes,No,DSL,No,Yes,Yes,No,No,Yes,Two year,No,Credit card (automatic),65.19,2838.02,No
CUST-00690,Female,0,Yes,No,3,Yes,Yes,Fiber optic,Yes,No,Yes,Yes,No,No,Month-to-month,Yes,Bank transfer (automatic),86.48,226.13,No
CUST-00691,Female,0,Yes,No,23,Yes,No,No,No internet service,No internet service,No internet service,No internet service,No internet service,No internet service,Month-to-month,Yes,Bank transfer (automatic),28.5,613.25,No
CUST-00692,Female,0,Yes,Yes,19,Yes,No,Fiber optic,No,No,No,No,No,Yes,Month-to-month,No,Electronic check,76.16,1444.17,Yes
CUST-00693,Female,0,No,Yes,1,Yes,Yes,Fiber optic,No,Yes,Yes,No,No,Yes,Month-to-month,Yes,Electronic check,90.94,104.84,No
CUST-00694,Female,0,No,No,35,Yes,Yes,Fiber optic,No,Yes,No,No,No,No,Two year,No,Electronic check,87.32,3131.89,No
CUST-00695,Male,0,No,Yes,45,Yes,Yes,DSL,Yes,Yes,No,Yes,No,No,Two year,No,Electronic check,64.22,2890.7,Yes
CUST-00696,Male,0,No,No,0,Yes,No,DSL,No,No,No,Yes,Yes,No,Month-to-month,Yes,Bank transfer (automatic),67.52,0.0,No
CUST-00697,Female,0,Yes,Yes,21,Yes,No,Fiber optic,No,Yes,Yes,Yes,Yes,No,Month-to-month,No,Electronic check,100.28,2074.59,No
CUST-00698,Female,1,Yes,Yes,69,Yes,Yes,DSL,No,Yes,No,Yes,Yes,Yes,Two year,Yes,Credit card (automatic),76.75,5302.71,No
CUST-00699,Male,0,Yes,No,1,Yes,Yes,Fiber optic,No,No,No,Yes,Yes,No,Month-to-month,Yes,Mailed check,80.18,69.54,No
CUST-00700,Male,0,Yes,Yes,5,Yes,Yes,Fiber optic,Yes,No,No,Yes,Yes,No,Month-to-month,Yes,Electronic check,94.69,504.64,No
CUST-00701,Female,0,No,No,1,Yes,No,DSL,Yes,No,No,No,Yes,Yes,Month-to-month,Yes,Credit card (automatic),66.06,74.54,Yes
CUST-00702,Female,0,Yes,No,45,Yes,No,Fiber optic,No,No,No,No,Yes,Yes,Two year,Yes,Credit card (automatic),92.73,4169.04,No
CUST-00703,Male,0,No,No,15,Yes,Yes,DSL,Yes,Yes,No,No,Yes,No,One year,Yes,Electronic check,61.38,883.31,No
CUST-00704,Male,0,Yes,Yes,23,Yes,Yes,DSL,No,Yes,No,No,Yes,No,One year,No,Credit card (automatic),60.6,1411.23,No
CUST-00705,Male,0,Yes,Yes,26,Yes,Yes,Fiber optic,No,No,No,Yes,Yes,No,One year,Yes,Electronic check,82.62,2141.98,No
CUST-00706,Female,0,Yes,No,16,Yes,No,Fiber optic,No,Yes,No,No,No,No,Month-to-month,No,Electronic check,92.69,1510.53,Yes
CUST-00707,Male,0,No,No,7,Yes,No,No,No internet service,No internet service,No internet service,No internet service,No internet service,No internet service,Month-to-month,Yes,Electronic check,28.54,142.35,No
CUST-00708,Female,0,No,No,61,Yes,Yes,No,No internet service,No internet service,No internet service,No internet service,No internet service,No internet service,Two year,No,Bank transfer (automatic),38.23,2344.17,No
CUST-00709,Male,0,No,Yes,67,Yes,No,Fiber optic,No,No,No,Yes,Yes,Yes,Two year,Yes,Electronic check,82.7,5571.41,No
CUST-00710,Male,0,Yes,Yes,1,Yes,No,DSL,No,Yes,No,No,No,Yes,Month-to-month,No,Electronic check,61.06,62.96,No
CUST-00711,Female,0,No,Yes,2,Yes,Yes,DSL,No,No,No,No,Yes,No,Month-to-month,Yes,Electronic check,58.03,149.53,No
CUST-00712,Female,0,No,No,58,Yes,Yes,DSL,No,No,No,No,No,Yes,Two year,Yes,Electronic check,47.36,2763.47,No
CUST-00713,Female,0,Yes,Yes,3,Yes,No,DSL,Yes,No,Yes,No,No,No,Month-to-month,No,Electronic check,64.37,168.48,Yes
CUST-00714,Female,0,Yes,Yes,0,Yes,Yes,DSL,No,No,Yes,Yes,No,No,Month-to-month,No,Credit card (automatic),66.83,0.0,Yes
CUST-00715,Female,0,Yes,No,22,Yes,Yes,Fiber optic,No,Yes,No,No,Yes,Yes,Month-to-month,Yes,Mailed check,85.1,1911.54,Yes
CUST-00716,Female,0,Yes,No,2,Yes,Yes,Fiber optic,No,Yes,No,No,No,No,Month-to-month,Yes,Bank transfer (automatic),84.7,146.64,Yes
CUST-00717,Female,0,No,No,31,Yes,No,DSL,No,Yes,No,Yes,Yes,No,One year,Yes,Bank transfer (automatic),57.72,1784.33,No
CUST-00718,Male,0,Yes,Yes,30,Yes,Yes,Fiber optic,Yes,Yes,No,No,Yes,Yes,One year,No,Mailed check,99.95,2977.26,No
CUST-00719,Male,1,No,No,2,Yes,Yes,No,No internet service,No internet service,No internet service,No internet service,No internet service,No internet service,Month-to-month,No,Credit card (automatic),20.76,83.89,Yes
CUST-00720,Female,0,No,Yes,2,Yes,No,DSL,No,No,Yes,No,Yes,Yes,Month-to-month,Yes,Bank transfer (automatic),50.49,10.25,Yes
CUST-00721,Male,0,Yes,No,17,No,No phone service,DSL,Yes,Yes,Yes,No,No,Yes,Month-to-month,No,Credit card (automatic),69.7,1220.51,No
CUST-00722,Female,0,No,No,2,Yes,Yes,Fiber optic,No,No,Yes,No,No,No,Month-to-month,No,Bank transfer (automatic),87.53,153.59,No
CUST-00723,Female,0,Yes,Yes,8,Yes,Yes,DSL,No,Yes,No,Yes,Yes,No,Month-to-month,Yes,Electronic check,66.26,614.4,Yes
CUST-00724,Male,0,No,No,15,No,No phone service,DSL,No,No,No,Yes,Yes,Yes,Month-to-month,No,Electronic check,64.16,999.04,No
CUST-00725,Female,0,Yes,No,69,Yes,Yes,Fiber optic,Yes,No,No,Yes,No,No,Two year,Yes,Mailed check,92.94,6380.63,No
CUST-00726,Male,1,Yes,No,52,Yes,No,Fiber optic,Yes,Yes,Yes,No,No,No,Two year,No,Credit card (automatic),92.79,4887.55,No
CUST-00727,Female,0,Yes,Yes,18,No,No phone service,No,No internet service,No internet service,No internet service,No internet service,No internet service,No internet service,Month-to-month,Yes,Credit card (automatic),25.86,439.95,No
CUST-00728,Male,0,No,No,40,Yes,No,DSL,Yes,No,Yes,Yes,No,Yes,One year,Yes,Mailed check,76.72,3092.33,No
CUST-00729,Male,0,No,Yes,52,Yes,Yes,No,No internet service,No internet service,No internet service,No internet service,No internet service,No internet service,Two year,Yes,Electronic check,30.52,1605.08,No
CUST-00730,Female,0,No,No,2,Yes,Yes,DSL,No,Yes,Yes,No,No,Yes,Month-to-month,Yes,Electronic check,60.28,208.05,Yes
CUST-00731,Female,1,Yes,Yes,43,Yes,Yes,DSL,Yes,Yes,No,No,Yes,No,Two year,No,Mailed check,64.79,2748.1,No
CUST-00732,Male,0,No,No,11,Yes,Yes,DSL,No,Yes,No,Yes,No,Yes,Month-to-month,No,Electronic check,56.0,520.33,No
CUST-00733,Female,0,Yes,No,39,Yes,No,DSL,No,No,No,Yes,Yes,Yes,One year,No,Electronic check,71.14,2727.6,No
CUST-00734,Female,0,No,No,0,Yes,No,No,No internet service,No internet service,No internet service,No internet service,No internet service,No internet service,Month-to-month,Yes,Credit card (automatic),21.92,0.0,No
CUST-00735,Male,0,No,No,10,Yes,No,DSL,No,No,No,No,No,No,Month-to-month,Yes,Bank transfer (automatic),55.09,508.57,No
CUST-00736,Female,0,No,No,19,Yes,No,DSL,No,Yes,Yes,Yes,Yes,Yes,One year,No,Credit card (automatic),69.89,1271.96,No
CUST-00737,Female,0,Yes,No,28,Yes,Yes,Fiber optic,Yes,No,No,No,No,No,One year,No,Electronic check,73.38,2041.32,Yes
CUST-00738,Male,1,No,No,0,Yes,No,DSL,No,No,No,No,No,Yes,Month-to-month,No,Bank transfer (automatic),58.65,0.0,No
CUST-00739,Female,0,No,No,37,No,No phone service,Fiber optic,Yes,No,Yes,Yes,No,No,One year,Yes,Mailed check,89.76,3205.13,No
CUST-00740,Female,0,Yes,Yes,42,Yes,No,No,No internet service,No internet service,No internet service,No internet service,No internet service,No internet service,Two year,Yes,Bank transfer (automatic),23.78,1005.66,No
CUST-00741,Female,0,No,No,60,Yes,No,DSL,Yes,No,No,No,No,Yes,Two year,Yes,Credit card (automatic),57.67,3466.91,No
CUST-00742,Female,0,Yes,Yes,16,Yes,Yes,DSL,No,No,No,No,Yes,No,One year,No,Electronic check,61.2,1011.0,No
CUST-00743,Female,0,No,No,38,Yes,No,Fiber optic,No,No,No,No,No,No,Month-to-month,No,Bank transfer (automatic),89.07,3342.65,No
CUST-00744,Male,0,No,No,21,Yes,No,No,No internet service,No internet service,No internet service,No internet service,No internet service,No internet service,Month-to-month,No,Mailed check,29.84,695.6,Yes
CUST-00745,Female,0,No,Yes,9,Yes,Yes,No,No internet service,No internet service,No internet service,No internet service,No internet service,No internet service,Month-to-month,No,Mailed check,18.36,172.59,No
CUST-00746,Male,0,Yes,No,40,Yes,No,No,No internet service,No internet service,No internet service,No internet service,No internet service,No internet service,Two year,Yes,Mailed check,24.54,998.27,No
CUST-00747,Female,1,Yes,No,51,Yes,Yes,Fiber optic,Yes,No,No,No,No,Yes,One year,Yes,Electronic check,86.08,4369.05,Yes
CUST-00748,Male,0,No,No,68,Yes,Yes,Fiber optic,No,Yes,No,Yes,Yes,No,Two year,No,Electronic check,82.1,5627.9,No
CUST-00749,Male,0,Yes,No,23,Yes,Yes,Fiber optic,No,Yes,Yes,No,No,Yes,Month-to-month,Yes,Credit card (automatic),80.74,1955.5,No
CUST-00750,Male,0,No,Yes,57,Yes,Yes,Fiber optic,Yes,No,Yes,No,No,Yes,Two year,No,Bank transfer (automatic),90.79,5162.18,No
CUST-00751,Female,0,Yes,Yes,59,Yes,Yes,DSL,No,Yes,No,No,No,Yes,Two year,No,Credit card (automatic),56.28,3331.02,No
CUST-00752,Male,0,No,Yes,27,Yes,No,Fiber optic,No,No,Yes,No,Yes,No,One year,No,Mailed check,91.14,2485.19,No
CUST-00753,Male,0,Yes,No,47,Yes,Yes,Fiber optic,No,No,No,No,Yes,No,Two year,No,Credit card (automatic),91.25,4345.51,No
CUST-00754,Female,0,Yes,Yes,2,Yes,No,No,No internet service,No internet service,No internet service,No internet service,No internet service,No internet service,Month-to-month,No,Bank transfer (automatic),18.0,76.64,Yes
CUST-00755,Female,1,Yes,No,5,Yes,Yes,Fiber optic,No,No,No,No,Yes,No,Month-to-month,No,Credit card (automatic),98.85,514.98,Yes
CUST-00756,Male,0,Yes,No,17,Yes,Yes,Fiber optic,No,No,No,No,Yes,Yes,Month-to-month,Yes,Mailed check,90.47,1561.64,No
CUST-00757,Female,0,Yes,No,6,Yes,No,No,No internet service,No internet service,No internet service,No internet service,No internet service,No internet service,Month-to-month,No,Bank transfer (automatic),31.42,224.14,No
CUST-00758,Male,0,Yes,No,24,Yes,No,DSL,No,Yes,No,Yes,No,No,Month-to-month,Yes,Electronic check,63.49,1564.78,Yes
CUST-00759,Male,1,No,No,19,Yes,No,Fiber optic,No,No,Yes,No,Yes,No,One year,No,Mailed check,89.06,1734.5,No
CUST-00760,Female,0,Yes,No,1,Yes,No,No,No internet service,No internet service,No internet service,No internet service,No internet service,No internet service,Month-to-month,Yes,Electronic check,20.1,0.0,No
CUST-00761,Male,1,No,No,21,Yes,No,Fiber optic,No,No,Yes,No,No,No,Month-to-month,No,Electronic check,86.66,1931.88,Yes
CUST-00762,Female,1,No,No,4,Yes,Yes,No,No internet service,No internet service,No internet service,No internet service,No internet service,No internet service,Month-to-month,No,Mailed check,18.0,84.98,Yes
CUST-00763,Female,0,No,No,60,Yes,Yes,DSL,No,No,No,Yes,No,No,One year,Yes,Mailed check,67.84,4092.85,No
CUST-00764,Female,0,Yes,No,58,Yes,Yes,DSL,No,No,No,Yes,No,Yes,Two year,Yes,Credit card (automatic),55.67,3268.31,No
CUST-00765,Male,0,Yes,No,11,Yes,Yes,DSL,No,Yes,No,No,Yes,No,Month-to-month,Yes,Mailed check,61.43,699.46,No
CUST-00766,Female,0,Yes,No,30,Yes,Yes,DSL,Yes,No,No,Yes,No,No,One year,Yes,Electronic check,51.75,1590.58,Yes
CUST-00767,Female,0,No,No,43,Yes,No,Fiber optic,No,Yes,No,No,Yes,Yes,Two year,Yes,Credit card (automatic),96.72,4135.13,No
CUST-00768,Male,0,No,No,22,Yes,Yes,Fiber optic,No,No,No,No,Yes,No,One year,Yes,Electronic check,84.66,1865.63,Yes
CUST-00769,Male,0,Yes,Yes,31,Yes,No,DSL,No,No,No,No,No,No,One year,Yes,Electronic check,61.84,1918.26,No
CUST-00770,Male,0,Yes,No,25,Yes,Yes,Fiber optic,No,No,Yes,Yes,No,No,One year,Yes,Credit card (automatic),93.74,2382.4,No
CUST-00771,Female,1,Yes,Yes,40,Yes,No,Fiber optic,No,No,No,No,Yes,No,Two year,Yes,Bank transfer (automatic),77.34,3098.26,No
CUST-00772,Female,0,Yes,No,6,Yes,No,DSL,Yes,Yes,No,Yes,No,No,Month-to-month,No,Electronic check,61.06,375.86,Yes
CUST-00773,Male,0,No,Yes,11,Yes,No,Fiber optic,Yes,No,No,No,No,No,One year,No,Mailed check,81.97,912.94,No
CUST-00774,Female,1,Yes,No,8,Yes,No,Fiber optic,No,No,No,No,No,Yes,Month-to-month,No,Electronic check,81.72,709.62,No
CUST-00775,Female,0,Yes,Yes,59,Yes,No,DSL,No,No,No,No,No,No,Month-to-month,Yes,Mailed check,59.85,3425.11,No
CUST-00776,Female,0,Yes,Yes,12,No,No phone service,Fiber optic,No,No,Yes,Yes,No,Yes,One year,Yes,Mailed check,89.27,1088.96,Yes
CUST-00777,Male,0,Yes,No,36,Yes,No,Fiber optic,No,No,Yes,No,No,No,Two year,Yes,Bank transfer (automatic),85.89,3077.69,No
CUST-00778,Male,1,Yes,No,72,No,No phone service,Fiber optic,No,No,No,No,No,No,Two year,Yes,Electronic check,83.83,5964.86,No
CUST-00779,Male,0,Yes,Yes,56,Yes,No,DSL,No,No,No,No,No,No,Two year,No,Electronic check,55.84,3084.69,No
CUST-00780,Female,0,Yes,Yes,38,Yes,Yes,Fiber optic,No,No,Yes,No,No,Yes,One year,No,Mailed check,84.2,3156.7,No
CUST-00781,Female,0,Yes,Yes,3,Yes,No,DSL,Yes,Yes,Yes,No,Yes,No,Month-to-month,Yes,Bank transfer (automatic),71.76,198.81,Yes
CUST-00782,Female,0,No,No,58,Yes,No,No,No internet service,No internet service,No internet service,No internet service,No internet service,No internet service,Two year,No,Electronic check,29.98,1705.76,No
CUST-00783,Male,0,No,No,12,Yes,No,DSL,No,No,No,Yes,No,No,Month-to-month,Yes,Mailed check,48.44,583.68,No
CUST-00784,Male,0,Yes,No,16,Yes,Yes,DSL,Yes,Yes,No,Yes,No,No,Month-to-month,No,Credit card (automatic),63.96,1054.88,No
CUST-00785,Male,1,No,No,6,Yes,Yes,Fiber optic,No,Yes,Yes,No,Yes,Yes,Month-to-month,Yes,Electronic check,94.01,570.76,Yes
CUST-00786,Female,0,Yes,No,29,Yes,Yes,DSL,No,No,No,No,No,No,One year,Yes,Electronic check,57.94,1652.76,No
CUST-00787,Male,1,No,No,38,Yes,No,DSL,No,No,Yes,Yes,Yes,No,One year,No,Mailed check,65.13,2482.98,Yes
CUST-00788,Female,0,No,No,60,Yes,No,DSL,Yes,No,Yes,No,Yes,No,Two year,No,Mailed check,63.81,3853.56,No
CUST-00789,Female,1,Yes,Yes,4,No,No phone service,No,No internet service,No internet service,No internet service,No internet service,No internet service,No internet service,Month-to-month,Yes,Mailed check,34.35,184.77,No
CUST-00790,Male,0,Yes,No,52,Yes,No,Fiber optic,Yes,No,Yes,No,Yes,Yes,Two year,Yes,Electronic check,99.4,5135.97,No
CUST-00791,Male,0,No,No,4,No,No phone service,Fiber optic,No,No,No,No,No,No,One year,Yes,Bank transfer (automatic),82.27,397.42,Yes
CUST-00792,Male,0,Yes,No,50,Yes,No,DSL,No,Yes,No,No,Yes,No,Two year,Yes,Electronic check,61.35,3074.28,No
CUST-00793,Female,0,Yes,No,3,Yes,No,Fiber optic,No,Yes,No,No,Yes,No,Month-to-month,Yes,Credit card (automatic),97.36,297.82,No
CUST-00794,Female,0,No,No,25,Yes,No,Fiber optic,Yes,Yes,No,Yes,Yes,Yes,One year,Yes,Electronic check,98.05,2423.15,No
CUST-00795,Male,0,No,No,24,Yes,No,DSL,Yes,No,Yes,No,No,Yes,One year,No,Credit card (automatic),39.62,897.99,No
CUST-00796,Male,0,No,No,4,Yes,No,DSL,No,Yes,Yes,No,Yes,Yes,Month-to-month,No,Electronic check,58.4,177.3,Yes
CUST-00797,Female,0,No,Yes,57,Yes,Yes,Fiber optic,Yes,No,No,No,Yes,Yes,Month-to-month,Yes,Credit card (automatic),89.18,5154.87,No
CUST-00798,Male,0,No,No,10,Yes,Yes,DSL,No,Yes,No,No,No,Yes,Month-to-month,Yes,Mailed check,64.19,699.26,No
CUST-00799,Male,0,No,No,4,Yes,No,No,No internet service,No internet service,No internet service,No internet service,No internet service,No internet service,Month-to-month,No,Mailed check,35.97,168.9,No
CUST-00800,Male,0,No,Yes,6,Yes,No,DSL,No,Yes,No,No,No,Yes,Month-to-month,Yes,Credit card (automatic),49.92,255.41,No
CUST-00801,Male,0,No,No,39,Yes,Yes,DSL,No,Yes,No,No,No,Yes,One year,No,Electronic check,55.45,2158.42,No
CUST-00802,Male,0,No,Yes,43,Yes,No,DSL,No,Yes,No,No,Yes,No,One year,Yes,Electronic check,61.76,2596.55,No
CUST-00803,Female,1,No,Yes,35,No,No phone service,Fiber optic,No,No,No,No,No,No,One year,Yes,Electronic check,82.86,2875.86,No
CUST-00804,Female,0,No,No,28,Yes,Yes,DSL,No,Yes,No,Yes,Yes,Yes,Month-to-month,Yes,Credit card (automatic),65.1,1759.6,Yes
CUST-00805,Female,0,No,No,17,Yes,Yes,DSL,Yes,Yes,No,No,Yes,No,Month-to-month,Yes,Bank transfer (automatic),60.98,1020.5,Yes
CUST-00806,Female,0,No,No,38,No,No phone service,DSL,Yes,Yes,No,No,No,No,One year,Yes,Mailed check,62.31,2353.64,No
CUST-00807,Female,0,Yes,No,12,No,No phone service,DSL,No,No,No,No,No,Yes,One year,No,Mailed check,67.44,783.4,No
CUST-00808,Male,0,No,Yes,32,Yes,No,DSL,No,No,No,No,No,No,One year,Yes,Credit card (automatic),53.35,1670.17,No
CUST-00809,Male,1,Yes,No,26,Yes,No,Fiber optic,No,No,No,No,Yes,Yes,One year,Yes,Electronic check,87.72,2274.35,Yes
CUST-00810,Female,0,Yes,Yes,52,Yes,Yes,Fiber optic,Yes,Yes,No,No,No,Yes,Two year,Yes,Mailed check,91.39,4773.46,Yes
CUST-00811,Male,0,Yes,Yes,37,Yes,Yes,DSL,No,Yes,No,Yes,Yes,Yes,Two year,Yes,Mailed check,65.57,2477.28,No
CUST-00812,Female,0,No,No,30,Yes,Yes,Fiber optic,No,No,No,No,Yes,No,One year,Yes,Electronic check,99.17,2947.14,No
CUST-00813,Female,0,No,No,10,Yes,Yes,No,No internet service,No internet service,No internet service,No internet service,No internet service,No internet service,Month-to-month,Yes,Mailed check,26.15,285.16,No
CUST-00814,Male,0,Yes,Yes,5,Yes,No,Fiber optic,Yes,Yes,Yes,No,No,Yes,Month-to-month,No,Bank transfer (automatic),95.66,501.22,No
CUST-00815,Female,0,Yes,Yes,35,Yes,Yes,No,No internet service,No internet service,No internet service,No internet service,No internet service,No internet service,One year,No,Bank transfer (automatic),24.36,866.73,No
CUST-00816,Female,0,Yes,No,7,Yes,No,DSL,No,Yes,Yes,Yes,No,No,Month-to-month,No,Credit card (automatic),60.33,457.36,No
CUST-00817,Male,1,Yes,Yes,4,Yes,No,Fiber optic,Yes,No,Yes,No,Yes,No,Month-to-month,No,Electronic check,86.63,352.43,Yes
CUST-00818,Male,0,Yes,No,20,Yes,No,DSL,Yes,No,Yes,Yes,No,Yes,Month-to-month,Yes,Credit card (automatic),66.66,1332.05,No
CUST-00819,Female,1,No,No,41,Yes,Yes,No,No internet service,No internet service,No internet service,No internet service,No internet service,No internet service,Two year,Yes,Credit card (automatic),23.23,975.92,No
CUST-00820,Female,0,Yes,Yes,11,Yes,Yes,No,No internet service,No internet service,No internet service,No internet service,No internet service,No internet service,Month-to-month,Yes,Electronic check,28.22,385.99,No
CUST-00821,Male,0,Yes,No,12,Yes,Yes,Fiber optic,No,No,No,No,No,No,One year,Yes,Credit card (automatic),88.9,1005.29,Yes
CUST-00822,Female,0,Yes,No,42,Yes,No,DSL,Yes,No,No,Yes,No,No,Two year,Yes,Mailed check,63.86,2688.8,No
CUST-00823,Male,0,No,No,31,Yes,No,Fiber optic,No,No,No,Yes,No,No,One year,No,Bank transfer (automatic),83.73,2578.0,No
CUST-00824,Female,0,No,No,7,Yes,No,No,No internet service,No internet service,No internet service,No internet service,No internet service,No internet service,Month-to-month,No,Credit card (automatic),39.75,234.9,No
CUST-00825,Female,0,Yes,No,42,Yes,Yes,Fiber optic,Yes,Yes,No,Yes,Yes,No,Two year,Yes,Electronic check,87.47,3694.69,No
CUST-00826,Male,0,Yes,No,38,Yes,No,Fiber optic,No,Yes,Yes,Yes,Yes,No,One year,No,Credit card (automatic),101.58,3846.87,Yes
CUST-00827,Female,0,No,No,9,Yes,Yes,Fiber optic,Yes,No,No,No,Yes,No,Month-to-month,No,Bank transfer (automatic),82.92,726.79,No
CUST-00828,Female,0,Yes,No,10,Yes,No,DSL,Yes,No,No,Yes,Yes,No,One year,No,Credit card (automatic),65.57,668.63,No
CUST-00829,Female,1,No,Yes,3,Yes,Yes,Fiber optic,No,Yes,No,No,No,Yes,Month-to-month,Yes,Credit card (automatic),85.35,287.47,Yes
CUST-00830,Male,1,No,No,46,Yes,Yes,DSL,No,No,No,No,No,Yes,One year,No,Electronic check,62.45,2828.9,No
CUST-00831,Male,0,No,Yes,29,Yes,Yes,No,No internet service,No internet service,No internet service,No internet service,No internet service,No internet service,Two year,Yes,Mailed check,35.61,1040.96,No
CUST-00832,Male,1,No,No,6,Yes,No,DSL,Yes,Yes,No,No,Yes,No,Month-to-month,Yes,Bank transfer (automatic),62.62,431.93,No
CUST-00833,Male,0,Yes,No,44,Yes,Yes,Fiber optic,No,No,Yes,No,No,No,Two year,No,Electronic check,93.41,4116.49,Yes
CUST-00834,Male,0,Yes,No,18,Yes,Yes,DSL,Yes,Yes,No,No,Yes,Yes,Month-to-month,No,Electronic check,64.21,1151.34,No
CUST-00835,Female,1,Yes,Yes,53,Yes,No,DSL,No,No,Yes,Yes,No,Yes,Two year,Yes,Mailed check,61.36,3244.6,No
CUST-00836,Female,0,Yes,No,41,No,No phone service,Fiber optic,No,Yes,Yes,Yes,No,No,One year,Yes,Mailed check,98.45,3955.87,No
CUST-00837,Female,0,Yes,No,0,Yes,Yes,Fiber optic,Yes,Yes,No,Yes,Yes,No,Month-to-month,Yes,Bank transfer (automatic),87.77,0.0,No
CUST-00838,Male,0,Yes,No,55,Yes,Yes,No,No internet service,No internet service,No internet service,No internet service,No internet service,No internet service,Two year,No,Bank transfer (automatic),18.0,1028.42,No
CUST-00839,Male,0,No,No,72,Yes,Yes,Fiber optic,No,No,No,Yes,No,Yes,Two year,No,Credit card (automatic),76.68,5600.29,No
CUST-00840,Female,0,Yes,No,4,Yes,No,DSL,No,No,No,Yes,No,No,Month-to-month,No,Bank transfer (automatic),61.11,308.38,Yes
CUST-00841,Male,0,No,No,71,Yes,Yes,DSL,No,No,No,No,Yes,Yes,One year,Yes,Electronic check,54.51,3946.74,No
CUST-00842,Female,0,Yes,No,2,Yes,Yes,Fiber optic,No,Yes,Yes,Yes,No,No,Month-to-month,No,Electronic check,87.76,163.07,Yes
CUST-00843,Female,0,Yes,Yes,0,Yes,No,DSL,No,No,Yes,No,No,Yes,Month-to-month,No,Mailed check,57.94,0.0,No
CUST-00844,Male,0,Yes,No,11,Yes,No,Fiber optic,Yes,No,No,Yes,Yes,Yes,Month-to-month,No,Electronic check,99.56,1047.44,Yes
CUST-00845,Male,0,No,No,13,Yes,No,DSL,No,Yes,No,No,Yes,Yes,Month-to-month,Yes,Credit card (automatic),66.24,819.11,Yes
CUST-00846,Male,1,No,Yes,3,Yes,No,No,No internet service,No internet service,No internet service,No internet service,No internet service,No internet service,Month-to-month,Yes,Bank transfer (automatic),34.75,134.91,No
CUST-00847,Male,0,No,No,1,Yes,Yes,DSL,No,No,No,No,No,No,Month-to-month,No,Credit card (automatic),57.95,30.26,No
CUST-00848,Male,1,Yes,No,47,Yes,No,Fiber optic,No,No,No,No,No,No,Two year,Yes,Electronic check,82.92,3875.68,No
CUST-00849,Female,0,Yes,Yes,11,Yes,No,Fiber optic,Yes,No,No,No,No,No,Month-to-month,No,Electronic check,79.03,857.1,No
CUST-00850,Female,0,No,No,67,Yes,Yes,Fiber optic,No,No,No,No,Yes,Yes,Two year,No,Mailed check,79.96,5393.92,No
CUST-00851,Female,0,Yes,No,4,Yes,Yes,Fiber optic,No,No,No,No,Yes,Yes,Month-to-month,Yes,Bank transfer (automatic),89.33,357.91,Yes
CUST-00852,Female,0,Yes,No,20,Yes,Yes,No,No internet service,No internet service,No internet service,No internet service,No internet service,No internet service,Month-to-month,No,Mailed check,25.45,485.48,Yes
CUST-00853,Female,0,Yes,No,32,Yes,Yes,Fiber optic,Yes,Yes,No,No,Yes,No,One year,No,Electronic check,94.62,3028.57,No
CUST-00854,Male,0,Yes,No,20,Yes,Yes,DSL,No,No,No,Yes,No,No,Month-to-month,No,Mailed check,56.25,1160.93,No
CUST-00855,Male,1,Yes,No,18,Yes,Yes,DSL,Yes,Yes,No,No,Yes,No,Month-to-month,No,Mailed check,68.81,1214.38,No
CUST-00856,Female,0,Yes,Yes,43,Yes,No,No,No internet service,No internet service,No internet service,No internet service,No internet service,No internet service,Two year,No,Credit card (automatic),37.88,1589.68,Yes
CUST-00857,Male,1,No,Yes,1,Yes,Yes,Fiber optic,No,No,No,Yes,Yes,No,Month-to-month,No,Bank transfer (automatic),102.54,65.71,No
CUST-00858,Male,0,No,Yes,9,No,No phone service,Fiber optic,Yes,Yes,Yes,No,No,No,Month-to-month,Yes,Mailed check,88.62,876.48,Yes
CUST-00859,Female,0,Yes,Yes,35,No,No phone service,Fiber optic,No,No,Yes,No,No,No,One year,No,Bank transfer (automatic),88.43,3065.03,Yes
CUST-00860,Female,0,Yes,Yes,16,Yes,No,Fiber optic,No,Yes,No,No,Yes,Yes,Month-to-month,Yes,Bank transfer (automatic),79.4,1271.13,Yes
CUST-00861,Female,0,No,No,0,Yes,No,Fiber optic,Yes,No,Yes,No,No,Yes,One year,Yes,Mailed check,83.1,0.0,Yes
CUST-00862,Female,0,Yes,No,13,Yes,Yes,Fiber optic,No,No,No,Yes,Yes,No,Month-to-month,No,Credit card (automatic),87.63,1231.78,No
CUST-00863,Male,0,No,Yes,0,Yes,Yes,No,No internet service,No internet service,No internet service,No internet service,No internet service,No internet service,Month-to-month,No,Electronic check,32.6,0.0,No
CUST-00864,Female,1,Yes,No,8,Yes,Yes,Fiber optic,Yes,Yes,No,Yes,No,Yes,Month-to-month,Yes,Credit card (automatic),91.51,751.54,Yes
CUST-00865,Female,0,No,Yes,8,Yes,Yes,DSL,No,No,No,No,No,No,Month-to-month,Yes,Mailed check,49.84,394.99,No
CUST-00866,Female,0,No,No,45,Yes,Yes,Fiber optic,No,No,No,No,No,No,One year,Yes,Mailed check,77.23,3445.87,No
CUST-00867,Female,0,Yes,No,48,Yes,No,DSL,Yes,Yes,Yes,No,Yes,No,Two year,Yes,Bank transfer (automatic),69.76,3375.88,No
CUST-00868,Female,0,No,No,23,Yes,No,DSL,Yes,Yes,No,No,No,Yes,One year,Yes,Mailed check,63.2,1429.73,No
CUST-00869,Male,0,No,Yes,4,Yes,Yes,Fiber optic,No,Yes,No,No,No,Yes,Month-to-month,Yes,Mailed check,88.97,394.44,No
CUST-00870,Male,0,No,No,33,Yes,No,DSL,No,Yes,No,No,Yes,No,Two year,Yes,Credit card (automatic),61.76,2142.59,No
CUST-00871,Male,0,Yes,No,11,Yes,No,Fiber optic,No,Yes,No,No,Yes,Yes,One year,Yes,Mailed check,92.75,1055.08,Yes
CUST-00872,Male,0,Yes,Yes,32,Yes,Yes,Fiber optic,No,No,No,No,Yes,No,Month-to-month,No,Credit card (automatic),84.43,2668.18,Yes
CUST-00873,Male,0,Yes,No,12,Yes,No,DSL,Yes,Yes,No,No,No,Yes,Month-to-month,No,Credit card (automatic),64.61,766.38,Yes
CUST-00874,Male,0,No,No,28,Yes,Yes,DSL,No,No,Yes,Yes,No,No,Month-to-month,Yes,Mailed check,62.01,1669.21,Yes
CUST-00875,Female,0,Yes,Yes,28,Yes,No,Fiber optic,No,No,No,No,Yes,No,Month-to-month,No,Credit card (automatic),73.35,1962.18,No
CUST-00876,Female,0,Yes,No,9,Yes,No,No,No internet service,No internet service,No internet service,No internet service,No internet service,No internet service,Month-to-month,Yes,Bank transfer (automatic),31.55,231.39,No
CUST-00877,Female,0,No,No,1,Yes,Yes,DSL,No,No,No,No,No,No,Month-to-month,Yes,Mailed check,56.18,58.49,Yes
CUST-00878,Female,0,Yes,No,53,Yes,Yes,DSL,Yes,No,Yes,No,No,Yes,Two year,Yes,Electronic check,62.89,3346.62,No
CUST-00879,Female,1,No,No,24,Yes,No,No,No internet service,No internet service,No internet service,No internet service,No internet service,No internet service,Month-to-month,No,Credit card (automatic),25.01,612.94,No
CUST-00880,Female,0,Yes,No,6,Yes,Yes,No,No internet service,No internet service,No internet service,No internet service,No internet service,No internet service,Month-to-month,No,Mailed check,26.03,175.58,No
CUST-00881,Male,0,No,Yes,48,Yes,No,No,No internet service,No internet service,No internet service,No internet service,No internet service,No internet service,Two year,No,Mailed check,27.2,1311.83,No
CUST-00882,Female,0,Yes,Yes,25,Yes,No,DSL,Yes,No,No,No,No,No,Month-to-month,Yes,Electronic check,43.85,1128.37,No
CUST-00883,Male,0,Yes,No,9,Yes,Yes,No,No internet service,No internet service,No internet service,No internet service,No internet service,No internet service,Month-to-month,No,Electronic check,27.77,257.22,No
CUST-00884,Male,0,No,No,4,Yes,Yes,No,No internet service,No internet service,No internet service,No internet service,No internet service,No internet service,Month-to-month,Yes,Electronic check,27.02,77.81,No
CUST-00885,Female,1,Yes,No,15,Yes,No,DSL,No,No,No,No,No,No,One year,Yes,Electronic check,60.53,942.08,No
CUST-00886,Female,1,Yes,Yes,18,Yes,No,Fiber optic,No,No,No,No,No,Yes,Month-to-month,No,Bank transfer (automatic),85.74,1498.65,Yes
CUST-00887,Male,0,Yes,No,7,Yes,No,DSL,No,Yes,No,No,No,Yes,One year,Yes,Bank transfer (automatic),58.39,371.42,No
CUST-00888,Male,0,No,No,51,Yes,Yes,Fiber optic,No,No,No,No,No,No,Two year,No,Electronic check,81.72,4250.02,No
CUST-00889,Male,0,Yes,No,35,Yes,No,Fiber optic,No,No,No,No,No,No,One year,Yes,Bank transfer (automatic),71.38,2457.11,No
CUST-00890,Male,0,Yes,No,65,Yes,Yes,DSL,Yes,Yes,No,No,Yes,No,Two year,Yes,Mailed check,58.37,3828.49,No
CUST-00891,Male,0,Yes,Yes,18,Yes,Yes,No,No internet service,No internet service,No internet service,No internet service,No internet service,No internet service,One year,No,Electronic check,28.65,538.56,No
CUST-00892,Female,0,Yes,Yes,22,Yes,Yes,No,No internet service,No internet service,No internet service,No internet service,No internet service,No internet service,One year,Yes,Bank transfer (automatic),19.58,385.37,No
CUST-00893,Female,0,No,Yes,29,Yes,No,No,No internet service,No internet service,No internet service,No internet service,No internet service,No internet service,Month-to-month,Yes,Credit card (automatic),27.01,891.61,Yes
CUST-00894,Female,0,Yes,No,34,Yes,No,DSL,Yes,Yes,No,Yes,Yes,Yes,Month-to-month,Yes,Mailed check,62.98,2130.61,No
CUST-00895,Female,0,No,No,1,Yes,No,Fiber optic,No,Yes,No,No,Yes,No,Month-to-month,No,Bank transfer (automatic),81.75,66.04,No
CUST-00896,Female,0,No,No,22,Yes,No,No,No internet service,No internet service,No internet service,No internet service,No internet service,No internet service,Month-to-month,No,Credit card (automatic),31.22,672.86,No
CUST-00897,Female,0,No,No,15,Yes,Yes,DSL,No,No,Yes,No,No,Yes,Month-to-month,No,Credit card (automatic),52.05,799.29,No
CUST-00898,Male,0,No,No,29,Yes,No,Fiber optic,No,Yes,Yes,No,Yes,Yes,One year,Yes,Mailed check,88.67,2543.62,No
CUST-00899,Male,0,Yes,No,65,Yes,No,DSL,No,No,No,No,No,No,Month-to-month,No,Electronic check,44.78,2854.18,No
CUST-00900,Female,0,No,No,37,Yes,No,Fiber optic,No,No,No,No,No,No,One year,No,Mailed check,78.88,2945.34,No
CUST-00901,Male,0,No,No,13,Yes,No,Fiber optic,No,No,No,No,No,Yes,Month-to-month,No,Bank transfer (automatic),72.3,889.74,No
CUST-00902,Male,0,No,No,46,Yes,Yes,No,No internet service,No internet service,No internet service,No internet service,No internet service,No internet service,Two year,Yes,Credit card (automatic),28.46,1250.9,No
CUST-00903,Male,0,Yes,Yes,8,Yes,Yes,Fiber optic,Yes,Yes,Yes,No,No,Yes,Month-to-month,Yes,Credit card (automatic),98.13,759.49,No
CUST-00904,Female,0,Yes,Yes,35,Yes,No,Fiber optic,Yes,Yes,Yes,No,No,No,One year,Yes,Credit card (automatic),87.7,3163.9,No
CUST-00905,Male,0,No,Yes,29,Yes,Yes,DSL,No,No,No,Yes,Yes,Yes,One year,Yes,Electronic check,63.16,1815.28,No
CUST-00906,Female,0,Yes,No,2,Yes,Yes,Fiber optic,No,No,No,No,Yes,Yes,Month-to-month,Yes,Bank transfer (automatic),81.84,230.34,Yes
CUST-00907,Male,1,No,No,66,No,No phone service,No,No internet service,No internet service,No internet service,No internet service,No internet service,No internet service,Two year,Yes,Bank transfer (automatic),27.02,1778.46,No
CUST-00908,Male,0,Yes,No,57,Yes,No,Fiber optic,No,No,No,Yes,Yes,Yes,Two year,Yes,Bank transfer (automatic),92.18,5257.56,No
CUST-00909,Male,1,No,Yes,31,Yes,Yes,No,No internet service,No internet service,No internet service,No internet service,No internet service,No internet service,One year,Yes,Electronic check,25.53,800.4,No
CUST-00910,Male,0,Yes,No,53,Yes,Yes,Fiber optic,No,No,No,Yes,No,No,Two year,Yes,Credit card (automatic),78.68,4144.75,Yes
CUST-00911,Female,0,Yes,No,0,Yes,Yes,Fiber optic,Yes,Yes,No,Yes,Yes,No,Month-to-month,Yes,Electronic check,79.31,0.0,No
CUST-00912,Male,0,Yes,No,43,Yes,Yes,No,No internet service,No internet service,No internet service,No internet service,No internet service,No internet service,Two year,Yes,Electronic check,21.31,938.19,No
CUST-00913,Male,0,No,No,41,Yes,Yes,DSL,No,No,No,Yes,Yes,Yes,Two year,Yes,Credit card (automatic),58.67,2413.68,No
CUST-00914,Female,0,No,Yes,26,Yes,Yes,Fiber optic,No,Yes,No,No,No,Yes,One year,Yes,Credit card (automatic),77.01,1976.72,No
CUST-00915,Female,0,No,Yes,37,Yes,No,Fiber optic,Yes,No,No,Yes,No,No,Two year,No,Mailed check,85.91,3216.54,No
CUST-00916,Male,0,No,No,29,Yes,Yes,No,No internet service,No internet service,No internet service,No internet service,No internet service,No internet service,One year,Yes,Mailed check,29.29,771.99,No
CUST-00917,Female,0,No,Yes,15,Yes,Yes,Fiber optic,No,No,No,No,Yes,No,Month-to-month,No,Electronic check,79.32,1215.42,No
CUST-00918,Female,0,No,No,29,Yes,No,Fiber optic,No,No,No,No,No,Yes,One year,No,Credit card (automatic),84.08,2454.88,No
CUST-00919,Male,0,No,No,5,Yes,Yes,DSL,No,Yes,No,No,Yes,No,Month-to-month,No,Bank transfer (automatic),56.56,286.07,No
CUST-00920,Female,0,No,Yes,53,Yes,No,No,No internet service,No internet service,No internet service,No internet service,No internet service,No internet service,One year,No,Mailed check,36.36,1973.48,No
CUST-00921,Female,0,No,No,10,Yes,Yes,Fiber optic,No,No,No,No,Yes,Yes,Month-to-month,Yes,Mailed check,76.57,781.28,No
CUST-00922,Female,0,Yes,Yes,28,No,No phone service,Fiber optic,No,Yes,Yes,No,No,No,One year,Yes,Electronic check,91.55,2449.92,Yes
CUST-00923,Male,0,No,No,2,No,No phone service,DSL,Yes,No,No,No,No,Yes,Month-to-month,Yes,Mailed check,61.62,155.73,Yes
CUST-00924,Male,0,Yes,No,23,Yes,Yes,Fiber optic,No,Yes,No,No,Yes,Yes,Month-to-month,Yes,Electronic check,82.74,1903.45,No
CUST-00925,Male,0,Yes,No,15,Yes,Yes,DSL,Yes,No,No,Yes,No,No,Month-to-month,Yes,Credit card (automatic),59.21,893.22,No
CUST-00926,Female,0,No,Yes,7,Yes,No,Fiber optic,No,Yes,No,Yes,Yes,No,Month-to-month,No,Electronic check,90.4,642.69,No
CUST-00927,Female,0,No,No,33,Yes,No,Fiber optic,No,Yes,No,No,Yes,Yes,One year,No,Bank transfer (automatic),95.85,3167.11,No
CUST-00928,Male,0,Yes,No,11,No,No phone service,Fiber optic,Yes,No,No,No,No,Yes,Month-to-month,Yes,Bank transfer (automatic),88.13,924.22,No
CUST-00929,Male,0,Yes,No,13,Yes,No,DSL,Yes,No,No,Yes,No,Yes,Month-to-month,Yes,Electronic check,51.97,651.7,No
CUST-00930,Female,0,No,No,10,Yes,Yes,No,No internet service,No internet service,No internet service,No internet service,No internet service,No internet service,Month-to-month,No,Credit card (automatic),28.12,315.9,No
CUST-00931,Female,0,Yes,No,1,Yes,No,Fiber optic,No,Yes,Yes,No,No,Yes,Month-to-month,No,Bank transfer (automatic),93.56,92.42,No
CUST-00932,Female,1,Yes,No,2,Yes,No,DSL,No,Yes,No,No,No,No,Month-to-month,No,Bank transfer (automatic),72.16,151.21,No
CUST-00933,Male,0,No,No,43,No,No phone service,DSL,No,No,No,No,No,No,Month-to-month,Yes,Bank transfer (automatic),49.79,2167.9,No
CUST-00934,Female,0,No,No,38,Yes,No,No,No internet service,No internet service,No internet service,No internet service,No internet service,No internet service,One year,Yes,Bank transfer (automatic),37.89,1430.62,No
CUST-00935,Male,0,No,No,17,Yes,No,No,No internet service,No internet service,No internet service,No internet service,No internet service,No internet service,One year,No,Electronic check,28.55,529.19,No
CUST-00936,Female,0,No,No,28,No,No phone service,No,No internet service,No internet service,No internet service,No internet service,No internet service,No internet service,Two year,No,Mailed check,18.0,512.96,No
CUST-00937,Male,0,Yes,Yes,12,Yes,No,No,No internet service,No internet service,No internet service,No internet service,No internet service,No internet service,Month-to-month,No,Credit card (automatic),37.28,402.88,No
CUST-00938,Male,0,Yes,No,9,Yes,No,Fiber optic,Yes,Yes,Yes,Yes,No,Yes,Month-to-month,No,Electronic check,89.47,792.04,Yes
CUST-00939,Male,0,No,Yes,19,Yes,No,Fiber optic,No,Yes,No,Yes,Yes,No,Month-to-month,No,Mailed check,94.19,1773.76,No
CUST-00940,Female,0,No,Yes,31,Yes,No,No,No internet service,No internet service,No internet service,No internet service,No internet service,No internet service,One year,Yes,Credit card (automatic),21.63,673.21,No
CUST-00941,Female,0,Yes,No,6,Yes,No,Fiber optic,No,No,No,Yes,No,No,Month-to-month,No,Bank transfer (automatic),91.09,503.3,Yes
CUST-00942,Male,0,Yes,Yes,0,Yes,Yes,Fiber optic,No,No,No,No,No,No,Month-to-month,Yes,Mailed check,83.37,0.0,Yes
CUST-00943,Female,1,Yes,Yes,31,No,No phone service,Fiber optic,Yes,Yes,Yes,No,No,No,One year,No,Electronic check,88.56,2778.49,Yes
CUST-00944,Male,1,Yes,No,1,Yes,No,DSL,No,Yes,Yes,No,No,No,Month-to-month,No,Electronic check,57.58,67.22,Yes
CUST-00945,Male,0,Yes,No,7,Yes,Yes,DSL,No,No,No,Yes,Yes,Yes,Month-to-month,Yes,Credit card (automatic),58.19,411.3,Yes
CUST-00946,Male,0,Yes,Yes,21,Yes,No,DSL,Yes,Yes,No,No,Yes,Yes,One year,Yes,Credit card (automatic),60.3,1304.93,No
CUST-00947,Female,0,No,No,46,No,No phone service,DSL,No,No,No,Yes,No,Yes,Two year,No,Bank transfer (automatic),50.08,2242.59,No
CUST-00948,Male,0,Yes,Yes,12,Yes,Yes,Fiber optic,No,Yes,No,No,No,Yes,Month-to-month,No,Credit card (automatic),79.56,967.02,Yes
CUST-00949,Female,0,No,No,18,No,No phone service,DSL,No,No,No,Yes,No,Yes,Month-to-month,Yes,Mailed check,71.89,1245.17,No
CUST-00950,Male,0,No,No,15,Yes,No,DSL,No,No,No,No,Yes,Yes,Month-to-month,Yes,Electronic check,57.28,895.19,No
CUST-00951,Male,1,No,Yes,63,Yes,Yes,DSL,No,Yes,No,Yes,No,Yes,Month-to-month,Yes,Electronic check,66.8,4173.94,Yes
CUST-00952,Male,1,No,No,7,Yes,No,Fiber optic,Yes,Yes,Yes,Yes,Yes,Yes,Month-to-month,Yes,Bank transfer (automatic),96.21,685.81,No
CUST-00953,Female,0,Yes,No,6,Yes,Yes,No,No internet service,No internet service,No internet service,No internet service,No internet service,No internet service,Month-to-month,Yes,Mailed check,34.59,285.25,No
CUST-00954,Male,0,Yes,No,18,Yes,No,Fiber optic,No,No,No,Yes,Yes,No,Month-to-month,Yes,Credit card (automatic),91.78,1696.76,No
CUST-00955,Female,0,No,No,3,Yes,No,Fiber optic,No,No,Yes,Yes,No,No,Month-to-month,Yes,Electronic check,83.55,209.9,Yes
CUST-00956,Female,0,Yes,No,35,Yes,No,Fiber optic,No,Yes,Yes,No,No,Yes,One year,No,Credit card (automatic),84.24,2957.36,No
CUST-00957,Male,0,Yes,No,53,Yes,Yes,Fiber optic,Yes,No,No,No,No,Yes,Two year,Yes,Credit card (automatic),79.82,4233.28,No
CUST-00958,Female,0,Yes,No,24,Yes,No,No,No internet service,No internet service,No internet service,No internet service,No internet service,No internet service,Month-to-month,No,Credit card (automatic),22.9,547.46,No
CUST-00959,Female,0,No,No,46,Yes,No,Fiber optic,No,Yes,No,Yes,Yes,Yes,One year,Yes,Credit card (automatic),95.09,4441.08,No
CUST-00960,Male,0,Yes,No,53,Yes,Yes,Fiber optic,No,No,Yes,Yes,No,Yes,Two year,Yes,Mailed check,86.85,4600.7,No
CUST-00961,Male,0,No,Yes,1,Yes,Yes,No,No internet service,No internet service,No internet service,No internet service,No internet service,No internet service,Month-to-month,Yes,Credit card (automatic),22.76,114.52,No
CUST-00962,Male,0,Yes,No,13,Yes,No,Fiber optic,No,No,Yes,No,No,Yes,One year,No,Bank transfer (automatic),82.64,1048.77,No
CUST-00963,Female,0,No,No,10,Yes,Yes,Fiber optic,No,No,No,No,No,No,Month-to-month,Yes,Credit card (automatic),89.33,896.53,No
CUST-00964,Male,1,Yes,No,66,Yes,No,Fiber optic,No,No,No,No,No,Yes,Two year,Yes,Bank transfer (automatic),84.32,5565.81,No
CUST-00965,Female,0,No,No,46,Yes,Yes,DSL,Yes,No,Yes,No,No,Yes,Month-to-month,Yes,Mailed check,65.46,3022.69,No
CUST-00966,Female,0,No,No,3,Yes,No,Fiber optic,No,Yes,No,Yes,Yes,No,Month-to-month,Yes,Credit card (automatic),91.22,306.02,Yes
CUST-00967,Female,0,Yes,Yes,50,Yes,Yes,Fiber optic,No,Yes,Yes,No,No,Yes,Two year,No,Mailed check,90.02,4553.48,No
CUST-00968,Male,0,Yes,Yes,10,Yes,Yes,Fiber optic,No,No,Yes,No,No,No,One year,No,Electronic check,81.08,807.1,No
CUST-00969,Female,1,No,No,10,Yes,Yes,DSL,Yes,No,Yes,No,Yes,No,Month-to-month,No,Electronic check,73.09,723.36,No
CUST-00970,Male,0,No,No,16,Yes,No,Fiber optic,No,No,No,Yes,No,Yes,One year,No,Mailed check,89.68,1432.4,No
CUST-00971,Male,1,Yes,No,51,No,No phone service,No,No internet service,No internet service,No internet service,No internet service,No internet service,No internet service,Two year,No,Credit card (automatic),29.81,1557.79,No
CUST-00972,Male,0,Yes,No,6,Yes,No,Fiber optic,No,No,No,No,Yes,Yes,Month-to-month,No,Credit card (automatic),82.46,446.04,No
CUST-00973,Male,0,Yes,No,3,No,No phone service,No,No internet service,No internet service,No internet service,No internet service,No internet service,No internet service,Month-to-month,No,Mailed check,23.02,51.19,No
CUST-00974,Male,0,Yes,No,46,Yes,Yes,DSL,No,No,No,No,No,Yes,Month-to-month,No,Electronic check,64.56,3042.19,No
CUST-00975,Male,0,Yes,No,25,No,No phone service,Fiber optic,No,No,Yes,Yes,No,No,Two year,Yes,Bank transfer (automatic),91.54,2204.31,Yes
CUST-00976,Male,0,Yes,Yes,13,Yes,No,DSL,Yes,No,Yes,No,Yes,No,Month-to-month,No,Credit card (automatic),73.46,991.2,No
CUST-00977,Male,0,Yes,No,5,Yes,Yes,Fiber optic,No,No,No,No,Yes,No,Month-to-month,Yes,Electronic check,85.94,477.53,Yes
CUST-00978,Female,0,No,No,4,Yes,Yes,No,No internet service,No internet service,No internet service,No internet service,No internet service,No internet service,Month-to-month,Yes,Mailed check,31.2,163.1,No
CUST-00979,Male,0,No,No,57,Yes,No,Fiber optic,No,No,No,No,Yes,No,Month-to-month,Yes,Credit card (automatic),70.76,4012.99,No
CUST-00980,Female,1,No,Yes,52,Yes,No,Fiber optic,No,Yes,No,No,Yes,Yes,Month-to-month,Yes,Mailed check,95.86,5026.05,Yes
CUST-00981,Female,0,No,No,7,Yes,Yes,No,No internet service,No internet service,No internet service,No internet service,No internet service,No internet service,Month-to-month,No,Credit card (automatic),33.52,259.26,Yes
CUST-00982,Female,0,No,No,7,Yes,Yes,Fiber optic,No,No,No,No,No,Yes,Month-to-month,Yes,Electronic check,93.06,674.58,Yes
CUST-00983,Female,0,Yes,No,6,Yes,No,Fiber optic,No,No,No,No,No,No,Month-to-month,Yes,Mailed check,67.13,359.02,No
CUST-00984,Female,0,No,No,45,Yes,No,DSL,Yes,No,Yes,No,No,No,Month-to-month,Yes,Electronic check,49.83,2231.76,No
CUST-00985,Female,1,Yes,No,18,Yes,Yes,Fiber optic,No,Yes,No,No,No,Yes,Month-to-month,Yes,Electronic check,93.32,1683.58,Yes
CUST-00986,Female,0,No,No,10,No,No phone service,Fiber optic,No,No,No,No,No,Yes,Month-to-month,Yes,Credit card (automatic),85.62,958.44,Yes
CUST-00987,Female,0,No,No,27,Yes,No,Fiber optic,Yes,No,Yes,Yes,No,Yes,One year,Yes,Credit card (automatic),83.0,2192.29,No
CUST-00988,Male,0,No,Yes,7,Yes,Yes,DSL,Yes,Yes,Yes,No,Yes,No,Month-to-month,Yes,Mailed check,67.54,469.48,No
CUST-00989,Male,0,Yes,No,0,Yes,Yes,DSL,Yes,No,No,Yes,No,Yes,Month-to-month,Yes,Mailed check,60.68,0.0,Yes
CUST-00990,Female,0,No,Yes,13,Yes,No,DSL,No,Yes,No,Yes,No,Yes,One year,Yes,Credit card (automatic),57.17,744.61,Yes
CUST-00991,Male,0,Yes,Yes,47,Yes,Yes,No,No internet service,No internet service,No internet service,No internet service,No internet service,No internet service,One year,Yes,Mailed check,21.89,1035.42,No
CUST-00992,Female,1,Yes,No,25,Yes,Yes,No,No internet service,No internet service,No internet service,No internet service,No internet service,No internet service,One year,Yes,Mailed check,26.0,585.04,Yes
CUST-00993,Male,1,Yes,Yes,59,Yes,No,Fiber optic,No,No,No,No,No,No,Two year,Yes,Electronic check,80.04,4733.62,No
CUST-00994,Male,0,Yes,No,3,Yes,No,No,No internet service,No internet service,No internet service,No internet service,No internet service,No internet service,Month-to-month,Yes,Mailed check,18.0,11.33,No
CUST-00995,Female,0,No,No,5,Yes,No,DSL,No,No,No,No,No,No,Month-to-month,Yes,Credit card (automatic),65.36,324.73,Yes
CUST-00996,Female,0,Yes,No,5,Yes,No,No,No internet service,No internet service,No internet service,No internet service,No internet service,No internet service,Month-to-month,No,Mailed check,37.06,182.36,No
CUST-00997,Female,0,Yes,Yes,1,Yes,No,DSL,Yes,No,No,No,No,No,Month-to-month,No,Electronic check,64.0,117.98,Yes
CUST-00998,Male,0,No,No,42,Yes,No,DSL,Yes,No,Yes,No,Yes,Yes,Two year,Yes,Electronic check,64.02,2593.8,No
CUST-00999,Female,1,No,No,31,Yes,No,DSL,Yes,No,No,No,Yes,Yes,One year,No,Bank transfer (automatic),60.2,1781.97,Yes
CUST-01000,Female,0,Yes,No,47,No,No phone service,Fiber optic,No,Yes,Yes,No,Yes,Yes,One year,No,Bank transfer (automatic),81.26,3793.76,Yes
CUST-01001,Female,0,No,No,42,Yes,No,Fiber optic,No,No,Yes,No,No,No,Two year,Yes,Electronic check,88.53,3754.13,Yes
CUST-01002,Female,0,No,No,40,Yes,No,DSL,Yes,No,Yes,No,No,No,Two year,Yes,Mailed check,57.66,2318.9,Yes
CUST-01003,Female,0,Yes,No,21,No,No phone service,DSL,No,No,No,No,Yes,Yes,Month-to-month,Yes,Electronic check,70.3,1475.82,No
CUST-01004,Female,0,No,Yes,46,Yes,No,Fiber optic,Yes,Yes,No,Yes,Yes,No,Two year,Yes,Electronic check,92.26,4298.6,No
CUST-01005,Male,0,No,No,13,Yes,Yes,Fiber optic,No,No,No,No,No,Yes,Month-to-month,Yes,Electronic check,84.51,1066.1,No
CUST-01006,Female,0,Yes,No,25,No,No phone service,DSL,Yes,Yes,No,No,Yes,No,Month-to-month,Yes,Mailed check,56.73,1395.68,No
CUST-01007,Female,0,No,No,3,Yes,No,DSL,No,No,Yes,No,No,Yes,Month-to-month,No,Credit card (automatic),70.74,234.08,No
CUST-01008,Female,0,Yes,No,57,Yes,Yes,Fiber optic,No,Yes,No,No,Yes,Yes,Two year,No,Credit card (automatic),76.36,4366.59,No
CUST-01009,Female,0,No,No,18,Yes,Yes,Fiber optic,No,No,Yes,Yes,Yes,No,One year,No,Electronic check,89.36,1580.36,No
CUST-01010,Female,0,Yes,No,54,No,No phone service,Fiber optic,Yes,No,No,No,Yes,No,Month-to-month,Yes,Electronic check,82.24,4419.22,Yes
CUST-01011,Male,0,Yes,No,50,Yes,Yes,Fiber optic,No,Yes,Yes,No,No,No,Two year,Yes,Mailed check,92.2,4579.29,Yes
CUST-01012,Female,0,No,No,27,Yes,No,Fiber optic,No,No,Yes,No,Yes,No,Month-to-month,Yes,Electronic check,86.92,2295.25,Yes
CUST-01013,Male,1,No,No,26,Yes,No,Fiber optic,Yes,No,Yes,No,Yes,No,One year,Yes,Bank transfer (automatic),87.37,2249.19,No
CUST-01014,Male,0,Yes,Yes,11,Yes,No,Fiber optic,Yes,Yes,No,Yes,Yes,Yes,Month-to-month,No,Bank transfer (automatic),95.8,973.21,No
CUST-01015,Female,0,Yes,No,13,Yes,No,No,No internet service,No internet service,No internet service,No internet service,No internet service,No internet service,Month-to-month,No,Bank transfer (automatic),35.4,454.4,No
CUST-01016,Female,0,Yes,No,4,No,No phone service,Fiber optic,No,Yes,Yes,No,No,No,Month-to-month,Yes,Credit card (automatic),88.9,348.13,No
CUST-01017,Male,0,No,No,50,Yes,No,DSL,No,Yes,No,No,Yes,Yes,Two year,No,Electronic check,66.21,3314.74,No
CUST-01018,Male,0,Yes,No,48,Yes,No,No,No internet service,No internet service,No internet service,No internet service,No internet service,No internet service,Two year,Yes,Credit card (automatic),34.1,1686.82,No
CUST-01019,Male,0,Yes,No,4,No,No phone service,DSL,No,No,Yes,No,No,Yes,Month-to-month,No,Bank transfer (automatic),57.66,225.6,No
CUST-01020,Male,0,No,No,1,Yes,No,No,No internet service,No internet service,No internet service,No internet service,No internet service,No internet service,Month-to-month,Yes,Bank transfer (automatic),37.93,3.46,No
CUST-01021,Male,0,Yes,No,11,Yes,Yes,Fiber optic,Yes,Yes,No,No,No,Yes,Month-to-month,Yes,Electronic check,89.21,971.02,No
CUST-01022,Male,0,Yes,Yes,0,Yes,No,Fiber optic,Yes,Yes,No,Yes,No,No,One year,Yes,Electronic check,88.96,0.0,Yes
CUST-01023,Female,0,No,No,10,No,No phone service,Fiber optic,No,Yes,No,Yes,No,Yes,Month-to-month,No,Bank transfer (automatic),101.2,1030.92,Yes
CUST-01024,Female,1,Yes,Yes,13,No,No phone service,Fiber optic,No,No,No,No,No,No,One year,No,Electronic check,83.53,1117.67,No
CUST-01025,Female,0,No,No,20,Yes,Yes,DSL,No,No,Yes,No,Yes,No,Month-to-month,Yes,Credit card (automatic),64.04,1313.94,Yes
CUST-01026,Male,0,No,No,3,Yes,No,DSL,No,No,No,No,No,No,Month-to-month,Yes,Credit card (automatic),44.49,186.15,No
CUST-01027,Male,0,Yes,Yes,58,Yes,Yes,DSL,No,No,No,Yes,Yes,No,Two year,Yes,Credit card (automatic),51.56,2926.9,No
CUST-01028,Male,0,No,Yes,39,Yes,No,DSL,Yes,Yes,Yes,No,No,No,One year,No,Bank transfer (automatic),68.5,2652.02,No
CUST-01029,Female,0,No,No,21,Yes,No,Fiber optic,No,No,No,No,No,Yes,Month-to-month,Yes,Credit card (automatic),80.63,1799.23,No
CUST-01030,Male,0,No,Yes,16,Yes,Yes,No,No internet service,No internet service,No internet service,No internet service,No internet service,No internet service,Month-to-month,No,Credit card (automatic),32.25,556.84,Yes
CUST-01031,Male,0,No,No,5,Yes,No,DSL,Yes,No,No,Yes,No,No,Month-to-month,Yes,Bank transfer (automatic),68.36,362.27,No
CUST-01032,Male,0,Yes,No,5,Yes,No,Fiber optic,No,Yes,No,No,No,Yes,Month-to-month,No,Mailed check,80.3,396.47,No
CUST-01033,Female,0,Yes,Yes,6,Yes,No,DSL,Yes,No,No,Yes,No,Yes,Month-to-month,Yes,Credit card (automatic),77.17,512.75,No
CUST-01034,Male,0,No,No,29,Yes,No,Fiber optic,No,No,No,No,No,Yes,One year,Yes,Electronic check,78.78,2271.88,No
CUST-01035,Male,0,Yes,No,5,No,No phone service,Fiber optic,No,No,Yes,Yes,No,No,Month-to-month,No,Mailed check,89.29,424.41,Yes
CUST-01036,Female,0,Yes,Yes,7,Yes,No,Fiber optic,No,Yes,Yes,No,Yes,No,Month-to-month,Yes,Electronic check,96.26,683.98,No
CUST-01037,Female,0,No,No,3,Yes,Yes,DSL,No,No,No,No,No,No,Month-to-month,Yes,Mailed check,57.1,167.08,No
CUST-01038,Male,1,Yes,No,15,Yes,Yes,DSL,No,Yes,Yes,Yes,No,No,Month-to-month,Yes,Bank transfer (automatic),69.58,1016.27,Yes
CUST-01039,Male,0,No,No,0,Yes,Yes,DSL,No,Yes,Yes,No,Yes,No,Month-to-month,No,Mailed check,58.64,0.0,No
CUST-01040,Female,0,No,Yes,57,Yes,No,No,No internet service,No internet service,No internet service,No internet service,No internet service,No internet service,Two year,Yes,Electronic check,25.89,1516.85,No
CUST-01041,Female,0,No,No,1,No,No phone service,DSL,Yes,No,No,No,Yes,No,Month-to-month,Yes,Electronic check,62.27,124.2,No
CUST-01042,Female,0,Yes,No,29,Yes,Yes,Fiber optic,No,No,Yes,No,Yes,No,One year,No,Electronic check,91.08,2661.52,No
CUST-01043,Male,1,Yes,No,14,Yes,No,DSL,No,Yes,No,No,Yes,No,Month-to-month,Yes,Electronic check,55.25,750.73,No
CUST-01044,Male,0,No,No,3,Yes,No,Fiber optic,No,No,No,No,Yes,No,Month-to-month,Yes,Electronic check,87.67,257.6,Yes
CUST-01045,Female,0,Yes,No,33,Yes,No,Fiber optic,Yes,No,Yes,Yes,No,No,Month-to-month,No,Mailed check,86.37,2810.96,No
CUST-01046,Male,0,No,No,26,Yes,Yes,DSL,Yes,Yes,Yes,No,Yes,No,One year,No,Electronic check,60.79,1532.84,No
CUST-01047,Male,1,No,Yes,2,Yes,Yes,Fiber optic,Yes,No,Yes,Yes,Yes,No,Month-to-month,Yes,Mailed check,102.71,214.55,Yes
CUST-01048,Female,0,Yes,No,43,Yes,Yes,DSL,No,Yes,Yes,Yes,No,Yes,One year,No,Mailed check,63.84,2740.59,No
CUST-01049,Female,0,Yes,No,16,Yes,No,DSL,No,No,Yes,Yes,Yes,No,Month-to-month,No,Credit card (automatic),62.36,1045.69,No
CUST-01050,Male,0,No,No,13,Yes,Yes,Fiber optic,Yes,Yes,No,No,No,Yes,One year,Yes,Mailed check,92.5,1234.95,Yes
CUST-01051,Female,0,Yes,No,0,Yes,Yes,Fiber optic,No,Yes,No,No,No,No,Month-to-month,Yes,Bank transfer (automatic),88.13,0.0,No
CUST-01052,Male,0,No,No,0,Yes,Yes,DSL,No,No,Yes,Yes,No,No,Month-to-month,No,Mailed check,59.81,0.0,Yes
CUST-01053,Female,0,No,Yes,36,Yes,Yes,DSL,No,No,No,No,No,No,One year,No,Bank transfer (automatic),54.99,1962.38,No
CUST-01054,Female,0,Yes,No,1,No,No phone service,DSL,Yes,No,No,No,No,Yes,Month-to-month,No,Electronic check,55.32,34.41,Yes
CUST-01055,Male,0,No,No,28,Yes,No,Fiber optic,No,No,No,No,Yes,No,Month-to-month,No,Credit card (automatic),85.67,2390.23,No
CUST-01056,Female,0,Yes,No,52,Yes,Yes,DSL,Yes,No,No,No,No,No,One year,Yes,Electronic check,59.36,3082.89,No
CUST-01057,Male,0,Yes,No,18,Yes,Yes,No,No internet service,No internet service,No internet service,No internet service,No internet service,No internet service,One year,Yes,Mailed check,34.04,555.93,No
CUST-01058,Female,0,No,Yes,33,Yes,Yes,DSL,Yes,No,No,No,Yes,No,One year,No,Bank transfer (automatic),66.99,2232.68,No
CUST-01059,Male,0,No,No,0,No,No phone service,DSL,Yes,No,No,Yes,No,Yes,Month-to-month,Yes,Mailed check,58.63,0.0,No
CUST-01060,Male,0,No,No,13,Yes,No,Fiber optic,Yes,Yes,Yes,No,Yes,No,Month-to-month,Yes,Electronic check,98.27,1232.3,Yes
CUST-01061,Female,1,No,No,29,Yes,No,Fiber optic,No,Yes,No,No,Yes,No,Month-to-month,Yes,Mailed check,83.68,2467.62,Yes
CUST-01062,Female,0,No,No,5,Yes,Yes,Fiber optic,Yes,No,No,No,Yes,No,Month-to-month,No,Mailed check,88.6,396.41,No
CUST-01063,Male,0,Yes,No,9,Yes,No,Fiber optic,No,Yes,Yes,No,Yes,No,Month-to-month,No,Mailed check,96.59,883.76,No
CUST-01064,Female,0,Yes,Yes,2,Yes,No,No,No internet service,No internet service,No internet service,No internet service,No internet service,No internet service,Month-to-month,Yes,Electronic check,35.85,53.36,No
CUST-01065,Female,0,Yes,No,22,Yes,Yes,Fiber optic,No,Yes,No,No,Yes,Yes,Month-to-month,Yes,Mailed check,92.74,2090.63,No
CUST-01066,Male,0,Yes,No,8,Yes,No,No,No internet service,No internet service,No internet service,No internet service,No internet service,No internet service,Month-to-month,No,Electronic check,34.95,305.54,No
CUST-01067,Female,0,Yes,No,31,Yes,No,No,No internet service,No internet service,No internet service,No internet service,No internet service,No internet service,Month-to-month,No,Electronic check,30.47,985.18,No
CUST-01068,Female,0,No,Yes,14,Yes,No,Fiber optic,No,No,Yes,No,Yes,Yes,Month-to-month,Yes,Bank transfer (automatic),86.62,1132.84,No
CUST-01069,Male,0,Yes,No,9,Yes,Yes,Fiber optic,Yes,No,No,No,No,Yes,Month-to-month,No,Electronic check,94.39,826.42,Yes
CUST-01070,Male,0,No,No,18,Yes,Yes,Fiber optic,No,Yes,No,No,No,No,Month-to-month,Yes,Electronic check,70.35,1257.99,Yes
CUST-01071,Female,0,No,No,38,Yes,No,Fiber optic,No,Yes,Yes,Yes,Yes,Yes,One year,Yes,Mailed check,97.81,3729.79,No
CUST-01072,Male,1,No,No,1,Yes,Yes,Fiber optic,Yes,No,Yes,No,Yes,No,Month-to-month,No,Electronic check,89.94,139.57,Yes
CUST-01073,Female,0,Yes,No,6,Yes,Yes,Fiber optic,Yes,Yes,Yes,No,Yes,No,Month-to-month,Yes,Electronic check,92.13,484.97,Yes
CUST-01074,Female,0,No,No,64,No,No phone service,Fiber optic,No,Yes,No,No,Yes,Yes,Two year,Yes,Electronic check,103.53,6636.35,No
CUST-01075,Male,1,No,No,14,No,No phone service,DSL,No,Yes,No,No,Yes,Yes,Month-to-month,Yes,Mailed check,69.39,936.3,No
CUST-01076,Male,0,Yes,No,1,No,No phone service,No,No internet service,No internet service,No internet service,No internet service,No internet service,No internet service,Month-to-month,Yes,Bank transfer (automatic),24.44,14.41,Yes
CUST-01077,Female,0,Yes,No,48,Yes,Yes,DSL,Yes,No,No,Yes,Yes,Yes,One year,Yes,Electronic check,54.21,2558.88,No
CUST-01078,Male,0,Yes,Yes,43,Yes,Yes,DSL,No,Yes,No,No,Yes,No,One year,Yes,Mailed check,55.14,2478.23,No
CUST-01079,Male,0,No,No,69,Yes,Yes,DSL,No,No,No,No,Yes,No,Two year,Yes,Electronic check,63.15,4386.33,No
CUST-01080,Female,0,No,No,44,Yes,No,Fiber optic,No,No,No,Yes,Yes,No,Two year,Yes,Mailed check,84.17,3694.7,No
CUST-01081,Female,0,No,Yes,42,No,No phone service,DSL,No,No,No,No,Yes,Yes,One year,No,Electronic check,59.27,2462.77,Yes
CUST-01082,Female,0,No,No,4,Yes,Yes,No,No internet service,No internet service,No internet service,No internet service,No internet service,No internet service,Month-to-month,No,Credit card (automatic),26.24,132.86,No
CUST-01083,Female,1,Yes,Yes,4,Yes,No,Fiber optic,Yes,No,No,No,No,Yes,Month-to-month,Yes,Electronic check,84.38,328.82,Yes
CUST-01084,Female,1,Yes,No,16,Yes,Yes,Fiber optic,Yes,No,Yes,No,No,Yes,Month-to-month,Yes,Bank transfer (automatic),103.38,1669.06,Yes
CUST-01085,Male,0,No,No,6,Yes,Yes,DSL,No,No,No,No,Yes,No,Month-to-month,No,Electronic check,58.79,365.32,No
CUST-01086,Female,0,No,Yes,29,Yes,No,Fiber optic,No,No,No,No,No,No,Two year,Yes,Electronic check,84.58,2433.69,Yes
CUST-01087,Female,0,No,Yes,4,Yes,No,Fiber optic,No,No,Yes,No,No,No,Month-to-month,Yes,Credit card (automatic),95.5,406.41,Yes
CUST-01088,Female,1,Yes,Yes,57,Yes,Yes,DSL,No,Yes,No,Yes,No,No,Two year,No,Bank transfer (automatic),61.95,3505.08,No
CUST-01089,Female,0,Yes,Yes,16,No,No phone service,Fiber optic,No,No,No,Yes,Yes,No,Month-to-month,Yes,Electronic check,84.27,1303.24,No
CUST-01090,Male,1,Yes,Yes,23,Yes,Yes,Fiber optic,No,Yes,No,No,No,No,Month-to-month,Yes,Electronic check,87.86,2030.78,Yes
CUST-01091,Female,0,Yes,No,26,Yes,No,Fiber optic,No,Yes,No,No,Yes,No,Two year,Yes,Credit card (automatic),78.87,2091.21,No
CUST-01092,Male,0,Yes,No,1,Yes,No,No,No internet service,No internet service,No internet service,No internet service,No internet service,No internet service,Month-to-month,Yes,Bank transfer (automatic),29.32,0.0,No
CUST-01093,Female,0,No,No,7,Yes,No,Fiber optic,No,Yes,No,No,No,Yes,Month-to-month,No,Electronic check,86.69,697.71,Yes
CUST-01094,Male,0,No,Yes,0,Yes,No,DSL,No,No,No,No,No,Yes,Month-to-month,No,Electronic check,56.23,0.0,Yes
CUST-01095,Male,0,Yes,Yes,16,Yes,No,No,No internet service,No internet service,No internet service,No internet service,No internet service,No internet service,Month-to-month,Yes,Mailed check,34.49,563.87,No
CUST-01096,Male,1,Yes,Yes,43,Yes,No,No,No internet service,No internet service,No internet service,No internet service,No internet service,No internet service,Month-to-month,No,Mailed check,32.2,1479.7,No
CUST-01097,Female,0,Yes,Yes,36,Yes,Yes,Fiber optic,Yes,No,Yes,No,No,No,One year,No,Credit card (automatic),88.92,3147.93,No
CUST-01098,Female,0,Yes,No,54,Yes,No,DSL,No,No,No,No,No,No,Two year,Yes,Bank transfer (automatic),57.16,3041.41,No
CUST-01099,Male,0,No,Yes,34,Yes,No,DSL,Yes,No,No,No,No,No,One year,No,Credit card (automatic),60.07,2097.17,No
CUST-01100,Male,0,Yes,No,49,No,No phone service,Fiber optic,Yes,No,Yes,No,Yes,No,Two year,No,Electronic check,88.01,4375.83,Yes
CUST-01101,Male,0,No,No,52,Yes,No,DSL,No,No,Yes,Yes,No,No,Two year,Yes,Electronic check,50.73,2569.71,No
CUST-01102,Male,1,Yes,Yes,36,Yes,No,DSL,No,Yes,No,No,Yes,No,Month-to-month,Yes,Bank transfer (automatic),57.96,2056.81,Yes
CUST-01103,Female,1,Yes,Yes,33,No,No phone service,Fiber optic,No,No,No,Yes,Yes,No,One year,Yes,Credit card (automatic),88.22,2892.6,No
CUST-01104,Male,0,No,No,36,Yes,Yes,Fiber optic,No,Yes,Yes,Yes,No,No,One year,Yes,Credit card (automatic),93.51,3343.35,No
CUST-01105,Male,0,Yes,No,72,Yes,Yes,Fiber optic,No,Yes,Yes,Yes,No,No,Month-to-month,Yes,Mailed check,91.94,6635.35,No
CUST-01106,Male,0,Yes,Yes,29,Yes,Yes,Fiber optic,Yes,Yes,No,No,Yes,Yes,Month-to-month,No,Mailed check,100.06,2906.75,No
CUST-01107,Male,1,No,No,24,Yes,Yes,Fiber optic,No,No,No,Yes,Yes,No,One year,Yes,Electronic check,90.36,2107.68,Yes
CUST-01108,Female,0,Yes,No,72,Yes,Yes,Fiber optic,No,Yes,No,No,Yes,No,Two year,Yes,Bank transfer (automatic),102.76,7455.49,Yes
CUST-01109,Female,0,Yes,No,50,Yes,No,DSL,Yes,No,Yes,Yes,Yes,Yes,Two year,Yes,Bank transfer (automatic),74.83,3687.71,No
CUST-01110,Male,1,Yes,No,6,No,No phone service,DSL,Yes,No,No,No,Yes,No,Month-to-month,Yes,Bank transfer (automatic),58.78,376.63,No
CUST-01111,Female,1,Yes,No,31,Yes,Yes,DSL,Yes,No,No,No,No,Yes,One year,No,Electronic check,62.2,1834.74,No
CUST-01112,Male,0,No,No,7,Yes,Yes,DSL,Yes,No,Yes,No,No,No,Month-to-month,Yes,Mailed check,57.12,358.72,No
CUST-01113,Male,0,Yes,No,63,Yes,Yes,DSL,No,No,Yes,No,Yes,Yes,Two year,No,Credit card (automatic),66.56,4150.39,No
CUST-01114,Male,0,No,No,37,Yes,No,Fiber optic,Yes,No,No,No,No,No,One year,Yes,Bank transfer (automatic),87.94,3338.75,Yes
CUST-01115,Male,0,No,No,33,Yes,Yes,DSL,No,No,No,No,No,Yes,Two year,No,Mailed check,61.65,2009.27,Yes
CUST-01116,Male,0,Yes,No,54,Yes,No,Fiber optic,No,Yes,Yes,No,Yes,No,Two year,No,Credit card (automatic),77.53,4203.13,No
CUST-01117,Female,0,Yes,Yes,49,Yes,No,DSL,No,No,No,No,No,No,Month-to-month,Yes,Mailed check,50.4,2500.79,No
CUST-01118,Female,0,Yes,No,67,Yes,No,No,No internet service,No internet service,No internet service,No internet service,No internet service,No internet service,Two year,No,Bank transfer (automatic),22.15,1509.81,No
CUST-01119,Female,0,Yes,No,54,Yes,Yes,DSL,No,Yes,No,No,No,No,One year,No,Bank transfer (automatic),58.07,3115.77,Yes
CUST-01120,Male,0,Yes,No,1,No,No phone service,DSL,No,No,No,No,Yes,No,Month-to-month,Yes,Credit card (automatic),51.35,38.09,Yes
CUST-01121,Male,0,No,Yes,21,No,No phone service,Fiber optic,Yes,Yes,No,No,Yes,Yes,Month-to-month,Yes,Electronic check,88.3,1881.15,Yes
CUST-01122,Male,1,Yes,No,46,Yes,No,No,No internet service,No internet service,No internet service,No internet service,No internet service,No internet service,One year,Yes,Bank transfer (automatic),23.49,1087.99,No
CUST-01123,Male,0,No,Yes,0,Yes,No,DSL,No,No,No,No,No,No,Month-to-month,No,Electronic check,55.95,0.0,Yes
CUST-01124,Male,1,No,No,5,No,No phone service,No,No internet service,No internet service,No internet service,No internet service,No internet service,No internet service,Month-to-month,No,Mailed check,41.88,116.86,Yes
CUST-01125,Female,0,No,No,23,Yes,No,Fiber optic,No,Yes,No,No,Yes,Yes,One year,Yes,Mailed check,94.05,2207.46,No
CUST-01126,Female,0,Yes,No,3,Yes,No,Fiber optic,Yes,Yes,Yes,Yes,No,Yes,Month-to-month,No,Credit card (automatic),100.67,312.17,No
CUST-01127,Female,1,Yes,No,2,No,No phone service,Fiber optic,No,No,No,No,Yes,No,Month-to-month,Yes,Electronic check,99.68,272.02,Yes
CUST-01128,Female,0,No,Yes,31,Yes,Yes,Fiber optic,Yes,Yes,Yes,Yes,No,Yes,One year,Yes,Electronic check,99.41,3176.37,Yes
CUST-01129,Female,0,Yes,Yes,1,Yes,No,DSL,No,Yes,Yes,No,Yes,Yes,Month-to-month,No,Bank transfer (automatic),67.96,65.3,No
CUST-01130,Female,0,No,No,37,Yes,No,DSL,No,Yes,No,No,No,Yes,One year,Yes,Electronic check,49.5,1849.78,No
CUST-01131,Male,0,No,Yes,1,Yes,No,DSL,Yes,Yes,No,No,Yes,No,Month-to-month,No,Electronic check,68.42,53.51,Yes
CUST-01132,Female,0,No,No,57,Yes,No,Fiber optic,No,Yes,No,Yes,No,Yes,Two year,Yes,Credit card (automatic),86.57,4976.94,No
CUST-01133,Female,0,Yes,No,1,Yes,Yes,DSL,No,Yes,No,No,No,Yes,Month-to-month,No,Electronic check,62.47,105.85,Yes
CUST-01134,Female,0,Yes,Yes,34,Yes,No,DSL,Yes,No,No,No,No,No,Two year,Yes,Bank transfer (automatic),62.13,2099.67,No
CUST-01135,Female,0,No,No,42,No,No phone service,DSL,No,Yes,No,Yes,Yes,Yes,One year,Yes,Bank transfer (automatic),63.85,2712.95,No
CUST-01136,Male,0,No,No,47,Yes,No,Fiber optic,Yes,No,Yes,No,Yes,Yes,Two year,Yes,Bank transfer (automatic),92.62,4350.91,No
CUST-01137,Female,0,No,No,5,Yes,Yes,Fiber optic,Yes,No,Yes,Yes,No,No,Month-to-month,Yes,Mailed check,79.94,366.43,No
CUST-01138,Male,0,No,No,29,Yes,Yes,Fiber optic,Yes,Yes,No,Yes,No,Yes,Month-to-month,Yes,Credit card (automatic),85.14,2481.6,No
CUST-01139,Female,0,No,No,8,Yes,Yes,No,No internet service,No internet service,No internet service,No internet service,No internet service,No internet service,Month-to-month,No,Electronic check,28.07,247.67,Yes
CUST-01140,Female,0,No,No,9,Yes,Yes,No,No internet service,No internet service,No internet service,No internet service,No internet service,No internet service,Month-to-month,No,Credit card (automatic),18.0,187.69,No
CUST-01141,Female,0,No,Yes,2,Yes,Yes,DSL,No,Yes,No,No,No,No,Month-to-month,No,Electronic check,67.43,99.8,Yes
CUST-01142,Male,0,Yes,Yes,42,Yes,No,Fiber optic,No,No,No,Yes,Yes,Yes,One year,No,Bank transfer (automatic),88.56,3711.68,Yes
CUST-01143,Female,0,Yes,No,15,Yes,Yes,Fiber optic,No,Yes,No,No,Yes,No,Month-to-month,No,Electronic check,89.01,1270.91,Yes
CUST-01144,Female,0,No,Yes,52,Yes,No,DSL,No,Yes,No,No,No,No,Month-to-month,No,Electronic check,48.36,2521.08,No
CUST-01145,Male,0,No,No,0,Yes,Yes,DSL,No,No,No,No,No,No,Month-to-month,No,Bank transfer (automatic),50.63,0.0,No
CUST-01146,Male,1,Yes,No,11,Yes,Yes,No,No internet service,No internet service,No internet service,No internet service,No internet service,No internet service,One year,Yes,Electronic check,28.96,262.55,Yes
CUST-01147,Female,1,No,No,26,Yes,Yes,Fiber optic,No,No,No,Yes,No,No,One year,Yes,Electronic check,75.37,1902.45,No
CUST-01148,Female,0,Yes,No,10,Yes,Yes,Fiber optic,No,No,No,No,Yes,Yes,Month-to-month,Yes,Electronic check,88.94,913.08,Yes
CUST-01149,Female,0,Yes,Yes,29,Yes,No,Fiber optic,Yes,No,Yes,No,Yes,No,Month-to-month,No,Bank transfer (automatic),96.58,2852.76,Yes
CUST-01150,Female,0,No,Yes,19,No,No phone service,No,No internet service,No internet service,No internet service,No internet service,No internet service,No internet service,Month-to-month,No,Credit card (automatic),27.83,495.84,No
CUST-01151,Male,1,Yes,No,44,Yes,No,No,No internet service,No internet service,No internet service,No internet service,No internet service,No internet service,One year,No,Electronic check,31.5,1381.06,No
CUST-01152,Female,0,No,No,38,Yes,No,No,No internet service,No internet service,No internet service,No internet service,No internet service,No internet service,One year,Yes,Bank transfer (automatic),26.71,955.63,No
CUST-01153,Male,0,No,No,15,Yes,No,DSL,No,No,No,Yes,No,Yes,Month-to-month,Yes,Bank transfer (automatic),54.95,860.46,No
CUST-01154,Female,0,No,Yes,2,Yes,No,Fiber optic,No,Yes,Yes,Yes,No,Yes,Month-to-month,Yes,Electronic check,92.12,244.14,No
CUST-01155,Male,0,Yes,No,29,Yes,No,DSL,No,No,No,No,No,Yes,One year,Yes,Credit card (automatic),58.1,1639.62,Yes
CUST-01156,Female,1,No,No,29,Yes,Yes,No,No internet service,No internet service,No internet service,No internet service,No internet service,No internet service,One year,Yes,Mailed check,34.23,936.33,No
CUST-01157,Male,1,Yes,No,4,Yes,No,DSL,No,Yes,No,No,No,No,Month-to-month,Yes,Mailed check,55.42,213.77,No
CUST-01158,Female,0,No,Yes,67,Yes,No,Fiber optic,Yes,Yes,No,Yes,Yes,No,Month-to-month,Yes,Bank transfer (automatic),91.82,6160.22,Yes
CUST-01159,Male,0,Yes,No,12,Yes,No,No,No internet service,No internet service,No internet service,No internet service,No internet service,No internet service,Month-to-month,Yes,Bank transfer (automatic),24.68,244.97,No
CUST-01160,Male,0,No,No,14,No,No phone service,Fiber optic,Yes,No,Yes,No,No,Yes,One year,No,Electronic check,87.42,1174.99,No
CUST-01161,Female,0,No,No,0,No,No phone service,DSL,No,Yes,No,No,Yes,Yes,Month-to-month,Yes,Electronic check,64.31,0.0,No
CUST-01162,Male,1,Yes,Yes,33,Yes,No,DSL,No,No,No,Yes,Yes,Yes,One year,Yes,Electronic check,52.09,1651.85,Yes
CUST-01163,Female,0,Yes,No,21,Yes,Yes,Fiber optic,No,No,Yes,No,Yes,No,One year,No,Electronic check,92.97,1891.64,No
CUST-01164,Female,0,Yes,No,62,Yes,No,Fiber optic,Yes,No,No,No,Yes,No,Two year,Yes,Credit card (automatic),88.74,5495.49,No
CUST-01165,Female,0,No,No,56,Yes,No,Fiber optic,No,Yes,No,Yes,No,No,Two year,Yes,Bank transfer (automatic),94.81,5383.79,No
CUST-01166,Male,0,No,No,10,Yes,No,DSL,Yes,Yes,No,No,No,Yes,Month-to-month,Yes,Bank transfer (automatic),48.35,463.06,No
CUST-01167,Male,0,No,Yes,46,Yes,No,Fiber optic,No,Yes,No,No,Yes,No,One year,No,Bank transfer (automatic),92.06,4187.25,No
CUST-01168,Male,0,No,No,0,Yes,Yes,Fiber optic,No,No,No,No,No,Yes,One year,No,Mailed check,78.41,0.0,No
CUST-01169,Female,1,Yes,No,60,No,No phone service,No,No internet service,No internet service,No internet service,No internet service,No internet service,No internet service,Two year,Yes,Electronic check,36.0,2205.07,No
CUST-01170,Female,0,No,No,29,Yes,No,Fiber optic,No,Yes,Yes,No,Yes,Yes,Month-to-month,No,Electronic check,96.77,2860.94,Yes
CUST-01171,Female,0,Yes,No,13,Yes,No,No,No internet service,No internet service,No internet service,No internet service,No internet service,No internet service,Month-to-month,No,Bank transfer (automatic),38.79,519.53,No
CUST-01172,Female,0,No,No,51,No,No phone service,DSL,No,No,No,No,Yes,No,Two year,Yes,Electronic check,59.84,3075.69,Yes
CUST-01173,Male,0,Yes,Yes,29,Yes,No,No,No internet service,No internet service,No internet service,No internet service,No internet service,No internet service,Month-to-month,No,Bank transfer (automatic),18.0,546.62,Yes
CUST-01174,Male,0,No,No,37,Yes,No,No,No internet service,No internet service,No internet service,No internet service,No internet service,No internet service,Two year,Yes,Bank transfer (automatic),24.89,929.26,No
CUST-01175,Male,0,Yes,No,8,Yes,Yes,Fiber optic,No,Yes,No,No,Yes,Yes,Month-to-month,No,Credit card (automatic),91.93,808.71,Yes
CUST-01176,Male,0,Yes,Yes,4,Yes,Yes,No,No internet service,No internet service,No internet service,No internet service,No internet service,No internet service,Month-to-month,Yes,Electronic check,28.37,116.3,No
CUST-01177,Male,0,Yes,No,61,Yes,No,Fiber optic,Yes,No,No,Yes,No,No,Two year,Yes,Credit card (automatic),80.37,4899.63,No
CUST-01178,Male,0,No,Yes,9,Yes,No,No,No internet service,No internet service,No internet service,No internet service,No internet service,No internet service,One year,Yes,Mailed check,32.08,323.8,No
CUST-01179,Male,0,No,No,29,Yes,No,Fiber optic,No,Yes,No,Yes,Yes,No,One year,Yes,Bank transfer (automatic),104.75,3046.3,Yes
CUST-01180,Male,1,Yes,No,10,Yes,No,No,No internet service,No internet service,No internet service,No internet service,No internet service,No internet service,Month-to-month,Yes,Electronic check,31.55,393.06,No
CUST-01181,Female,1,Yes,No,1,Yes,Yes,DSL,Yes,No,No,No,No,No,Month-to-month,No,Bank transfer (automatic),67.02,146.68,Yes
CUST-01182,Female,0,Yes,No,5,Yes,Yes,DSL,No,Yes,No,No,Yes,No,Month-to-month,Yes,Mailed check,61.89,271.53,No
CUST-01183,Female,0,No,Yes,20,Yes,No,Fiber optic,No,Yes,No,No,No,Yes,One year,Yes,Electronic check,81.83,1669.26,No
CUST-01184,Male,0,No,No,9,Yes,Yes,Fiber optic,No,Yes,No,No,No,Yes,Month-to-month,Yes,Mailed check,78.79,710.93,No
CUST-01185,Male,1,No,No,41,No,No phone service,DSL,Yes,Yes,Yes,Yes,Yes,No,Month-to-month,Yes,Mailed check,71.8,2957.41,No
CUST-01186,Male,0,No,Yes,4,Yes,No,Fiber optic,No,No,No,No,No,No,Month-to-month,Yes,Bank transfer (automatic),83.26,380.01,Yes
CUST-01187,Male,0,Yes,Yes,64,Yes,No,DSL,No,No,No,No,Yes,No,Two year,Yes,Electronic check,55.2,3521.87,Yes
CUST-01188,Female,0,Yes,No,55,Yes,Yes,No,No internet service,No internet service,No internet service,No internet service,No internet service,No internet service,Two year,Yes,Bank transfer (automatic),28.21,1519.03,No
CUST-01189,Female,1,No,No,15,Yes,No,Fiber optic,Yes,No,Yes,No,No,No,Month-to-month,Yes,Mailed check,83.59,1230.76,No
CUST-01190,Male,0,No,Yes,29,Yes,No,DSL,No,No,No,Yes,Yes,No,Two year,Yes,Mailed check,59.53,1720.56,No
CUST-01191,Male,0,Yes,Yes,10,No,No phone service,DSL,No,No,Yes,Yes,No,Yes,Month-to-month,Yes,Bank transfer (automatic),62.6,545.88,Yes
CUST-01192,Male,0,No,No,6,Yes,No,No,No internet service,No internet service,No internet service,No internet service,No internet service,No internet service,Month-to-month,No,Credit card (automatic),23.86,128.77,Yes
CUST-01193,Male,0,Yes,No,35,Yes,Yes,Fiber optic,Yes,No,Yes,No,Yes,No,Month-to-month,Yes,Bank transfer (automatic),82.67,2892.7,No
CUST-01194,Female,1,Yes,No,64,Yes,No,Fiber optic,Yes,No,No,No,No,Yes,Two year,Yes,Electronic check,82.19,5295.92,No
CUST-01195,Female,0,Yes,No,1,Yes,No,No,No internet service,No internet service,No internet service,No internet service,No internet service,No internet service,Month-to-month,No,Electronic check,40.51,16.14,No
CUST-01196,Female,0,No,No,29,Yes,No,No,No internet service,No internet service,No internet service,No internet service,No internet service,No internet service,Month-to-month,No,Bank transfer (automatic),21.11,628.49,No
CUST-01197,Female,0,No,Yes,61,Yes,No,DSL,Yes,No,Yes,No,No,Yes,Two year,Yes,Mailed check,63.35,3867.1,No
CUST-01198,Female,0,No,No,14,Yes,No,Fiber optic,No,Yes,No,No,No,No,One year,Yes,Bank transfer (automatic),89.27,1283.6,Yes
CUST-01199,Female,0,No,No,29,Yes,Yes,No,No internet service,No internet service,No internet service,No internet service,No internet service,No internet service,One year,No,Electronic check,34.75,1054.25,No
CUST-01200,Female,0,No,No,17,Yes,Yes,DSL,No,Yes,Yes,No,No,No,One year,No,Electronic check,72.22,1210.86,No
CUST-01201,Female,1,Yes,No,41,Yes,No,Fiber optic,No,Yes,Yes,No,No,Yes,One year,No,Electronic check,84.44,3508.7,Yes
CUST-01202,Male,0,No,No,21,Yes,Yes,Fiber optic,Yes,No,No,No,Yes,No,Month-to-month,Yes,Bank transfer (automatic),86.54,1856.48,No
CUST-01203,Female,0,Yes,No,39,Yes,No,DSL,No,No,No,No,No,No,One year,Yes,Credit card (automatic),49.12,1902.14,No
CUST-01204,Female,0,No,Yes,3,No,No phone service,Fiber optic,No,No,No,Yes,No,Yes,Month-to-month,No,Electronic check,88.39,307.61,No
CUST-01205,Female,0,Yes,Yes,7,Yes,Yes,DSL,No,No,No,No,Yes,No,Month-to-month,Yes,Mailed check,52.42,377.21,No
CUST-01206,Female,0,Yes,No,64,Yes,No,DSL,Yes,No,No,Yes,Yes,No,Two year,No,Bank transfer (automatic),62.81,4048.33,No
CUST-01207,Female,0,No,No,8,Yes,Yes,DSL,No,Yes,Yes,No,Yes,No,Month-to-month,Yes,Credit card (automatic),56.41,474.23,Yes
CUST-01208,Female,0,Yes,Yes,18,Yes,No,DSL,No,Yes,Yes,No,No,No,Month-to-month,No,Electronic check,52.77,928.91,No
CUST-01209,Male,0,Yes,No,2,Yes,Yes,Fiber optic,No,Yes,No,Yes,No,No,Month-to-month,No,Electronic check,81.2,137.93,No
CUST-01210,Female,0,No,No,43,Yes,No,No,No internet service,No internet service,No internet service,No internet service,No internet service,No internet service,Two year,No,Electronic check,20.78,946.19,No
CUST-01211,Female,0,No,No,72,Yes,Yes,No,No internet service,No internet service,No internet service,No internet service,No internet service,No internet service,Two year,No,Credit card (automatic),29.95,2138.09,No
CUST-01212,Female,0,Yes,No,1,Yes,Yes,No,No internet service,No internet service,No internet service,No internet service,No internet service,No internet service,Month-to-month,Yes,Credit card (automatic),25.86,0.0,Yes
CUST-01213,Male,0,Yes,Yes,4,Yes,Yes,Fiber optic,No,No,Yes,No,Yes,Yes,Month-to-month,No,Electronic check,90.25,332.54,Yes
CUST-01214,Female,1,Yes,No,18,Yes,Yes,DSL,Yes,Yes,Yes,No,No,Yes,One year,Yes,Credit card (automatic),58.6,1103.94,Yes
CUST-01215,Male,0,No,No,14,Yes,No,Fiber optic,No,No,No,Yes,Yes,No,One year,Yes,Electronic check,88.05,1291.26,No
CUST-01216,Male,0,No,No,8,Yes,Yes,Fiber optic,No,No,No,No,Yes,Yes,Month-to-month,Yes,Credit card (automatic),84.51,721.67,Yes
CUST-01217,Female,0,Yes,No,12,Yes,Yes,No,No internet service,No internet service,No internet service,No internet service,No internet service,No internet service,Month-to-month,No,Bank transfer (automatic),35.74,413.26,No
CUST-01218,Female,0,No,Yes,56,Yes,No,Fiber optic,Yes,No,No,No,Yes,Yes,One year,Yes,Credit card (automatic),101.41,5665.55,No
CUST-01219,Female,0,No,Yes,1,No,No phone service,Fiber optic,No,Yes,No,No,Yes,No,Month-to-month,No,Bank transfer (automatic),89.58,105.17,Yes
CUST-01220,Male,0,No,Yes,31,Yes,No,No,No internet service,No internet service,No internet service,No internet service,No internet service,No internet service,One year,No,Electronic check,32.42,1028.71,Yes
CUST-01221,Female,0,Yes,No,12,Yes,No,Fiber optic,No,No,No,No,Yes,No,Month-to-month,No,Bank transfer (automatic),82.62,910.6,No
CUST-01222,Female,0,No,No,61,Yes,No,Fiber optic,Yes,Yes,Yes,Yes,No,No,Two year,Yes,Bank transfer (automatic),93.85,5688.98,No
CUST-01223,Female,0,No,No,11,Yes,No,No,No internet service,No internet service,No internet service,No internet service,No internet service,No internet service,One year,Yes,Mailed check,25.83,288.47,No
CUST-01224,Female,0,Yes,No,3,Yes,No,Fiber optic,No,Yes,Yes,Yes,No,No,One year,No,Electronic check,90.08,258.94,No
CUST-01225,Male,0,Yes,Yes,40,Yes,Yes,DSL,No,No,No,No,Yes,No,One year,Yes,Bank transfer (automatic),55.45,2186.5,No
CUST-01226,Female,0,Yes,No,3,Yes,No,No,No internet service,No internet service,No internet service,No internet service,No internet service,No internet service,Month-to-month,No,Mailed check,29.7,106.88,No
CUST-01227,Male,0,Yes,No,15,Yes,Yes,No,No internet service,No internet service,No internet service,No internet service,No internet service,No internet service,Month-to-month,Yes,Electronic check,30.75,438.99,No
CUST-01228,Female,0,No,Yes,17,Yes,Yes,DSL,No,Yes,No,No,No,No,Month-to-month,Yes,Electronic check,58.14,913.48,No
CUST-01229,Male,0,No,No,42,Yes,No,No,No internet service,No internet service,No internet service,No internet service,No internet service,No internet service,One year,No,Electronic check,29.3,1270.34,No
CUST-01230,Male,0,Yes,No,45,Yes,Yes,DSL,Yes,Yes,No,No,No,Yes,Two year,No,Electronic check,72.99,3280.51,No
CUST-01231,Female,0,No,No,12,Yes,Yes,No,No internet service,No internet service,No internet service,No internet service,No internet service,No internet service,Month-to-month,Yes,Electronic check,27.56,344.12,No
CUST-01232,Female,1,Yes,Yes,26,Yes,No,No,No internet service,No internet service,No internet service,No internet service,No internet service,No internet service,One year,No,Electronic check,35.63,882.63,Yes
CUST-01233,Female,0,No,No,45,Yes,No,DSL,No,No,No,Yes,Yes,Yes,Month-to-month,Yes,Electronic check,61.32,2720.26,Yes
CUST-01234,Female,0,Yes,No,18,Yes,No,No,No internet service,No internet service,No internet service,No internet service,No internet service,No internet service,Month-to-month,No,Electronic check,32.61,517.33,No
CUST-01235,Female,1,No,No,7,Yes,No,DSL,No,Yes,Yes,No,Yes,No,Month-to-month,Yes,Electronic check,71.26,514.23,Yes
CUST-01236,Male,0,No,Yes,58,Yes,Yes,No,No internet service,No internet service,No internet service,No internet service,No internet service,No internet service,Two year,No,Mailed check,34.15,1972.28,No
CUST-01237,Male,0,No,Yes,7,Yes,No,Fiber optic,Yes,Yes,No,No,Yes,No,Month-to-month,No,Electronic check,94.48,708.9,Yes
CUST-01238,Male,0,No,No,32,Yes,Yes,Fiber optic,No,Yes,No,No,No,No,Month-to-month,No,Bank transfer (automatic),91.69,2908.83,No
CUST-01239,Male,0,Yes,No,38,No,No phone service,No,No internet service,No internet service,No internet service,No internet service,No internet service,No internet service,One year,Yes,Electronic check,22.45,813.6,Yes
CUST-01240,Male,0,No,Yes,10,Yes,No,DSL,No,Yes,No,No,Yes,No,Month-to-month,Yes,Mailed check,53.81,497.31,Yes
CUST-01241,Female,0,No,No,3,Yes,No,Fiber optic,Yes,Yes,No,No,No,No,Month-to-month,Yes,Electronic check,94.74,314.25,Yes
CUST-01242,Female,0,Yes,Yes,33,No,No phone service,Fiber optic,Yes,No,Yes,No,Yes,Yes,Month-to-month,No,Bank transfer (automatic),86.59,2950.1,No
CUST-01243,Female,0,No,No,8,Yes,Yes,DSL,No,Yes,No,No,Yes,No,Month-to-month,No,Electronic check,61.2,475.05,Yes
CUST-01244,Male,0,Yes,No,5,Yes,No,DSL,No,No,No,Yes,Yes,No,Month-to-month,No,Mailed check,67.31,360.67,No
CUST-01245,Female,0,Yes,No,3,Yes,Yes,Fiber optic,No,No,No,No,Yes,No,Month-to-month,Yes,Credit card (automatic),83.27,228.68,Yes
CUST-01246,Female,0,No,No,35,Yes,Yes,DSL,No,Yes,No,Yes,No,Yes,One year,Yes,Credit card (automatic),59.5,2066.37,No
CUST-01247,Female,0,Yes,No,72,No,No phone service,Fiber optic,Yes,Yes,No,Yes,No,Yes,Two year,Yes,Electronic check,85.23,6089.73,No
CUST-01248,Male,0,Yes,No,54,No,No phone service,Fiber optic,Yes,No,No,No,No,Yes,Two year,No,Mailed check,89.04,4812.56,No
CUST-01249,Male,1,Yes,Yes,23,Yes,Yes,Fiber optic,No,Yes,No,No,Yes,No,Month-to-month,Yes,Bank transfer (automatic),90.99,2067.25,Yes
CUST-01250,Female,0,No,No,0,Yes,No,DSL,No,No,No,No,No,No,Month-to-month,Yes,Credit card (automatic),64.64,0.0,Yes
CUST-01251,Male,0,No,No,31,Yes,Yes,DSL,No,No,No,No,Yes,No,Month-to-month,No,Electronic check,60.19,1912.48,No
CUST-01252,Male,0,Yes,No,1,Yes,No,DSL,Yes,No,Yes,Yes,Yes,No,Month-to-month,Yes,Credit card (automatic),74.07,108.86,Yes
CUST-01253,Male,0,No,No,16,Yes,Yes,Fiber optic,Yes,No,No,Yes,No,Yes,One year,No,Electronic check,96.39,1590.0,Yes
CUST-01254,Female,0,No,Yes,6,Yes,Yes,DSL,Yes,Yes,Yes,Yes,No,No,Month-to-month,Yes,Electronic check,70.15,430.84,No
CUST-01255,Female,1,No,Yes,19,Yes,Yes,No,No internet service,No internet service,No internet service,No internet service,No internet service,No internet service,One year,No,Mailed check,25.94,461.22,No
CUST-01256,Male,0,No,No,64,Yes,No,DSL,Yes,Yes,No,No,No,No,Two year,Yes,Credit card (automatic),68.87,4421.61,No
CUST-01257,Male,0,No,No,4,Yes,Yes,DSL,No,No,Yes,Yes,Yes,Yes,Month-to-month,Yes,Credit card (automatic),60.75,253.82,Yes
CUST-01258,Female,1,Yes,Yes,53,Yes,Yes,No,No internet service,No internet service,No internet service,No internet service,No internet service,No internet service,Two year,Yes,Credit card (automatic),29.36,1521.83,No
CUST-01259,Female,0,Yes,Yes,10,Yes,No,DSL,Yes,Yes,No,Yes,Yes,Yes,Month-to-month,No,Electronic check,63.82,713.28,No
CUST-01260,Female,1,No,Yes,57,Yes,Yes,Fiber optic,Yes,Yes,Yes,No,Yes,Yes,Two year,Yes,Bank transfer (automatic),99.37,5664.02,No
CUST-01261,Male,0,Yes,No,24,Yes,No,DSL,No,No,Yes,No,No,No,One year,Yes,Electronic check,53.27,1285.42,No
CUST-01262,Female,0,Yes,Yes,26,Yes,No,No,No internet service,No internet service,No internet service,No internet service,No internet service,No internet service,Month-to-month,Yes,Bank transfer (automatic),18.37,484.63,No
CUST-01263,Male,1,Yes,No,8,No,No phone service,DSL,No,No,Yes,Yes,Yes,Yes,Month-to-month,Yes,Bank transfer (automatic),85.54,703.82,No
CUST-01264,Female,0,Yes,No,9,Yes,Yes,DSL,No,No,Yes,No,No,No,Month-to-month,Yes,Mailed check,49.88,438.54,No
CUST-01265,Male,0,No,No,29,Yes,Yes,Fiber optic,No,Yes,No,No,No,No,One year,Yes,Electronic check,92.74,2740.05,Yes
CUST-01266,Male,0,Yes,No,18,Yes,No,Fiber optic,No,Yes,No,No,No,No,Month-to-month,Yes,Mailed check,91.01,1696.22,No
CUST-01267,Male,0,No,Yes,68,Yes,No,No,No internet service,No internet service,No internet service,No internet service,No internet service,No internet service,Two year,No,Credit card (automatic),31.82,2086.91,No
CUST-01268,Male,0,No,No,7,Yes,Yes,No,No internet service,No internet service,No internet service,No internet service,No internet service,No internet service,Month-to-month,No,Credit card (automatic),27.02,180.16,No
CUST-01269,Female,0,Yes,No,45,Yes,Yes,Fiber optic,No,Yes,Yes,No,No,Yes,Two year,Yes,Credit card (automatic),81.65,3718.87,No
CUST-01270,Male,0,Yes,No,15,Yes,Yes,DSL,No,No,Yes,Yes,No,Yes,Month-to-month,No,Bank transfer (automatic),64.11,979.95,Yes
CUST-01271,Male,0,Yes,No,46,Yes,No,Fiber optic,No,No,No,Yes,Yes,Yes,One year,Yes,Mailed check,97.19,4427.48,Yes
CUST-01272,Male,0,No,No,67,Yes,No,DSL,No,No,No,Yes,No,Yes,Two year,No,Bank transfer (automatic),64.27,4290.46,No
CUST-01273,Female,0,Yes,Yes,12,Yes,Yes,DSL,Yes,Yes,Yes,No,No,No,Month-to-month,Yes,Electronic check,63.39,821.19,Yes
CUST-01274,Female,0,No,No,6,Yes,Yes,DSL,No,No,Yes,No,No,No,Month-to-month,No,Bank transfer (automatic),67.67,342.49,No
CUST-01275,Female,0,Yes,No,22,Yes,No,Fiber optic,Yes,No,No,No,Yes,Yes,One year,No,Electronic check,94.54,2084.93,No
CUST-01276,Female,0,Yes,No,35,Yes,No,Fiber optic,No,No,No,Yes,Yes,Yes,One year,Yes,Bank transfer (automatic),88.78,3103.49,No
CUST-01277,Female,0,Yes,Yes,47,No,No phone service,Fiber optic,No,No,Yes,No,No,No,Two year,No,Credit card (automatic),89.32,4182.45,No
CUST-01278,Female,0,Yes,Yes,42,Yes,No,Fiber optic,No,No,No,No,No,Yes,Month-to-month,Yes,Electronic check,84.42,3532.99,Yes
CUST-01279,Male,0,Yes,Yes,50,Yes,No,DSL,No,No,Yes,No,Yes,No,Two year,Yes,Credit card (automatic),51.72,2611.19,No
CUST-01280,Female,0,No,No,28,No,No phone service,DSL,No,Yes,No,Yes,Yes,No,Two year,Yes,Mailed check,76.8,2178.19,No
CUST-01281,Female,0,Yes,No,22,Yes,Yes,Fiber optic,Yes,Yes,No,No,No,No,One year,No,Mailed check,90.92,2013.08,No
CUST-01282,Female,1,No,No,72,Yes,Yes,Fiber optic,Yes,Yes,No,No,No,No,Month-to-month,Yes,Electronic check,74.62,5397.56,No
CUST-01283,Male,1,No,Yes,10,Yes,Yes,DSL,No,No,Yes,No,Yes,No,Month-to-month,No,Bank transfer (automatic),68.99,684.39,No
CUST-01284,Female,0,No,Yes,42,Yes,Yes,Fiber optic,Yes,No,Yes,No,Yes,No,Two year,Yes,Mailed check,97.87,4165.93,No
CUST-01285,Male,1,No,Yes,5,Yes,No,No,No internet service,No internet service,No internet service,No internet service,No internet service,No internet service,One year,No,Credit card (automatic),36.48,211.26,No
CUST-01286,Male,1,Yes,Yes,42,Yes,No,DSL,No,Yes,Yes,Yes,No,Yes,One year,No,Electronic check,76.44,3187.69,No
CUST-01287,Female,0,No,No,44,Yes,No,No,No internet service,No internet service,No internet service,No internet service,No internet service,No internet service,Two year,No,Electronic check,31.84,1421.07,No
CUST-01288,Male,0,Yes,Yes,21,Yes,No,No,No internet service,No internet service,No internet service,No internet service,No internet service,No internet service,Month-to-month,Yes,Mailed check,24.34,553.08,No
CUST-01289,Male,0,No,No,16,Yes,No,No,No internet service,No internet service,No internet service,No internet service,No internet service,No internet service,One year,No,Credit card (automatic),31.03,504.93,No
CUST-01290,Female,0,Yes,No,46,Yes,No,DSL,No,No,No,Yes,Yes,No,One year,Yes,Electronic check,69.22,3145.74,No
CUST-01291,Male,0,No,No,55,Yes,No,DSL,Yes,Yes,Yes,No,No,No,Two year,Yes,Electronic check,70.65,3812.96,No
CUST-01292,Female,0,No,No,21,Yes,No,Fiber optic,Yes,No,Yes,Yes,Yes,No,One year,Yes,Credit card (automatic),85.8,1827.93,No
CUST-01293,Male,0,No,No,17,Yes,Yes,Fiber optic,No,No,No,No,Yes,No,Month-to-month,Yes,Electronic check,93.59,1547.68,Yes
CUST-01294,Male,1,Yes,No,13,No,No phone service,DSL,No,Yes,No,Yes,No,No,Month-to-month,Yes,Credit card (automatic),61.07,760.7,No
CUST-01295,Female,0,No,Yes,72,Yes,No,Fiber optic,No,Yes,Yes,No,No,No,Two year,Yes,Bank transfer (automatic),86.46,6193.2,No
CUST-01296,Female,0,No,No,50,Yes,Yes,Fiber optic,No,Yes,No,No,No,Yes,One year,No,Bank transfer (automatic),87.65,4343.45,No
CUST-01297,Male,0,No,Yes,22,No,No phone service,DSL,No,No,No,No,No,No,Month-to-month,Yes,Credit card (automatic),67.61,1473.9,Yes
CUST-01298,Female,0,Yes,No,45,Yes,Yes,DSL,No,No,No,Yes,No,Yes,Two year,Yes,Credit card (automatic),51.69,2329.29,No
CUST-01299,Female,1,Yes,No,6,Yes,Yes,Fiber optic,No,Yes,No,Yes,Yes,Yes,Month-to-month,Yes,Electronic check,93.08,529.18,Yes
CUST-01300,Male,0,Yes,No,46,Yes,No,Fiber optic,Yes,No,No,No,Yes,No,Month-to-month,No,Electronic check,91.49,4174.13,No
CUST-01301,Female,0,No,Yes,40,Yes,Yes,DSL,Yes,Yes,Yes,No,No,Yes,Two year,No,Bank transfer (automatic),66.13,2630.69,No
CUST-01302,Male,0,Yes,Yes,50,Yes,No,No,No internet service,No internet service,No internet service,No internet service,No internet service,No internet service,One year,No,Mailed check,29.01,1441.37,No
CUST-01303,Female,0,No,Yes,51,Yes,No,Fiber optic,No,Yes,Yes,No,No,No,Two year,No,Mailed check,94.08,4808.87,No
CUST-01304,Female,0,No,No,38,Yes,Yes,Fiber optic,No,Yes,No,Yes,No,No,Two year,Yes,Bank transfer (automatic),79.4,3025.97,No
CUST-01305,Female,0,No,No,7,Yes,No,DSL,Yes,No,Yes,Yes,Yes,Yes,Month-to-month,Yes,Bank transfer (automatic),65.03,405.97,No
CUST-01306,Female,0,No,No,22,Yes,No,Fiber optic,Yes,No,No,No,No,No,Month-to-month,Yes,Credit card (automatic),102.14,2281.35,No
CUST-01307,Male,0,No,No,28,Yes,Yes,Fiber optic,No,No,Yes,No,Yes,No,Two year,No,Bank transfer (automatic),82.12,2244.44,No
CUST-01308,Male,0,No,Yes,1,Yes,Yes,No,No internet service,No internet service,No internet service,No internet service,No internet service,No internet service,Month-to-month,Yes,Credit card (automatic),30.16,40.02,Yes
CUST-01309,Male,0,Yes,No,22,Yes,Yes,DSL,No,Yes,Yes,No,Yes,No,One year,No,Electronic check,61.04,1337.42,No
CUST-01310,Female,0,No,No,22,Yes,Yes,Fiber optic,No,Yes,No,No,No,No,Month-to-month,Yes,Bank transfer (automatic),74.25,1700.75,No
CUST-01311,Female,0,No,No,31,No,No phone service,DSL,No,No,No,No,Yes,No,Month-to-month,Yes,Electronic check,52.38,1605.44,No
CUST-01312,Male,0,Yes,No,13,Yes,Yes,No,No internet service,No internet service,No internet service,No internet service,No internet service,No internet service,Month-to-month,No,Credit card (automatic),22.98,300.56,No
CUST-01313,Female,0,No,No,26,Yes,No,DSL,No,No,No,Yes,Yes,Yes,One year,No,Mailed check,69.17,1801.27,No
CUST-01314,Female,1,No,Yes,23,Yes,Yes,Fiber optic,No,No,Yes,No,Yes,No,One year,Yes,Mailed check,85.6,1992.75,Yes
CUST-01315,Female,0,No,No,13,Yes,No,Fiber optic,No,Yes,No,No,No,Yes,Month-to-month,Yes,Bank transfer (automatic),95.3,1286.12,Yes
CUST-01316,Male,0,No,No,11,No,No phone service,Fiber optic,Yes,No,Yes,No,Yes,No,Month-to-month,Yes,Credit card (automatic),86.03,956.99,Yes
CUST-01317,Female,0,No,No,34,Yes,No,Fiber optic,Yes,No,No,No,No,No,Month-to-month,Yes,Electronic check,88.33,3095.64,No
CUST-01318,Female,0,Yes,Yes,34,Yes,Yes,Fiber optic,Yes,Yes,No,No,No,No,One year,No,Bank transfer (automatic),89.84,3044.28,No
CUST-01319,Male,0,Yes,No,7,No,No phone service,No,No internet service,No internet service,No internet service,No internet service,No internet service,No internet service,Month-to-month,Yes,Credit card (automatic),28.97,250.83,No
CUST-01320,Male,0,Yes,No,13,Yes,Yes,Fiber optic,Yes,Yes,No,No,No,No,One year,Yes,Bank transfer (automatic),92.94,1217.75,No
CUST-01321,Male,0,No,Yes,60,Yes,No,Fiber optic,No,Yes,Yes,No,No,No,One year,No,Electronic check,88.91,5340.23,No
CUST-01322,Male,0,Yes,No,0,No,No phone service,No,No internet service,No internet service,No internet service,No internet service,No internet service,No internet service,Month-to-month,Yes,Electronic check,33.28,0.0,No
CUST-01323,Female,0,No,No,34,Yes,No,Fiber optic,No,Yes,Yes,No,Yes,Yes,One year,Yes,Electronic check,83.39,2858.76,No
CUST-01324,Female,0,No,No,33,Yes,No,Fiber optic,Yes,No,Yes,No,No,Yes,Two year,No,Mailed check,82.82,2724.14,Yes
CUST-01325,Female,0,No,Yes,17,Yes,No,DSL,No,No,Yes,No,Yes,No,Month-to-month,No,Bank transfer (automatic),56.97,967.43,Yes
CUST-01326,Male,0,Yes,No,15,Yes,Yes,DSL,Yes,Yes,No,Yes,Yes,Yes,Month-to-month,No,Mailed check,61.27,918.51,Yes
CUST-01327,Female,0,Yes,No,6,Yes,No,Fiber optic,No,Yes,Yes,No,Yes,Yes,Month-to-month,Yes,Mailed check,94.38,588.06,No
CUST-01328,Male,0,Yes,No,37,Yes,Yes,DSL,No,No,No,No,No,No,One year,No,Credit card (automatic),55.78,2110.74,No
CUST-01329,Female,0,Yes,No,53,Yes,No,DSL,Yes,No,No,No,No,No,Two year,No,Electronic check,67.71,3581.11,No
CUST-01330,Male,1,Yes,No,27,No,No phone service,Fiber optic,No,Yes,No,Yes,Yes,No,One year,Yes,Mailed check,97.71,2625.06,Yes
CUST-01331,Male,0,Yes,No,51,Yes,Yes,Fiber optic,Yes,No,Yes,No,No,Yes,Two year,No,Electronic check,86.49,4420.87,Yes
CUST-01332,Female,0,Yes,No,35,Yes,Yes,DSL,No,No,No,Yes,Yes,Yes,One year,Yes,Electronic check,64.07,2200.42,No
CUST-01333,Male,0,No,No,15,Yes,No,Fiber optic,No,Yes,No,Yes,Yes,Yes,Month-to-month,Yes,Bank transfer (automatic),97.84,1433.22,No
CUST-01334,Female,0,Yes,No,19,Yes,No,DSL,No,No,No,No,Yes,Yes,Month-to-month,Yes,Electronic check,64.88,1253.65,No
CUST-01335,Female,0,Yes,Yes,17,Yes,No,DSL,Yes,Yes,Yes,No,No,Yes,One year,No,Electronic check,66.54,1108.48,No
CUST-01336,Female,0,No,No,51,Yes,No,DSL,Yes,Yes,No,Yes,Yes,No,One year,Yes,Credit card (automatic),60.12,3097.92,Yes
CUST-01337,Female,0,No,Yes,4,Yes,Yes,Fiber optic,No,Yes,Yes,No,No,Yes,Month-to-month,No,Bank transfer (automatic),90.18,356.62,Yes
CUST-01338,Male,0,No,No,4,Yes,No,Fiber optic,Yes,Yes,No,Yes,No,Yes,Month-to-month,No,Credit card (automatic),86.47,331.93,Yes
CUST-01339,Female,0,No,Yes,4,Yes,Yes,No,No internet service,No internet service,No internet service,No internet service,No internet service,No internet service,Month-to-month,No,Electronic check,33.26,178.65,Yes
CUST-01340,Male,0,Yes,No,6,Yes,No,Fiber optic,No,No,No,No,No,No,Month-to-month,Yes,Credit card (automatic),87.4,498.02,No
CUST-01341,Female,1,No,No,5,Yes,Yes,No,No internet service,No internet service,No internet service,No internet service,No internet service,No internet service,One year,No,Bank transfer (automatic),28.11,140.6,No
CUST-01342,Male,0,No,No,23,Yes,Yes,DSL,Yes,No,Yes,No,No,No,One year,No,Electronic check,61.8,1396.08,No
CUST-01343,Male,0,No,No,25,Yes,No,Fiber optic,Yes,No,No,Yes,No,No,Two year,Yes,Bank transfer (automatic),88.96,2223.44,No
CUST-01344,Female,0,No,Yes,2,Yes,No,Fiber optic,No,No,Yes,Yes,No,Yes,Month-to-month,Yes,Electronic check,90.73,207.07,Yes
CUST-01345,Male,0,Yes,No,44,Yes,No,Fiber optic,No,Yes,Yes,No,No,No,Two year,Yes,Mailed check,82.85,3651.51,No
CUST-01346,Female,0,No,No,1,Yes,No,No,No internet service,No internet service,No internet service,No internet service,No internet service,No internet service,Month-to-month,No,Electronic check,24.25,22.67,Yes
CUST-01347,Female,0,No,No,46,Yes,No,Fiber optic,No,Yes,No,No,Yes,No,Month-to-month,No,Electronic check,91.88,4221.21,Yes
CUST-01348,Female,0,No,No,45,Yes,No,DSL,No,No,No,Yes,No,Yes,Two year,Yes,Credit card (automatic),63.05,2847.93,No
CUST-01349,Female,0,Yes,No,67,Yes,No,Fiber optic,No,No,No,No,Yes,No,Two year,No,Bank transfer (automatic),89.14,5990.28,No
CUST-01350,Female,0,Yes,Yes,72,Yes,No,DSL,No,Yes,No,Yes,No,No,Two year,Yes,Electronic check,61.36,4435.22,No
CUST-01351,Male,0,Yes,Yes,3,Yes,Yes,DSL,Yes,Yes,No,Yes,Yes,Yes,Month-to-month,Yes,Bank transfer (automatic),59.43,185.23,No
CUST-01352,Male,0,Yes,No,23,No,No phone service,Fiber optic,Yes,No,No,No,No,No,Month-to-month,No,Electronic check,85.73,1948.43,Yes
CUST-01353,Male,0,Yes,No,35,Yes,Yes,DSL,No,Yes,No,No,No,Yes,One year,No,Credit card (automatic),60.18,2100.85,No
CUST-01354,Female,0,No,No,31,Yes,Yes,Fiber optic,No,Yes,No,No,No,Yes,Two year,Yes,Mailed check,83.61,2574.23,No
CUST-01355,Male,0,Yes,No,14,Yes,Yes,Fiber optic,No,Yes,No,No,No,Yes,Month-to-month,Yes,Bank transfer (automatic),76.41,1084.96,No
CUST-01356,Male,1,Yes,No,22,Yes,Yes,No,No internet service,No internet service,No internet service,No internet service,No internet service,No internet service,Month-to-month,No,Mailed check,22.91,493.53,Yes
CUST-01357,Male,0,Yes,No,5,Yes,Yes,Fiber optic,No,Yes,No,No,Yes,Yes,Month-to-month,Yes,Mailed check,84.85,414.86,Yes
CUST-01358,Male,0,No,No,1,Yes,Yes,Fiber optic,Yes,No,No,No,No,No,Month-to-month,No,Electronic check,84.59,142.22,No
CUST-01359,Male,0,No,Yes,21,Yes,Yes,Fiber optic,Yes,Yes,Yes,No,Yes,No,Month-to-month,Yes,Credit card (automatic),97.1,2035.45,Yes
CUST-01360,Male,0,No,No,65,Yes,Yes,Fiber optic,No,No,Yes,Yes,No,No,One year,Yes,Bank transfer (automatic),96.21,6181.35,No
CUST-01361,Male,0,No,No,27,Yes,No,DSL,No,No,Yes,No,Yes,Yes,Month-to-month,Yes,Electronic check,59.91,1683.99,No
CUST-01362,Male,1,No,Yes,19,Yes,No,DSL,No,Yes,Yes,No,No,No,One year,Yes,Electronic check,66.76,1268.39,No
CUST-01363,Male,0,No,No,15,Yes,No,DSL,No,No,No,Yes,Yes,No,One year,No,Electronic check,62.08,918.67,Yes
CUST-01364,Male,0,No,No,3,Yes,No,Fiber optic,No,No,Yes,No,Yes,No,Month-to-month,No,Electronic check,94.09,269.59,Yes
CUST-01365,Female,0,Yes,No,12,No,No phone service,No,No internet service,No internet service,No internet service,No internet service,No internet service,No internet service,Month-to-month,No,Electronic check,37.19,432.9,Yes
CUST-01366,Male,0,No,Yes,63,Yes,No,Fiber optic,Yes,Yes,No,No,Yes,Yes,Two year,Yes,Credit card (automatic),100.31,6368.72,No
CUST-01367,Male,0,Yes,Yes,68,Yes,Yes,Fiber optic,Yes,No,Yes,No,No,No,One year,Yes,Bank transfer (automatic),91.98,6231.96,No
CUST-01368,Male,0,No,No,60,Yes,No,DSL,No,No,No,No,Yes,No,Two year,Yes,Bank transfer (automatic),57.29,3414.66,No
CUST-01369,Female,0,Yes,Yes,3,Yes,No,Fiber optic,No,Yes,No,No,Yes,No,Month-to-month,No,Bank transfer (automatic),88.07,257.38,No
CUST-01370,Female,0,Yes,Yes,44,Yes,No,Fiber optic,No,No,Yes,No,Yes,No,One year,No,Bank transfer (automatic),87.74,3798.52,No
CUST-01371,Female,0,Yes,No,45,Yes,Yes,Fiber optic,No,No,No,Yes,No,Yes,Two year,No,Bank transfer (automatic),85.33,3823.24,No
CUST-01372,Male,0,No,Yes,13,Yes,Yes,No,No internet service,No internet service,No internet service,No internet service,No internet service,No internet service,Month-to-month,No,Credit card (automatic),21.44,317.69,No
CUST-01373,Male,0,No,No,15,Yes,No,Fiber optic,Yes,No,No,Yes,Yes,No,Month-to-month,No,Bank transfer (automatic),77.57,1175.75,No
CUST-01374,Male,0,Yes,No,67,Yes,No,DSL,No,No,Yes,No,No,Yes,Two year,No,Electronic check,50.56,3409.1,No
CUST-01375,Female,0,No,Yes,16,Yes,Yes,No,No internet service,No internet service,No internet service,No internet service,No internet service,No internet service,Month-to-month,Yes,Electronic check,26.61,402.09,No
CUST-01376,Female,0,Yes,No,10,Yes,Yes,Fiber optic,Yes,No,Yes,No,Yes,No,Month-to-month,No,Electronic check,89.58,832.12,Yes
CUST-01377,Female,0,No,Yes,65,Yes,Yes,Fiber optic,No,Yes,No,Yes,No,No,Two year,Yes,Electronic check,89.71,5856.85,No
CUST-01378,Female,0,Yes,Yes,10,Yes,Yes,No,No internet service,No internet service,No internet service,No internet service,No internet service,No internet service,Month-to-month,Yes,Electronic check,28.65,247.93,No
CUST-01379,Female,0,Yes,No,19,Yes,No,No,No internet service,No internet service,No internet service,No internet service,No internet service,No internet service,One year,Yes,Mailed check,32.65,559.5,No
CUST-01380,Female,0,No,No,27,Yes,Yes,No,No internet service,No internet service,No internet service,No internet service,No internet service,No internet service,One year,Yes,Electronic check,27.29,706.74,No
CUST-01381,Female,0,No,No,17,Yes,No,Fiber optic,No,Yes,No,Yes,Yes,Yes,One year,Yes,Bank transfer (automatic),98.16,1642.84,No
CUST-01382,Male,0,No,No,7,Yes,No,Fiber optic,No,Yes,No,No,No,Yes,Month-to-month,Yes,Credit card (automatic),90.73,591.11,Yes
CUST-01383,Male,0,No,No,12,Yes,Yes,Fiber optic,No,No,Yes,No,No,No,Month-to-month,Yes,Electronic check,80.84,971.18,Yes
CUST-01384,Female,0,No,No,41,Yes,Yes,Fiber optic,Yes,Yes,No,Yes,No,No,Two year,Yes,Electronic check,97.06,4064.71,No
CUST-01385,Male,1,Yes,No,58,Yes,No,DSL,No,Yes,Yes,Yes,No,No,Two year,Yes,Bank transfer (automatic),63.9,3704.39,No
CUST-01386,Male,1,Yes,No,1,Yes,No,No,No internet service,No internet service,No internet service,No internet service,No internet service,No internet service,Month-to-month,Yes,Electronic check,30.52,5.48,Yes
CUST-01387,Female,0,No,No,48,No,No phone service,DSL,No,No,No,No,No,No,Month-to-month,Yes,Mailed check,55.06,2645.29,No
CUST-01388,Male,0,Yes,Yes,15,Yes,No,No,No internet service,No internet service,No internet service,No internet service,No internet service,No internet service,Month-to-month,Yes,Credit card (automatic),31.81,514.21,Yes
CUST-01389,Female,0,No,No,4,Yes,No,DSL,No,No,No,No,Yes,No,Month-to-month,Yes,Mailed check,68.02,186.37,No
CUST-01390,Female,1,Yes,No,72,Yes,Yes,DSL,No,No,No,Yes,No,No,Two year,No,Electronic check,55.62,3988.08,No
CUST-01391,Male,0,No,Yes,50,Yes,Yes,DSL,No,No,No,No,No,Yes,Two year,Yes,Electronic check,63.8,3200.12,No
CUST-01392,Female,0,Yes,No,3,Yes,Yes,Fiber optic,No,No,Yes,Yes,Yes,Yes,Month-to-month,Yes,Bank transfer (automatic),102.27,320.75,Yes
CUST-01393,Female,0,No,No,46,Yes,No,DSL,Yes,No,Yes,Yes,No,Yes,Two year,No,Bank transfer (automatic),73.22,3349.32,No
CUST-01394,Female,0,No,Yes,54,Yes,Yes,DSL,No,Yes,No,Yes,No,Yes,Two year,Yes,Electronic check,58.48,3105.23,Yes
CUST-01395,Male,0,Yes,No,72,Yes,No,Fiber optic,No,Yes,No,No,Yes,No,One year,No,Credit card (automatic),94.33,6799.5,No
CUST-01396,Female,0,Yes,No,47,Yes,Yes,Fiber optic,No,No,Yes,No,No,Yes,Two year,Yes,Credit card (automatic),88.72,4139.44,No
CUST-01397,Female,0,Yes,No,19,Yes,No,DSL,No,No,Yes,Yes,No,Yes,Month-to-month,Yes,Mailed check,55.35,945.55,No
CUST-01398,Female,0,Yes,No,53,No,No phone service,DSL,Yes,No,Yes,Yes,Yes,No,Two year,No,Electronic check,58.63,3111.82,No
CUST-01399,Male,1,Yes,No,25,Yes,No,DSL,Yes,Yes,No,No,No,No,Month-to-month,Yes,Bank transfer (automatic),55.01,1384.77,No
CUST-01400,Male,0,No,No,26,Yes,Yes,No,No internet service,No internet service,No internet service,No internet service,No internet service,No internet service,Month-to-month,Yes,Bank transfer (automatic),28.74,738.66,No
CUST-01401,Female,0,Yes,No,57,Yes,Yes,No,No internet service,No internet service,No internet service,No internet service,No internet service,No internet service,One year,Yes,Credit card (automatic),29.64,1756.57,No
CUST-01402,Male,0,Yes,Yes,13,Yes,Yes,Fiber optic,Yes,No,Yes,No,No,Yes,Month-to-month,No,Mailed check,90.19,1190.82,Yes
CUST-01403,Male,0,Yes,Yes,26,Yes,No,DSL,No,No,No,No,No,No,One year,No,Mailed check,49.58,1294.32,No
CUST-01404,Male,1,Yes,No,12,Yes,Yes,DSL,No,No,Yes,No,No,Yes,Month-to-month,Yes,Mailed check,56.59,737.86,Yes
CUST-01405,Male,0,Yes,No,15,Yes,No,Fiber optic,No,No,Yes,Yes,No,Yes,Month-to-month,Yes,Bank transfer (automatic),91.62,1447.79,Yes
CUST-01406,Male,0,No,No,13,Yes,No,DSL,No,No,Yes,No,No,Yes,One year,No,Mailed check,64.24,870.22,Yes
CUST-01407,Male,1,No,Yes,66,Yes,Yes,Fiber optic,No,No,Yes,No,No,No,Month-to-month,Yes,Bank transfer (automatic),87.83,5778.83,Yes
CUST-01408,Female,0,No,Yes,0,Yes,Yes,DSL,Yes,Yes,No,No,Yes,No,Month-to-month,Yes,Bank transfer (automatic),57.31,0.0,Yes
CUST-01409,Male,0,Yes,Yes,37,Yes,Yes,Fiber optic,Yes,No,Yes,No,Yes,No,Month-to-month,Yes,Credit card (automatic),86.57,3235.22,No
CUST-01410,Male,0,No,No,44,Yes,No,Fiber optic,No,No,No,No,Yes,No,Two year,Yes,Electronic check,88.46,3796.81,No
CUST-01411,Male,0,No,Yes,22,Yes,Yes,DSL,No,No,Yes,No,Yes,No,One year,Yes,Mailed check,55.44,1172.52,Yes
CUST-01412,Female,0,No,No,26,No,No phone service,DSL,No,No,Yes,No,No,Yes,Month-to-month,No,Electronic check,63.45,1671.99,Yes
CUST-01413,Male,0,No,No,39,Yes,Yes,Fiber optic,No,No,Yes,Yes,No,No,One year,No,Credit card (automatic),85.24,3320.09,No
CUST-01414,Female,1,Yes,No,25,Yes,Yes,Fiber optic,Yes,No,No,Yes,No,No,One year,Yes,Bank transfer (automatic),88.83,2241.48,No
CUST-01415,Female,0,No,No,17,Yes,No,Fiber optic,No,No,No,Yes,Yes,No,Month-to-month,No,Credit card (automatic),93.7,1619.78,No
CUST-01416,Female,0,No,Yes,8,Yes,Yes,DSL,Yes,No,No,No,No,No,Month-to-month,Yes,Bank transfer (automatic),57.94,427.75,No
CUST-01417,Female,0,No,No,45,Yes,No,Fiber optic,No,Yes,No,No,No,No,One year,Yes,Mailed check,80.01,3592.32,No
CUST-01418,Male,0,No,No,29,No,No phone service,DSL,No,No,No,No,Yes,No,Month-to-month,Yes,Bank transfer (automatic),49.17,1431.31,No
CUST-01419,Female,1,No,Yes,51,Yes,No,Fiber optic,No,No,Yes,Yes,No,Yes,Two year,Yes,Mailed check,80.99,4164.22,No
CUST-01420,Male,0,Yes,No,18,Yes,No,Fiber optic,No,No,No,No,Yes,No,Month-to-month,Yes,Electronic check,85.23,1567.92,Yes
CUST-01421,Female,0,No,No,36,Yes,Yes,DSL,No,Yes,No,No,No,Yes,One year,No,Credit card (automatic),59.66,2082.98,No
CUST-01422,Female,0,No,Yes,41,Yes,No,No,No internet service,No internet service,No internet service,No internet service,No internet service,No internet service,Month-to-month,No,Electronic check,37.79,1464.25,Yes
CUST-01423,Female,0,No,No,25,Yes,No,No,No internet service,No internet service,No internet service,No internet service,No internet service,No internet service,One year,No,Electronic check,30.48,739.29,No
CUST-01424,Female,1,No,Yes,48,Yes,Yes,No,No internet service,No internet service,No internet service,No internet service,No internet service,No internet service,Two year,Yes,Mailed check,34.26,1689.97,No
CUST-01425,Male,0,Yes,Yes,10,Yes,No,DSL,No,Yes,No,No,No,No,Month-to-month,Yes,Electronic check,54.36,521.23,Yes
CUST-01426,Female,0,Yes,Yes,2,Yes,Yes,No,No internet service,No internet service,No internet service,No internet service,No internet service,No internet service,Month-to-month,No,Mailed check,23.91,134.22,No
CUST-01427,Female,0,Yes,No,5,Yes,No,DSL,Yes,Yes,No,No,Yes,Yes,One year,Yes,Bank transfer (automatic),69.55,295.69,No
CUST-01428,Female,0,No,No,33,Yes,No,Fiber optic,Yes,No,No,No,Yes,No,Month-to-month,Yes,Mailed check,85.16,2769.65,Yes
CUST-01429,Male,0,No,No,1,Yes,Yes,Fiber optic,No,No,Yes,No,No,Yes,Month-to-month,No,Electronic check,81.78,54.67,Yes
CUST-01430,Female,0,No,No,30,Yes,No,DSL,Yes,No,No,No,Yes,No,One year,No,Mailed check,68.18,2006.75,No
CUST-01431,Male,0,No,No,2,Yes,No,DSL,No,No,No,Yes,No,No,Month-to-month,Yes,Mailed check,55.9,77.3,No
CUST-01432,Male,0,No,No,1,Yes,Yes,No,No internet service,No internet service,No internet service,No internet service,No internet service,No internet service,Month-to-month,Yes,Credit card (automatic),22.88,32.22,Yes
CUST-01433,Male,0,Yes,No,7,Yes,Yes,DSL,Yes,No,No,No,Yes,Yes,Month-to-month,No,Electronic check,74.56,523.0,Yes
CUST-01434,Female,0,No,No,5,Yes,Yes,Fiber optic,No,No,Yes,No,No,No,Month-to-month,Yes,Bank transfer (automatic),80.75,363.39,No
CUST-01435,Male,0,No,No,57,Yes,No,No,No internet service,No internet service,No internet service,No internet service,No internet service,No internet service,Two year,No,Bank transfer (automatic),25.48,1455.2,No
CUST-01436,Male,0,No,No,1,Yes,Yes,DSL,No,Yes,Yes,Yes,No,No,Month-to-month,No,Bank transfer (automatic),70.58,44.11,Yes
CUST-01437,Male,0,No,Yes,13,Yes,Yes,No,No internet service,No internet service,No internet service,No internet service,No internet service,No internet service,Month-to-month,Yes,Credit card (automatic),40.06,549.69,No
CUST-01438,Female,0,No,No,36,Yes,Yes,No,No internet service,No internet service,No internet service,No internet service,No internet service,No internet service,One year,No,Electronic check,28.76,1046.83,No
CUST-01439,Male,0,Yes,Yes,31,Yes,Yes,DSL,No,Yes,Yes,No,No,No,Two year,No,Electronic check,70.1,2193.98,No
CUST-01440,Female,0,No,No,1,Yes,No,Fiber optic,Yes,Yes,No,Yes,Yes,No,Month-to-month,Yes,Mailed check,91.31,93.64,Yes
CUST-01441,Female,1,No,No,25,No,No phone service,DSL,Yes,No,Yes,No,No,Yes,One year,No,Credit card (automatic),60.21,1499.96,No
CUST-01442,Female,0,Yes,Yes,31,Yes,Yes,No,No internet service,No internet service,No internet service,No internet service,No internet service,No internet service,One year,No,Mailed check,21.76,681.97,No
CUST-01443,Female,0,Yes,No,9,Yes,Yes,DSL,Yes,No,No,Yes,No,No,Month-to-month,Yes,Mailed check,68.53,722.49,No
CUST-01444,Male,1,Yes,No,23,Yes,No,Fiber optic,No,No,No,Yes,No,No,Month-to-month,Yes,Electronic check,91.0,2072.46,Yes
CUST-01445,Male,0,Yes,No,0,Yes,No,Fiber optic,No,Yes,Yes,Yes,No,Yes,One year,Yes,Credit card (automatic),93.94,0.0,Yes
CUST-01446,Male,0,No,No,7,Yes,No,Fiber optic,Yes,Yes,Yes,No,No,Yes,Month-to-month,No,Mailed check,87.69,639.35,No
CUST-01447,Female,0,Yes,No,0,Yes,Yes,Fiber optic,No,No,Yes,No,No,Yes,Month-to-month,No,Credit card (automatic),84.79,0.0,Yes
CUST-01448,Female,0,Yes,Yes,3,Yes,No,DSL,No,Yes,No,Yes,Yes,Yes,One year,No,Mailed check,67.68,250.71,Yes
CUST-01449,Female,0,No,No,16,Yes,Yes,Fiber optic,No,No,Yes,Yes,Yes,Yes,Month-to-month,Yes,Credit card (automatic),86.07,1306.34,No
CUST-01450,Male,0,Yes,No,13,Yes,No,Fiber optic,No,Yes,Yes,No,No,No,Month-to-month,No,Mailed check,79.71,1022.5,Yes
CUST-01451,Male,0,No,No,12,Yes,No,Fiber optic,No,Yes,No,No,No,No,Month-to-month,No,Electronic check,81.87,895.96,Yes
CUST-01452,Male,0,Yes,No,58,Yes,Yes,Fiber optic,Yes,No,No,No,No,No,Two year,Yes,Mailed check,85.06,4947.81,No
CUST-01453,Male,0,Yes,No,53,Yes,Yes,DSL,No,No,No,No,Yes,Yes,One year,Yes,Mailed check,58.52,3111.79,Yes
CUST-01454,Male,1,No,Yes,0,Yes,No,DSL,No,Yes,No,No,Yes,No,Month-to-month,Yes,Credit card (automatic),72.69,0.0,Yes
CUST-01455,Female,0,No,No,19,Yes,No,DSL,Yes,No,No,Yes,No,Yes,Month-to-month,No,Credit card (automatic),72.4,1387.14,Yes
CUST-01456,Male,0,No,No,49,Yes,No,DSL,No,Yes,No,No,No,No,Two year,Yes,Credit card (automatic),59.32,2935.6,No
CUST-01457,Female,1,No,No,50,Yes,No,DSL,Yes,No,No,No,No,Yes,One year,Yes,Electronic check,57.26,2841.13,Yes
CUST-01458,Male,0,Yes,Yes,36,Yes,No,DSL,Yes,No,Yes,No,No,No,One year,No,Bank transfer (automatic),62.54,2210.03,No
CUST-01459,Male,0,No,No,71,Yes,No,Fiber optic,No,No,No,Yes,Yes,Yes,Month-to-month,Yes,Mailed check,86.97,6152.0,No
CUST-01460,Female,0,Yes,No,16,Yes,No,Fiber optic,Yes,No,No,No,Yes,No,Month-to-month,Yes,Electronic check,70.29,1143.93,Yes
CUST-01461,Female,0,No,Yes,12,Yes,No,Fiber optic,Yes,Yes,Yes,No,No,No,Month-to-month,No,Mailed check,100.23,1202.58,Yes
CUST-01462,Male,0,Yes,Yes,48,Yes,No,No,No internet service,No internet service,No internet service,No internet service,No internet service,No internet service,Two year,Yes,Electronic check,21.07,1045.66,No
CUST-01463,Male,0,No,No,42,Yes,Yes,Fiber optic,No,Yes,No,No,No,Yes,Two year,No,Bank transfer (automatic),99.1,4109.47,No
CUST-01464,Male,0,Yes,Yes,7,Yes,No,Fiber optic,Yes,Yes,Yes,Yes,No,Yes,Month-to-month,Yes,Credit card (automatic),94.41,696.04,Yes
CUST-01465,Female,0,Yes,No,25,Yes,Yes,DSL,No,Yes,No,No,No,Yes,One year,Yes,Bank transfer (automatic),67.83,1746.62,Yes
CUST-01466,Male,0,Yes,No,56,Yes,No,Fiber optic,No,No,Yes,No,No,Yes,Two year,Yes,Mailed check,96.27,5468.26,No
CUST-01467,Female,0,No,No,61,Yes,No,Fiber optic,No,No,No,No,Yes,No,Two year,Yes,Mailed check,90.06,5505.48,No
CUST-01468,Male,0,Yes,No,7,Yes,No,DSL,No,Yes,No,Yes,No,No,Month-to-month,No,Bank transfer (automatic),61.96,439.79,Yes
CUST-01469,Female,0,No,No,13,Yes,No,DSL,No,No,No,No,No,No,Month-to-month,Yes,Electronic check,56.07,759.86,Yes
CUST-01470,Male,0,Yes,Yes,57,Yes,Yes,DSL,Yes,No,No,No,Yes,No,Two year,Yes,Electronic check,61.36,3496.0,No
CUST-01471,Female,0,No,No,9,Yes,Yes,Fiber optic,No,Yes,No,No,No,Yes,Month-to-month,No,Bank transfer (automatic),79.19,679.48,Yes
CUST-01472,Female,0,Yes,Yes,13,Yes,Yes,DSL,Yes,No,Yes,No,Yes,Yes,Month-to-month,Yes,Electronic check,60.99,734.91,No
CUST-01473,Male,0,No,Yes,22,Yes,Yes,Fiber optic,No,No,No,Yes,No,Yes,Month-to-month,Yes,Bank transfer (automatic),75.5,1631.35,Yes
CUST-01474,Male,1,Yes,Yes,9,Yes,Yes,DSL,No,No,No,Yes,No,Yes,Month-to-month,Yes,Electronic check,60.61,603.37,Yes
CUST-01475,Female,0,Yes,No,42,Yes,No,No,No internet service,No internet service,No internet service,No internet service,No internet service,No internet service,Month-to-month,No,Mailed check,19.29,822.62,No
CUST-01476,Male,0,Yes,Yes,28,Yes,Yes,DSL,No,No,Yes,Yes,Yes,No,One year,No,Mailed check,66.21,1797.62,No
CUST-01477,Male,0,Yes,Yes,61,Yes,No,Fiber optic,No,Yes,No,Yes,No,No,Two year,Yes,Credit card (automatic),73.91,4510.77,No
CUST-01478,Male,0,Yes,No,15,Yes,Yes,No,No internet service,No internet service,No internet service,No internet service,No internet service,No internet service,Month-to-month,Yes,Mailed check,26.4,416.24,No
CUST-01479,Male,0,Yes,Yes,42,Yes,Yes,DSL,No,No,Yes,No,Yes,Yes,Two year,Yes,Bank transfer (automatic),63.87,2720.35,No
CUST-01480,Male,1,No,No,39,Yes,Yes,No,No internet service,No internet service,No internet service,No internet service,No internet service,No internet service,Two year,No,Electronic check,32.61,1240.56,No
CUST-01481,Male,1,No,No,33,Yes,Yes,DSL,No,No,No,No,Yes,Yes,One year,No,Mailed check,53.56,1763.14,No
CUST-01482,Male,0,Yes,No,14,Yes,No,Fiber optic,No,Yes,No,No,Yes,Yes,One year,No,Mailed check,97.74,1302.8,No
CUST-01483,Male,0,Yes,Yes,28,Yes,No,No,No internet service,No internet service,No internet service,No internet service,No internet service,No internet service,Two year,Yes,Mailed check,27.96,803.44,No
CUST-01484,Male,0,Yes,Yes,18,Yes,Yes,DSL,No,No,Yes,No,No,No,One year,Yes,Credit card (automatic),54.71,894.89,No
CUST-01485,Male,0,Yes,No,42,Yes,Yes,DSL,No,No,Yes,No,Yes,Yes,Month-to-month,Yes,Credit card (automatic),55.85,2334.26,No
CUST-01486,Female,0,Yes,No,70,No,No phone service,DSL,No,Yes,No,No,Yes,Yes,Two year,Yes,Bank transfer (automatic),61.68,4294.17,No
CUST-01487,Male,0,Yes,Yes,18,No,No phone service,DSL,No,No,Yes,No,Yes,Yes,Month-to-month,Yes,Credit card (automatic),53.1,1024.06,Yes
CUST-01488,Male,0,Yes,No,50,Yes,Yes,Fiber optic,No,No,No,Yes,No,No,Two year,Yes,Bank transfer (automatic),85.09,4307.6,No
CUST-01489,Male,1,No,No,1,Yes,Yes,Fiber optic,No,No,Yes,No,Yes,No,Month-to-month,Yes,Credit card (automatic),79.4,41.35,No
CUST-01490,Female,0,No,Yes,11,Yes,No,DSL,No,No,Yes,No,No,Yes,Month-to-month,No,Credit card (automatic),56.67,611.66,Yes
CUST-01491,Male,0,No,No,19,Yes,No,Fiber optic,No,Yes,No,No,Yes,No,One year,Yes,Credit card (automatic),84.75,1531.18,Yes
CUST-01492,Male,1,Yes,No,34,Yes,Yes,Fiber optic,No,Yes,No,No,No,No,One year,No,Electronic check,82.89,2779.24,No
CUST-01493,Male,0,No,No,2,Yes,No,No,No internet service,No internet service,No internet service,No internet service,No internet service,No internet service,Month-to-month,Yes,Electronic check,24.43,6.3,Yes
CUST-01494,Male,0,Yes,No,42,No,No phone service,No,No internet service,No internet service,No internet service,No internet service,No internet service,No internet service,Two year,Yes,Credit card (automatic),24.47,1040.84,No
CUST-01495,Male,0,Yes,No,0,Yes,Yes,No,No internet service,No internet service,No internet service,No internet service,No internet service,No internet service,Month-to-month,Yes,Mailed check,27.98,0.0,No
CUST-01496,Male,0,No,No,11,Yes,No,DSL,No,Yes,Yes,Yes,No,No,Month-to-month,No,Electronic check,68.5,710.44,No
CUST-01497,Female,0,Yes,No,8,Yes,Yes,DSL,Yes,Yes,Yes,No,Yes,Yes,One year,Yes,Bank transfer (automatic),75.89,659.3,No
CUST-01498,Female,0,Yes,No,11,Yes,Yes,Fiber optic,Yes,No,No,No,No,No,Month-to-month,No,Electronic check,90.5,1072.52,No
CUST-01499,Male,0,No,No,19,Yes,Yes,DSL,No,No,Yes,No,No,No,Month-to-month,Yes,Bank transfer (automatic),65.8,1223.55,Yes
CUST-01500,Female,0,No,No,12,Yes,No,DSL,No,Yes,No,No,No,No,Month-to-month,No,Electronic check,63.96,737.57,No
CUST-01501,Female,0,No,Yes,5,Yes,No,No,No internet service,No internet service,No internet service,No internet service,No internet service,No internet service,Month-to-month,Yes,Electronic check,27.62,175.07,Yes
CUST-01502,Male,0,Yes,No,51,Yes,No,Fiber optic,No,No,No,No,Yes,No,Two year,No,Electronic check,82.62,4206.72,No
CUST-01503,Male,0,Yes,No,12,Yes,Yes,Fiber optic,No,No,No,Yes,No,Yes,Month-to-month,Yes,Credit card (automatic),97.77,1172.51,No
CUST-01504,Male,0,No,Yes,28,Yes,No,Fiber optic,No,Yes,No,No,Yes,No,One year,Yes,Electronic check,87.19,2447.37,No
CUST-01505,Female,0,Yes,No,43,Yes,No,DSL,Yes,No,No,No,No,No,One year,Yes,Electronic check,50.82,2203.47,No
CUST-01506,Male,0,Yes,No,3,Yes,Yes,DSL,No,No,Yes,No,No,No,Month-to-month,Yes,Electronic check,60.72,281.76,No
CUST-01507,Female,0,Yes,No,51,Yes,No,No,No internet service,No internet service,No internet service,No internet service,No internet service,No internet service,Two year,No,Credit card (automatic),38.01,1923.65,No
CUST-01508,Male,0,No,No,72,No,No phone service,DSL,No,No,No,Yes,No,No,Month-to-month,No,Mailed check,62.7,4533.12,No
CUST-01509,Female,0,No,Yes,2,Yes,No,Fiber optic,No,No,No,Yes,No,Yes,Month-to-month,Yes,Credit card (automatic),85.86,119.47,Yes
CUST-01510,Female,0,Yes,No,22,Yes,No,DSL,No,No,No,Yes,No,Yes,One year,Yes,Electronic check,67.07,1397.43,No
CUST-01511,Male,0,No,Yes,22,Yes,No,DSL,Yes,No,No,No,Yes,No,One year,Yes,Electronic check,53.72,1225.71,Yes
CUST-01512,Male,0,Yes,No,13,Yes,No,DSL,No,No,Yes,No,Yes,No,Month-to-month,Yes,Electronic check,62.56,792.59,Yes
CUST-01513,Female,0,No,No,34,Yes,No,DSL,No,Yes,Yes,Yes,Yes,Yes,Two year,Yes,Electronic check,65.84,2264.22,No
CUST-01514,Male,0,Yes,No,41,Yes,No,Fiber optic,No,Yes,Yes,Yes,No,Yes,Two year,Yes,Credit card (automatic),87.97,3627.05,No
CUST-01515,Male,0,Yes,Yes,24,Yes,Yes,DSL,Yes,No,Yes,Yes,Yes,Yes,Month-to-month,No,Mailed check,62.83,1537.88,No
CUST-01516,Female,0,Yes,No,26,Yes,No,Fiber optic,No,Yes,Yes,No,No,No,One year,Yes,Bank transfer (automatic),88.21,2273.45,No
CUST-01517,Male,0,No,No,13,Yes,Yes,Fiber optic,No,No,Yes,No,Yes,Yes,Month-to-month,Yes,Electronic check,89.49,1187.21,Yes
CUST-01518,Male,0,No,No,2,Yes,Yes,Fiber optic,No,No,Yes,No,Yes,No,Month-to-month,Yes,Electronic check,93.11,253.53,Yes
CUST-01519,Male,0,No,Yes,0,Yes,No,DSL,No,No,Yes,No,No,Yes,Month-to-month,No,Mailed check,54.0,0.0,Yes
CUST-01520,Male,0,Yes,Yes,5,Yes,Yes,DSL,No,No,No,No,Yes,No,Month-to-month,Yes,Electronic check,74.42,414.95,No
CUST-01521,Female,1,Yes,No,30,Yes,No,DSL,No,No,No,No,No,No,One year,Yes,Credit card (automatic),59.55,1771.37,No
CUST-01522,Female,0,Yes,No,12,Yes,Yes,DSL,Yes,Yes,No,No,Yes,Yes,Month-to-month,Yes,Mailed check,67.28,798.36,No
CUST-01523,Male,1,Yes,No,8,Yes,No,Fiber optic,Yes,Yes,Yes,No,No,Yes,Month-to-month,No,Electronic check,99.87,851.41,No
CUST-01524,Male,0,Yes,No,67,Yes,Yes,Fiber optic,No,No,No,No,Yes,No,Month-to-month,Yes,Electronic check,75.36,5028.76,No
CUST-01525,Female,0,No,No,8,Yes,Yes,DSL,No,No,No,No,Yes,Yes,Month-to-month,Yes,Electronic check,72.4,562.0,No
CUST-01526,Male,0,No,No,20,Yes,No,DSL,No,No,No,Yes,No,Yes,One year,No,Electronic check,56.07,1101.09,No
CUST-01527,Male,0,No,Yes,25,Yes,No,Fiber optic,No,Yes,No,No,No,Yes,Month-to-month,Yes,Electronic check,92.86,2285.82,No
CUST-01528,Male,0,Yes,Yes,4,Yes,No,DSL,No,No,Yes,No,Yes,No,Month-to-month,Yes,Mailed check,63.08,275.12,Yes
CUST-01529,Male,0,Yes,Yes,1,Yes,No,Fiber optic,Yes,No,Yes,No,Yes,Yes,Month-to-month,Yes,Mailed check,90.0,85.53,Yes
CUST-01530,Female,0,No,No,9,Yes,No,No,No internet service,No internet service,No internet service,No internet service,No internet service,No internet service,Month-to-month,No,Electronic check,32.63,307.75,No
CUST-01531,Male,0,Yes,No,46,Yes,Yes,Fiber optic,No,Yes,No,No,No,Yes,One year,Yes,Bank transfer (automatic),86.13,3925.77,No
CUST-01532,Male,1,No,No,4,Yes,Yes,DSL,No,No,Yes,No,Yes,No,Month-to-month,No,Credit card (automatic),65.41,238.8,Yes
CUST-01533,Female,0,No,No,11,Yes,Yes,Fiber optic,Yes,No,No,No,Yes,No,One year,No,Bank transfer (automatic),91.14,1028.82,No
CUST-01534,Male,0,Yes,No,18,Yes,Yes,No,No internet service,No internet service,No internet service,No internet service,No internet service,No internet service,One year,No,Mailed check,28.22,486.58,No
CUST-01535,Female,0,Yes,No,43,Yes,No,Fiber optic,Yes,Yes,No,No,Yes,No,Month-to-month,No,Electronic check,91.37,3956.16,No
CUST-01536,Male,0,No,No,6,Yes,Yes,Fiber optic,No,Yes,No,No,No,No,Month-to-month,No,Mailed check,81.1,482.4,Yes
CUST-01537,Male,1,No,Yes,0,Yes,Yes,Fiber optic,No,Yes,No,No,No,No,Month-to-month,No,Credit card (automatic),82.14,0.0,Yes
CUST-01538,Male,0,No,Yes,20,Yes,No,No,No internet service,No internet service,No internet service,No internet service,No internet service,No internet service,Month-to-month,Yes,Bank transfer (automatic),33.5,759.56,No
CUST-01539,Female,1,No,No,27,No,No phone service,DSL,No,No,No,No,No,No,Month-to-month,Yes,Mailed check,53.25,1471.32,No
CUST-01540,Female,0,No,No,49,Yes,No,Fiber optic,No,No,Yes,No,No,No,Two year,No,Mailed check,93.63,4643.21,No
CUST-01541,Male,0,Yes,No,2,Yes,No,Fiber optic,No,Yes,No,Yes,No,No,Month-to-month,Yes,Credit card (automatic),81.58,123.63,Yes
CUST-01542,Male,0,No,No,20,No,No phone service,Fiber optic,No,Yes,Yes,Yes,Yes,No,Month-to-month,Yes,Electronic check,92.18,1861.05,Yes
CUST-01543,Male,0,No,No,62,Yes,Yes,DSL,No,No,No,No,No,No,Two year,Yes,Electronic check,58.85,3709.28,No
CUST-01544,Female,0,Yes,No,66,Yes,Yes,Fiber optic,No,Yes,Yes,Yes,No,No,Two year,No,Electronic check,96.45,6388.83,No
CUST-01545,Male,0,Yes,Yes,0,Yes,Yes,DSL,No,No,No,No,Yes,Yes,Month-to-month,Yes,Bank transfer (automatic),61.13,0.0,Yes
CUST-01546,Female,1,No,No,6,Yes,No,Fiber optic,Yes,Yes,Yes,No,Yes,Yes,Month-to-month,Yes,Bank transfer (automatic),110.02,652.94,No
CUST-01547,Female,0,No,No,7,Yes,No,No,No internet service,No internet service,No internet service,No internet service,No internet service,No internet service,Month-to-month,Yes,Bank transfer (automatic),18.31,94.58,No
CUST-01548,Female,0,Yes,Yes,42,Yes,Yes,DSL,Yes,No,No,Yes,No,Yes,Two year,Yes,Bank transfer (automatic),49.47,2064.66,No
CUST-01549,Male,0,No,No,36,Yes,Yes,DSL,Yes,Yes,No,No,No,Yes,One year,No,Credit card (automatic),53.39,1896.67,No
CUST-01550,Male,1,No,No,7,Yes,Yes,Fiber optic,No,No,Yes,No,Yes,Yes,Month-to-month,No,Credit card (automatic),83.19,554.56,Yes
CUST-01551,Male,0,No,No,16,No,No phone service,Fiber optic,No,No,No,Yes,No,Yes,Month-to-month,Yes,Credit card (automatic),79.38,1293.32,No
CUST-01552,Female,0,Yes,Yes,0,Yes,No,DSL,Yes,No,Yes,No,Yes,No,Month-to-month,Yes,Electronic check,59.1,0.0,No
CUST-01553,Female,0,Yes,No,46,No,No phone service,Fiber optic,Yes,Yes,Yes,No,Yes,Yes,One year,Yes,Electronic check,91.31,4223.44,No
CUST-01554,Female,0,Yes,No,45,Yes,No,Fiber optic,Yes,No,No,No,Yes,No,Month-to-month,Yes,Mailed check,84.4,3801.29,Yes
CUST-01555,Male,0,No,Yes,0,Yes,Yes,DSL,No,Yes,Yes,No,Yes,Yes,Month-to-month,Yes,Electronic check,57.7,0.0,Yes
CUST-01556,Male,0,No,No,27,Yes,No,Fiber optic,No,No,No,Yes,Yes,Yes,Month-to-month,Yes,Electronic check,89.49,2408.35,Yes
CUST-01557,Female,0,Yes,No,11,Yes,Yes,Fiber optic,No,No,No,No,No,No,One year,Yes,Mailed check,86.67,978.12,Yes
CUST-01558,Female,0,No,No,58,Yes,Yes,Fiber optic,Yes,No,No,No,No,No,Month-to-month,Yes,Credit card (automatic),81.55,4703.67,No
CUST-01559,Female,0,Yes,No,64,Yes,No,No,No internet service,No internet service,No internet service,No internet service,No internet service,No internet service,Two year,No,Electronic check,26.27,1667.59,No
CUST-01560,Female,0,No,No,7,Yes,Yes,Fiber optic,No,Yes,No,No,No,Yes,Month-to-month,Yes,Credit card (automatic),92.81,646.98,Yes
CUST-01561,Male,0,Yes,No,25,No,No phone service,DSL,Yes,No,No,Yes,Yes,Yes,Month-to-month,Yes,Credit card (automatic),69.88,1756.33,Yes
CUST-01562,Male,0,No,No,14,Yes,Yes,Fiber optic,Yes,No,Yes,Yes,No,Yes,Month-to-month,No,Mailed check,89.09,1243.68,Yes
CUST-01563,Male,0,No,No,18,No,No phone service,Fiber optic,No,Yes,No,Yes,Yes,No,Month-to-month,No,Mailed check,96.69,1709.6,No
CUST-01564,Female,0,No,No,3,Yes,No,Fiber optic,No,Yes,No,Yes,Yes,No,Month-to-month,Yes,Credit card (automatic),87.58,296.12,No
CUST-01565,Female,1,Yes,No,12,Yes,Yes,DSL,No,No,No,Yes,No,No,Month-to-month,No,Electronic check,64.18,789.91,No
CUST-01566,Male,0,Yes,No,13,Yes,No,DSL,Yes,Yes,No,No,Yes,No,Month-to-month,Yes,Electronic check,55.35,760.45,No
CUST-01567,Female,0,Yes,No,5,Yes,No,Fiber optic,Yes,Yes,No,No,No,No,Month-to-month,Yes,Electronic check,82.25,412.23,Yes
CUST-01568,Female,0,No,No,55,Yes,Yes,DSL,No,No,Yes,Yes,No,No,Two year,No,Electronic check,52.6,2947.63,No
CUST-01569,Female,0,Yes,No,6,Yes,Yes,DSL,No,No,No,Yes,No,Yes,Month-to-month,Yes,Electronic check,59.66,352.06,Yes
CUST-01570,Female,0,No,No,60,Yes,No,No,No internet service,No internet service,No internet service,No internet service,No internet service,No internet service,Two year,Yes,Credit card (automatic),24.9,1435.33,No
CUST-01571,Male,0,No,No,41,Yes,No,Fiber optic,Yes,Yes,No,Yes,Yes,Yes,Two year,No,Electronic check,89.76,3685.38,No
CUST-01572,Male,0,Yes,No,49,Yes,No,DSL,No,Yes,No,Yes,Yes,Yes,One year,Yes,Mailed check,66.47,3168.12,No
CUST-01573,Female,0,Yes,No,2,Yes,No,DSL,No,Yes,No,Yes,No,Yes,Month-to-month,Yes,Bank transfer (automatic),68.08,145.44,No
CUST-01574,Female,0,Yes,No,32,Yes,No,Fiber optic,No,Yes,No,Yes,No,No,One year,No,Mailed check,86.0,2762.95,No
CUST-01575,Male,1,No,Yes,42,Yes,No,Fiber optic,No,Yes,No,Yes,No,Yes,Two year,Yes,Bank transfer (automatic),93.77,3855.79,Yes
CUST-01576,Male,0,No,Yes,40,Yes,No,DSL,No,Yes,Yes,No,No,No,Month-to-month,No,Electronic check,59.47,2300.97,No
CUST-01577,Female,0,Yes,No,8,Yes,No,Fiber optic,No,No,Yes,Yes,No,No,Month-to-month,Yes,Credit card (automatic),81.16,608.38,No
CUST-01578,Female,0,No,No,63,Yes,No,DSL,Yes,No,No,No,Yes,Yes,Month-to-month,Yes,Electronic check,59.7,3758.26,No
CUST-01579,Male,0,Yes,Yes,5,Yes,No,DSL,No,Yes,No,Yes,No,No,Month-to-month,No,Credit card (automatic),68.29,289.39,Yes
CUST-01580,Female,0,Yes,No,4,Yes,Yes,Fiber optic,No,Yes,No,No,Yes,No,Month-to-month,Yes,Mailed check,84.66,389.36,Yes
CUST-01581,Male,0,No,No,22,Yes,No,Fiber optic,Yes,Yes,Yes,Yes,No,No,Month-to-month,No,Electronic check,103.85,2239.45,No
CUST-01582,Male,0,No,Yes,9,Yes,Yes,Fiber optic,No,Yes,No,Yes,No,No,One year,Yes,Bank transfer (automatic),84.01,790.27,No
CUST-01583,Female,0,Yes,No,7,No,No phone service,DSL,No,No,No,No,No,No,Month-to-month,Yes,Mailed check,50.67,272.61,No
CUST-01584,Male,0,No,Yes,5,Yes,Yes,Fiber optic,No,No,No,No,No,Yes,Month-to-month,No,Electronic check,97.01,539.75,Yes
CUST-01585,Female,1,No,No,60,Yes,No,DSL,Yes,Yes,Yes,No,Yes,No,Two year,Yes,Credit card (automatic),76.26,4607.12,No
CUST-01586,Male,0,No,No,19,Yes,Yes,DSL,No,Yes,No,No,Yes,No,Month-to-month,Yes,Electronic check,56.5,1006.72,Yes
CUST-01587,Female,0,No,No,19,Yes,No,Fiber optic,No,Yes,No,No,No,No,Month-to-month,No,Credit card (automatic),83.53,1590.79,No
CUST-01588,Male,0,Yes,No,4,Yes,No,Fiber optic,No,No,No,No,No,No,Month-to-month,Yes,Credit card (automatic),69.03,298.02,No
CUST-01589,Female,1,Yes,Yes,33,Yes,No,No,No internet service,No internet service,No internet service,No internet service,No internet service,No internet service,Month-to-month,No,Electronic check,35.03,1214.93,No
CUST-01590,Male,0,No,No,12,Yes,Yes,No,No internet service,No internet service,No internet service,No internet service,No internet service,No internet service,Month-to-month,No,Mailed check,24.57,234.48,Yes
CUST-01591,Female,0,No,No,9,Yes,No,Fiber optic,Yes,No,Yes,Yes,Yes,Yes,Month-to-month,Yes,Bank transfer (automatic),93.82,912.09,Yes
CUST-01592,Male,0,Yes,No,69,Yes,Yes,No,No internet service,No internet service,No internet service,No internet service,No internet service,No internet service,Two year,No,Credit card (automatic),20.79,1424.73,No
CUST-01593,Male,0,Yes,Yes,51,Yes,No,DSL,No,No,Yes,No,No,No,Two year,Yes,Credit card (automatic),64.58,3383.92,No
CUST-01594,Male,0,Yes,No,28,Yes,Yes,No,No internet service,No internet service,No internet service,No internet service,No internet service,No internet service,Month-to-month,No,Electronic check,23.64,727.41,Yes
CUST-01595,Female,1,No,Yes,34,No,No phone service,DSL,Yes,Yes,No,No,Yes,No,One year,Yes,Bank transfer (automatic),67.74,2168.07,No
CUST-01596,Male,0,Yes,No,28,Yes,Yes,Fiber optic,No,Yes,No,Yes,No,No,One year,Yes,Electronic check,86.18,2439.66,No
CUST-01597,Female,0,Yes,No,35,Yes,No,DSL,No,No,No,No,Yes,Yes,Two year,Yes,Credit card (automatic),68.94,2405.41,No
CUST-01598,Female,0,Yes,No,47,Yes,No,Fiber optic,No,No,No,No,Yes,No,Month-to-month,Yes,Credit card (automatic),89.41,4238.59,No
CUST-01599,Female,0,No,Yes,52,Yes,No,Fiber optic,Yes,No,No,No,No,Yes,One year,No,Mailed check,87.58,4577.09,No
CUST-01600,Female,1,No,Yes,6,Yes,Yes,DSL,Yes,Yes,No,Yes,No,No,Month-to-month,No,Credit card (automatic),64.19,397.54,Yes
CUST-01601,Male,0,Yes,Yes,15,No,No phone service,No,No internet service,No internet service,No internet service,No internet service,No internet service,No internet service,Month-to-month,Yes,Mailed check,21.39,349.57,Yes
CUST-01602,Female,0,Yes,No,47,No,No phone service,No,No internet service,No internet service,No internet service,No internet service,No internet service,No internet service,Two year,No,Credit card (automatic),18.0,805.94,No
CUST-01603,Female,0,Yes,No,12,Yes,No,Fiber optic,Yes,Yes,No,Yes,No,Yes,Month-to-month,No,Mailed check,83.93,933.36,No
CUST-01604,Male,0,No,No,1,Yes,Yes,DSL,No,Yes,No,No,Yes,No,Month-to-month,No,Electronic check,61.77,87.08,Yes
CUST-01605,Male,0,No,Yes,25,Yes,Yes,Fiber optic,No,Yes,Yes,No,No,No,Month-to-month,No,Mailed check,91.79,2306.67,No
CUST-01606,Female,0,No,Yes,56,Yes,No,DSL,Yes,No,No,Yes,No,Yes,Two year,Yes,Electronic check,69.32,3929.85,No
CUST-01607,Male,0,No,No,13,Yes,Yes,DSL,No,No,Yes,No,No,Yes,Month-to-month,No,Electronic check,59.75,800.09,Yes
CUST-01608,Female,0,Yes,No,10,Yes,No,DSL,No,No,No,No,Yes,No,Month-to-month,No,Credit card (automatic),57.77,559.34,Yes
CUST-01609,Male,0,Yes,No,45,Yes,No,Fiber optic,Yes,Yes,No,Yes,Yes,Yes,One year,Yes,Credit card (automatic),91.61,4135.22,No
CUST-01610,Male,0,Yes,Yes,5,Yes,No,DSL,No,No,Yes,No,No,No,Month-to-month,No,Mailed check,55.16,330.51,No
CUST-01611,Female,0,Yes,Yes,14,Yes,No,DSL,No,Yes,No,No,No,No,Month-to-month,No,Mailed check,61.46,868.25,No
CUST-01612,Male,0,Yes,No,21,Yes,Yes,Fiber optic,Yes,No,Yes,No,No,Yes,One year,Yes,Credit card (automatic),85.15,1704.75,Yes
CUST-01613,Female,0,No,No,47,Yes,Yes,Fiber optic,No,No,No,No,No,No,Two year,Yes,Electronic check,83.23,3969.35,Yes
CUST-01614,Female,1,Yes,No,37,Yes,No,No,No internet service,No internet service,No internet service,No internet service,No internet service,No internet service,One year,Yes,Credit card (automatic),31.77,1133.34,No
CUST-01615,Male,0,No,Yes,18,Yes,Yes,No,No internet service,No internet service,No internet service,No internet service,No internet service,No internet service,Month-to-month,Yes,Mailed check,27.78,476.23,No
CUST-01616,Male,1,Yes,Yes,0,Yes,No,DSL,No,No,Yes,No,No,Yes,Month-to-month,Yes,Mailed check,62.51,0.0,No
CUST-01617,Female,0,Yes,No,43,Yes,No,No,No internet service,No internet service,No internet service,No internet service,No internet service,No internet service,One year,Yes,Bank transfer (automatic),34.65,1497.71,No
CUST-01618,Female,0,No,Yes,46,Yes,Yes,Fiber optic,No,No,No,No,No,Yes,Month-to-month,No,Credit card (automatic),87.68,4017.72,Yes
CUST-01619,Male,0,Yes,No,44,Yes,Yes,DSL,No,No,No,No,No,Yes,One year,Yes,Credit card (automatic),59.54,2645.95,No
CUST-01620,Female,0,Yes,Yes,7,Yes,No,Fiber optic,Yes,Yes,No,Yes,No,No,Month-to-month,Yes,Bank transfer (automatic),93.67,691.24,Yes
CUST-01621,Male,0,Yes,No,62,No,No phone service,DSL,No,Yes,Yes,No,Yes,Yes,Two year,Yes,Electronic check,62.36,3802.48,No
CUST-01622,Male,0,No,Yes,34,Yes,No,Fiber optic,No,Yes,No,No,Yes,Yes,Month-to-month,No,Electronic check,95.99,3175.65,No
CUST-01623,Female,0,Yes,No,51,Yes,No,No,No internet service,No internet service,No internet service,No internet service,No internet service,No internet service,Two year,Yes,Credit card (automatic),34.49,1734.55,No
CUST-01624,Male,0,No,Yes,7,Yes,No,Fiber optic,No,No,Yes,No,No,No,Month-to-month,Yes,Bank transfer (automatic),81.65,608.37,No
CUST-01625,Female,0,No,Yes,23,Yes,Yes,DSL,Yes,No,No,Yes,No,No,One year,No,Bank transfer (automatic),60.55,1407.04,No
CUST-01626,Female,0,No,No,5,Yes,Yes,Fiber optic,No,No,Yes,Yes,Yes,No,Month-to-month,No,Bank transfer (automatic),88.15,470.51,Yes
CUST-01627,Female,0,Yes,Yes,5,Yes,No,Fiber optic,Yes,Yes,No,Yes,Yes,No,Month-to-month,Yes,Electronic check,96.09,430.85,Yes
CUST-01628,Female,0,No,Yes,18,Yes,No,Fiber optic,No,No,No,Yes,No,Yes,Month-to-month,No,Electronic check,89.33,1558.54,Yes
CUST-01629,Male,1,Yes,Yes,3,Yes,Yes,Fiber optic,No,No,Yes,No,Yes,Yes,Month-to-month,Yes,Bank transfer (automatic),86.41,288.49,Yes
CUST-01630,Male,1,No,No,0,Yes,No,Fiber optic,No,No,No,No,No,No,Month-to-month,Yes,Credit card (automatic),84.24,0.0,No
CUST-01631,Female,0,No,No,1,Yes,Yes,DSL,No,No,Yes,No,Yes,No,Month-to-month,Yes,Credit card (automatic),68.26,80.89,Yes
CUST-01632,Female,0,Yes,No,72,Yes,No,Fiber optic,No,No,No,No,Yes,No,Two year,No,Electronic check,82.7,5890.42,No
CUST-01633,Male,0,Yes,No,47,Yes,No,No,No internet service,No internet service,No internet service,No internet service,No internet service,No internet service,Two year,No,Mailed check,33.82,1580.47,No
CUST-01634,Female,0,No,No,30,Yes,Yes,Fiber optic,Yes,No,Yes,No,No,No,One year,No,Electronic check,96.66,2870.15,No
CUST-01635,Male,1,No,Yes,21,Yes,No,DSL,No,Yes,Yes,No,Yes,Yes,Month-to-month,No,Bank transfer (automatic),67.95,1450.58,Yes
CUST-01636,Female,0,No,No,5,Yes,No,No,No internet service,No internet service,No internet service,No internet service,No internet service,No internet service,Month-to-month,No,Bank transfer (automatic),35.93,113.13,No
CUST-01637,Male,0,No,No,5,Yes,Yes,DSL,Yes,No,No,No,Yes,Yes,Month-to-month,Yes,Electronic check,56.01,316.24,Yes
CUST-01638,Female,0,No,No,1,Yes,Yes,Fiber optic,Yes,No,No,Yes,Yes,Yes,Month-to-month,No,Credit card (automatic),93.26,97.42,No
CUST-01639,Male,0,No,Yes,46,Yes,No,Fiber optic,No,No,Yes,No,No,Yes,One year,Yes,Electronic check,89.59,4155.43,No
CUST-01640,Male,1,No,No,35,Yes,No,DSL,No,No,Yes,No,No,Yes,Two year,No,Credit card (automatic),59.91,2065.6,No
CUST-01641,Female,0,Yes,No,9,Yes,Yes,DSL,Yes,Yes,No,No,Yes,Yes,Month-to-month,Yes,Credit card (automatic),62.51,594.81,No
CUST-01642,Male,0,No,No,32,Yes,Yes,Fiber optic,No,No,No,No,No,No,Month-to-month,Yes,Credit card (automatic),85.25,2704.85,No
CUST-01643,Male,0,No,Yes,3,Yes,Yes,DSL,Yes,No,Yes,Yes,No,Yes,Month-to-month,Yes,Bank transfer (automatic),66.04,255.05,Yes
CUST-01644,Female,1,Yes,No,12,Yes,No,Fiber optic,No,No,Yes,No,Yes,No,Month-to-month,No,Bank transfer (automatic),92.9,1049.35,Yes
CUST-01645,Male,0,Yes,No,19,Yes,No,Fiber optic,No,Yes,Yes,No,Yes,No,Month-to-month,No,Electronic check,106.41,1957.08,Yes
CUST-01646,Male,0,Yes,No,12,Yes,No,Fiber optic,No,No,Yes,No,No,No,Month-to-month,Yes,Mailed check,83.44,998.09,Yes
CUST-01647,Male,1,Yes,No,13,Yes,Yes,No,No internet service,No internet service,No internet service,No internet service,No internet service,No internet service,Month-to-month,No,Credit card (automatic),23.27,308.47,No
CUST-01648,Female,0,No,No,14,Yes,No,No,No internet service,No internet service,No internet service,No internet service,No internet service,No internet service,Month-to-month,No,Electronic check,23.42,335.2,No
CUST-01649,Female,1,Yes,No,14,Yes,Yes,No,No internet service,No internet service,No internet service,No internet service,No internet service,No internet service,One year,No,Mailed check,30.59,451.87,No
CUST-01650,Female,0,No,Yes,48,Yes,Yes,Fiber optic,No,Yes,No,Yes,No,Yes,Two year,Yes,Electronic check,80.95,3829.28,No
CUST-01651,Male,0,Yes,No,17,Yes,No,DSL,No,No,Yes,No,Yes,Yes,Month-to-month,Yes,Electronic check,63.93,1155.89,No
CUST-01652,Male,0,No,No,1,Yes,Yes,Fiber optic,Yes,No,No,No,No,Yes,Month-to-month,Yes,Electronic check,95.76,91.7,Yes
CUST-01653,Male,0,No,Yes,9,Yes,No,No,No internet service,No internet service,No internet service,No internet service,No internet service,No internet service,Month-to-month,No,Credit card (automatic),37.89,371.13,No
CUST-01654,Female,0,No,No,35,Yes,No,Fiber optic,No,No,No,No,Yes,Yes,One year,Yes,Bank transfer (automatic),87.2,3054.76,No
CUST-01655,Male,0,No,No,8,Yes,Yes,Fiber optic,No,Yes,No,No,Yes,No,Month-to-month,Yes,Mailed check,90.44,762.13,Yes
CUST-01656,Male,0,Yes,No,36,Yes,No,No,No internet service,No internet service,No internet service,No internet service,No internet service,No internet service,One year,Yes,Mailed check,33.77,1361.3,No
CUST-01657,Female,0,No,No,10,Yes,No,Fiber optic,No,No,Yes,Yes,Yes,No,Month-to-month,Yes,Electronic check,106.17,1021.11,Yes
CUST-01658,Female,0,No,No,28,Yes,Yes,Fiber optic,No,Yes,No,No,No,No,Two year,Yes,Bank transfer (automatic),84.98,2382.95,No
CUST-01659,Female,0,Yes,Yes,19,No,No phone service,DSL,No,Yes,No,Yes,No,Yes,Month-to-month,Yes,Electronic check,57.25,1080.2,Yes
CUST-01660,Male,0,No,No,5,Yes,Yes,Fiber optic,No,No,No,No,No,No,Month-to-month,Yes,Electronic check,80.07,452.11,Yes
CUST-01661,Female,1,Yes,No,15,Yes,No,DSL,No,No,Yes,No,No,Yes,Month-to-month,Yes,Mailed check,58.3,901.97,No
CUST-01662,Female,1,No,No,29,No,No phone service,DSL,No,No,Yes,Yes,No,Yes,Month-to-month,Yes,Electronic check,67.8,2007.06,Yes
CUST-01663,Male,0,Yes,Yes,5,Yes,No,DSL,Yes,No,No,Yes,Yes,No,Month-to-month,Yes,Bank transfer (automatic),67.12,318.53,No
CUST-01664,Female,0,No,Yes,53,Yes,No,Fiber optic,No,No,No,No,No,Yes,Two year,Yes,Electronic check,84.78,4523.73,No
CUST-01665,Female,0,Yes,No,44,Yes,Yes,Fiber optic,No,Yes,No,Yes,No,No,One year,No,Bank transfer (automatic),82.43,3591.3,No
CUST-01666,Male,0,Yes,No,52,Yes,Yes,No,No internet service,No internet service,No internet service,No internet service,No internet service,No internet service,Two year,Yes,Electronic check,24.3,1241.42,No
CUST-01667,Female,0,Yes,No,55,Yes,No,No,No internet service,No internet service,No internet service,No internet service,No internet service,No internet service,Two year,Yes,Mailed check,33.6,1892.63,No
CUST-01668,Female,0,No,No,2,Yes,No,DSL,No,No,No,Yes,Yes,Yes,Month-to-month,Yes,Credit card (automatic),59.4,156.02,Yes
CUST-01669,Female,0,Yes,No,72,Yes,Yes,DSL,Yes,Yes,Yes,Yes,No,No,Two year,Yes,Credit card (automatic),80.41,5830.97,No
CUST-01670,Female,0,No,No,38,Yes,No,DSL,No,Yes,No,Yes,No,Yes,One year,Yes,Electronic check,56.71,2120.4,No
CUST-01671,Female,0,No,No,53,Yes,Yes,DSL,No,No,Yes,No,Yes,Yes,Month-to-month,No,Electronic check,56.37,3017.03,No
CUST-01672,Female,0,No,No,22,Yes,No,Fiber optic,No,No,No,No,Yes,Yes,One year,Yes,Credit card (automatic),81.39,1750.98,No
CUST-01673,Male,0,Yes,Yes,59,Yes,No,Fiber optic,Yes,No,No,Yes,Yes,No,Two year,Yes,Electronic check,96.91,5719.98,No
CUST-01674,Female,0,No,No,47,Yes,No,DSL,No,No,No,No,Yes,No,One year,Yes,Bank transfer (automatic),55.84,2657.07,No
CUST-01675,Female,0,No,No,19,No,No phone service,Fiber optic,Yes,No,No,No,No,Yes,One year,Yes,Electronic check,84.76,1624.63,Yes
CUST-01676,Female,0,Yes,Yes,48,Yes,Yes,No,No internet service,No internet service,No internet service,No internet service,No internet service,No internet service,Month-to-month,Yes,Electronic check,38.99,1919.82,No
CUST-01677,Male,0,Yes,No,54,Yes,Yes,DSL,Yes,No,Yes,No,No,No,Two year,No,Credit card (automatic),44.54,2343.12,No
CUST-01678,Male,0,No,Yes,1,Yes,Yes,No,No internet service,No internet service,No internet service,No internet service,No internet service,No internet service,Month-to-month,Yes,Credit card (automatic),29.85,12.47,Yes
CUST-01679,Female,0,Yes,No,12,Yes,No,DSL,No,Yes,No,No,No,No,One year,Yes,Mailed check,55.92,618.62,No
CUST-01680,Female,0,Yes,Yes,45,Yes,Yes,DSL,Yes,No,No,Yes,Yes,Yes,One year,Yes,Bank transfer (automatic),80.02,3585.1,Yes
CUST-01681,Female,0,Yes,No,30,Yes,Yes,Fiber optic,No,Yes,No,No,No,Yes,Month-to-month,No,Mailed check,84.06,2521.1,No
CUST-01682,Male,0,No,No,9,Yes,Yes,DSL,No,No,No,No,No,No,Month-to-month,No,Electronic check,50.35,454.44,Yes
CUST-01683,Male,0,No,Yes,25,Yes,Yes,DSL,Yes,No,No,No,No,No,One year,Yes,Credit card (automatic),61.6,1574.88,No
CUST-01684,Female,0,No,No,31,No,No phone service,DSL,No,Yes,No,No,Yes,Yes,Month-to-month,Yes,Credit card (automatic),64.51,2037.29,No
CUST-01685,Male,0,No,No,25,Yes,No,DSL,No,Yes,No,No,No,Yes,Month-to-month,Yes,Credit card (automatic),63.51,1567.67,No
CUST-01686,Female,1,Yes,No,3,Yes,Yes,Fiber optic,No,No,Yes,No,No,No,Month-to-month,Yes,Electronic check,85.14,273.58,Yes
CUST-01687,Male,0,Yes,No,22,Yes,Yes,DSL,No,No,No,Yes,No,Yes,One year,Yes,Electronic check,56.38,1307.04,No
CUST-01688,Male,0,Yes,No,9,Yes,Yes,DSL,Yes,No,No,No,No,Yes,Month-to-month,Yes,Electronic check,54.43,554.34,Yes
CUST-01689,Female,1,Yes,No,9,No,No phone service,Fiber optic,No,No,No,No,Yes,No,Month-to-month,Yes,Bank transfer (automatic),89.13,803.47,Yes
CUST-01690,Male,0,Yes,No,58,Yes,No,Fiber optic,Yes,No,Yes,No,No,No,Two year,Yes,Credit card (automatic),88.09,5131.82,No
CUST-01691,Female,0,No,No,15,Yes,Yes,Fiber optic,Yes,No,No,Yes,Yes,Yes,Month-to-month,Yes,Credit card (automatic),94.17,1411.38,No
CUST-01692,Female,0,Yes,No,10,Yes,Yes,Fiber optic,Yes,No,No,No,No,No,Two year,Yes,Credit card (automatic),99.22,899.77,No
CUST-01693,Female,0,Yes,No,43,Yes,No,No,No internet service,No internet service,No internet service,No internet service,No internet service,No internet service,Month-to-month,Yes,Credit card (automatic),37.32,1554.27,No
CUST-01694,Male,0,Yes,No,6,Yes,No,DSL,No,Yes,No,Yes,No,No,Month-to-month,Yes,Bank transfer (automatic),59.77,338.45,No
CUST-01695,Male,1,Yes,No,24,Yes,No,Fiber optic,No,No,No,No,Yes,No,One year,Yes,Mailed check,84.78,2017.24,No
CUST-01696,Female,1,Yes,No,1,Yes,Yes,Fiber optic,Yes,No,No,No,No,Yes,Month-to-month,Yes,Electronic check,97.47,81.94,Yes
CUST-01697,Male,0,Yes,Yes,69,Yes,No,No,No internet service,No internet service,No internet service,No internet service,No internet service,No internet service,Two year,Yes,Electronic check,32.58,2218.45,No
CUST-01698,Male,0,Yes,No,6,No,No phone service,DSL,No,Yes,No,No,Yes,No,Month-to-month,Yes,Bank transfer (automatic),61.96,370.06,Yes
CUST-01699,Male,0,No,No,60,Yes,Yes,No,No internet service,No internet service,No internet service,No internet service,No internet service,No internet service,Two year,No,Credit card (automatic),32.15,1919.53,No
CUST-01700,Female,0,No,No,14,Yes,Yes,No,No internet service,No internet service,No internet service,No internet service,No internet service,No internet service,Month-to-month,No,Mailed check,22.09,280.46,No
CUST-01701,Male,0,No,No,69,Yes,Yes,DSL,Yes,Yes,Yes,Yes,No,No,Two year,Yes,Mailed check,69.99,4803.89,Yes
CUST-01702,Male,0,No,No,38,Yes,No,Fiber optic,No,Yes,Yes,No,Yes,No,Month-to-month,Yes,Mailed check,86.29,3251.8,No
CUST-01703,Female,0,No,No,31,Yes,Yes,DSL,No,No,No,Yes,Yes,No,One year,No,Credit card (automatic),59.26,1882.1,No
CUST-01704,Male,0,No,No,11,Yes,Yes,DSL,No,Yes,Yes,No,Yes,Yes,Month-to-month,Yes,Bank transfer (automatic),69.5,785.72,No
CUST-01705,Female,0,No,No,48,Yes,No,Fiber optic,No,No,No,No,No,No,Two year,Yes,Mailed check,87.57,4186.31,No
CUST-01706,Female,0,No,No,6,Yes,No,Fiber optic,No,No,Yes,Yes,Yes,No,Month-to-month,No,Bank transfer (automatic),76.98,491.58,No
CUST-01707,Female,0,Yes,Yes,10,Yes,Yes,Fiber optic,No,No,No,Yes,Yes,Yes,Month-to-month,No,Electronic check,99.17,973.1,Yes
CUST-01708,Female,1,Yes,No,15,Yes,Yes,DSL,No,No,Yes,No,No,Yes,One year,Yes,Electronic check,68.78,1022.39,No
CUST-01709,Male,0,Yes,No,21,No,No phone service,DSL,No,No,No,No,No,No,Month-to-month,Yes,Electronic check,50.17,1042.47,Yes
CUST-01710,Male,0,Yes,No,19,Yes,Yes,DSL,No,No,No,No,Yes,No,One year,No,Credit card (automatic),55.14,1093.46,Yes
CUST-01711,Male,0,No,No,36,Yes,Yes,DSL,No,No,Yes,Yes,Yes,Yes,One year,Yes,Bank transfer (automatic),66.45,2402.99,No
CUST-01712,Male,0,Yes,Yes,1,Yes,No,Fiber optic,No,Yes,Yes,Yes,Yes,No,Month-to-month,Yes,Electronic check,89.87,73.5,Yes
CUST-01713,Female,1,No,No,31,Yes,No,DSL,Yes,Yes,No,Yes,Yes,No,One year,Yes,Mailed check,60.31,1923.4,No
CUST-01714,Female,1,No,No,12,Yes,No,No,No internet service,No internet service,No internet service,No internet service,No internet service,No internet service,Month-to-month,Yes,Electronic check,25.85,302.9,Yes
CUST-01715,Female,0,No,No,40,Yes,Yes,Fiber optic,Yes,No,No,No,Yes,No,One year,No,Bank transfer (automatic),91.17,3604.42,No
CUST-01716,Female,0,Yes,No,23,Yes,Yes,No,No internet service,No internet service,No internet service,No internet service,No internet service,No internet service,Month-to-month,No,Bank transfer (automatic),21.8,474.27,No
CUST-01717,Female,0,Yes,No,10,Yes,No,DSL,No,Yes,No,Yes,No,Yes,Month-to-month,No,Bank transfer (automatic),62.28,559.55,No
CUST-01718,Male,0,Yes,No,55,Yes,Yes,DSL,Yes,Yes,Yes,No,Yes,Yes,Two year,No,Bank transfer (automatic),70.34,3840.34,No
CUST-01719,Male,0,No,No,54,Yes,No,DSL,Yes,No,No,No,No,No,Two year,No,Mailed check,59.24,3181.26,No
CUST-01720,Female,0,No,No,54,Yes,No,DSL,Yes,Yes,No,Yes,Yes,No,Two year,Yes,Electronic check,63.0,3357.05,No
CUST-01721,Male,0,No,Yes,12,Yes,No,No,No internet service,No internet service,No internet service,No internet service,No internet service,No internet service,One year,Yes,Electronic check,24.47,264.35,No
CUST-01722,Female,0,No,Yes,4,Yes,No,Fiber optic,No,Yes,Yes,No,Yes,No,Month-to-month,Yes,Credit card (automatic),82.98,289.95,No
CUST-01723,Female,0,No,No,4,Yes,Yes,No,No internet service,No internet service,No internet service,No internet service,No internet service,No internet service,Month-to-month,Yes,Electronic check,30.21,158.21,Yes
CUST-01724,Female,0,No,No,18,No,No phone service,No,No internet service,No internet service,No internet service,No internet service,No internet service,No internet service,Month-to-month,Yes,Bank transfer (automatic),22.73,344.06,No
CUST-01725,Female,0,Yes,No,25,Yes,No,Fiber optic,No,No,No,No,No,No,One year,No,Credit card (automatic),94.46,2311.01,No
CUST-01726,Female,0,Yes,No,1,Yes,No,Fiber optic,No,Yes,No,No,No,No,Month-to-month,Yes,Mailed check,83.13,85.17,Yes
CUST-01727,Female,0,Yes,Yes,48,Yes,No,DSL,Yes,No,Yes,No,No,No,Two year,No,Electronic check,61.61,2892.5,No
CUST-01728,Female,0,No,No,25,Yes,Yes,Fiber optic,No,No,No,No,No,No,Month-to-month,Yes,Bank transfer (automatic),78.1,1957.83,Yes
CUST-01729,Male,0,No,No,4,Yes,No,Fiber optic,No,No,No,No,No,No,Month-to-month,Yes,Electronic check,85.99,297.26,No
CUST-01730,Male,0,No,Yes,62,Yes,No,DSL,Yes,No,Yes,No,Yes,No,Two year,Yes,Electronic check,51.11,3186.2,No
CUST-01731,Female,0,No,No,6,No,No phone service,No,No internet service,No internet service,No internet service,No internet service,No internet service,No internet service,Month-to-month,Yes,Mailed check,30.57,158.5,No
CUST-01732,Female,1,No,No,8,Yes,No,Fiber optic,No,No,No,Yes,Yes,Yes,Month-to-month,Yes,Electronic check,91.11,710.0,Yes
CUST-01733,Female,0,Yes,No,12,Yes,Yes,No,No internet service,No internet service,No internet service,No internet service,No internet service,No internet service,Month-to-month,Yes,Electronic check,44.56,562.03,Yes
CUST-01734,Female,0,Yes,No,48,Yes,Yes,DSL,Yes,No,No,Yes,No,Yes,Two year,No,Bank transfer (automatic),62.22,2987.9,No
CUST-01735,Female,0,No,No,23,Yes,No,Fiber optic,No,Yes,No,No,No,No,Month-to-month,No,Bank transfer (automatic),79.77,1767.37,Yes
CUST-01736,Female,0,No,Yes,1,Yes,Yes,Fiber optic,Yes,No,No,Yes,No,No,Month-to-month,No,Credit card (automatic),92.75,95.45,No
CUST-01737,Female,0,No,No,17,Yes,No,DSL,No,Yes,No,No,Yes,Yes,Month-to-month,Yes,Bank transfer (automatic),63.65,1071.68,Yes
CUST-01738,Male,0,Yes,Yes,35,Yes,Yes,DSL,Yes,Yes,Yes,No,No,No,One year,Yes,Electronic check,54.03,1877.14,No
CUST-01739,Male,0,No,No,11,Yes,No,DSL,No,No,No,No,No,No,Month-to-month,Yes,Electronic check,65.14,697.29,No
CUST-01740,Male,0,No,No,42,Yes,Yes,DSL,No,No,Yes,No,Yes,No,One year,No,Credit card (automatic),52.54,2170.56,No
CUST-01741,Male,0,No,No,7,Yes,No,Fiber optic,Yes,No,No,No,Yes,Yes,Month-to-month,Yes,Mailed check,87.12,618.47,Yes
CUST-01742,Female,0,Yes,No,71,Yes,Yes,No,No internet service,No internet service,No internet service,No internet service,No internet service,No internet service,Two year,No,Electronic check,29.97,2101.51,No
CUST-01743,Male,0,No,No,60,Yes,No,No,No internet service,No internet service,No internet service,No internet service,No internet service,No internet service,One year,No,Bank transfer (automatic),28.7,1793.37,No
CUST-01744,Male,0,No,No,43,Yes,No,DSL,No,No,Yes,Yes,No,No,One year,Yes,Electronic check,65.26,2874.51,No
CUST-01745,Male,0,No,No,18,Yes,Yes,Fiber optic,No,No,Yes,No,Yes,Yes,Month-to-month,Yes,Electronic check,81.61,1466.33,No
CUST-01746,Female,0,No,Yes,1,Yes,No,DSL,No,No,No,No,No,Yes,Month-to-month,No,Electronic check,56.42,89.43,No
CUST-01747,Female,0,No,Yes,19,Yes,Yes,DSL,No,No,No,No,Yes,No,Month-to-month,Yes,Electronic check,52.56,988.26,No
CUST-01748,Male,0,No,No,21,Yes,Yes,No,No internet service,No internet service,No internet service,No internet service,No internet service,No internet service,Month-to-month,No,Mailed check,31.86,651.12,No
CUST-01749,Female,0,No,No,16,Yes,Yes,No,No internet service,No internet service,No internet service,No internet service,No internet service,No internet service,Month-to-month,Yes,Credit card (automatic),33.74,540.19,No
CUST-01750,Female,0,Yes,Yes,11,Yes,No,No,No internet service,No internet service,No internet service,No internet service,No internet service,No internet service,Month-to-month,No,Mailed check,26.12,249.82,No
CUST-01751,Female,0,Yes,No,19,Yes,No,Fiber optic,Yes,No,No,Yes,No,No,Month-to-month,Yes,Credit card (automatic),86.29,1604.51,Yes
CUST-01752,Female,0,Yes,Yes,29,No,No phone service,Fiber optic,Yes,No,No,Yes,No,No,Month-to-month,No,Mailed check,83.96,2514.7,No
CUST-01753,Female,0,No,No,12,Yes,Yes,Fiber optic,No,Yes,Yes,No,Yes,Yes,Month-to-month,Yes,Bank transfer (automatic),85.62,1024.77,Yes
CUST-01754,Male,0,Yes,No,50,Yes,Yes,Fiber optic,Yes,No,No,No,No,Yes,Month-to-month,Yes,Bank transfer (automatic),90.77,4559.06,Yes
CUST-01755,Female,0,Yes,Yes,19,Yes,No,DSL,No,No,No,No,No,No,One year,Yes,Electronic check,49.25,964.41,No
CUST-01756,Male,1,No,Yes,27,Yes,No,DSL,Yes,Yes,No,No,No,No,Month-to-month,Yes,Credit card (automatic),62.92,1663.48,Yes
CUST-01757,Male,0,No,No,60,Yes,Yes,No,No internet service,No internet service,No internet service,No internet service,No internet service,No internet service,One year,No,Electronic check,31.72,1847.2,No
CUST-01758,Female,0,Yes,No,22,Yes,Yes,DSL,Yes,No,No,No,No,No,Month-to-month,No,Bank transfer (automatic),48.55,1131.43,No
CUST-01759,Female,0,Yes,No,50,Yes,No,No,No internet service,No internet service,No internet service,No internet service,No internet service,No internet service,Two year,No,Bank transfer (automatic),28.99,1457.82,No
CUST-01760,Female,0,No,Yes,14,Yes,Yes,DSL,Yes,No,Yes,No,Yes,No,Month-to-month,No,Credit card (automatic),56.14,786.35,No
CUST-01761,Male,0,Yes,No,0,No,No phone service,No,No internet service,No internet service,No internet service,No internet service,No internet service,No internet service,Month-to-month,Yes,Credit card (automatic),30.28,0.0,Yes
CUST-01762,Male,0,Yes,No,0,Yes,Yes,No,No internet service,No internet service,No internet service,No internet service,No internet service,No internet service,One year,No,Bank transfer (automatic),28.42,0.0,No
CUST-01763,Male,0,Yes,No,6,No,No phone service,DSL,No,No,Yes,No,No,No,Month-to-month,Yes,Electronic check,53.25,359.68,Yes
CUST-01764,Female,1,Yes,No,12,Yes,Yes,Fiber optic,Yes,No,No,No,No,Yes,Month-to-month,No,Credit card (automatic),91.77,1135.73,Yes
CUST-01765,Female,0,No,Yes,0,Yes,Yes,No,No internet service,No internet service,No internet service,No internet service,No internet service,No internet service,Month-to-month,Yes,Electronic check,31.12,0.0,Yes
CUST-01766,Female,0,Yes,No,52,No,No phone service,DSL,No,No,No,No,Yes,No,Two year,Yes,Mailed check,50.22,2611.7,No
CUST-01767,Female,0,No,No,61,Yes,Yes,DSL,No,No,No,No,No,Yes,Two year,Yes,Electronic check,58.19,3603.77,No
CUST-01768,Male,1,Yes,No,13,Yes,Yes,DSL,Yes,Yes,No,No,No,Yes,Month-to-month,No,Mailed check,61.35,735.75,No
CUST-01769,Male,1,Yes,No,68,Yes,Yes,DSL,Yes,No,Yes,Yes,No,No,Two year,Yes,Bank transfer (automatic),69.9,4757.16,No
CUST-01770,Male,0,Yes,Yes,3,Yes,No,DSL,No,Yes,Yes,No,Yes,No,Month-to-month,Yes,Bank transfer (automatic),48.89,99.98,Yes
CUST-01771,Male,1,No,Yes,25,Yes,Yes,DSL,No,No,Yes,Yes,Yes,No,Month-to-month,No,Electronic check,68.11,1636.27,Yes
CUST-01772,Male,1,Yes,Yes,4,No,No phone service,DSL,No,No,Yes,No,No,Yes,Month-to-month,Yes,Credit card (automatic),55.18,191.04,No
CUST-01773,Male,0,Yes,No,34,Yes,No,No,No internet service,No internet service,No internet service,No internet service,No internet service,No internet service,Month-to-month,Yes,Electronic check,25.24,813.01,No
CUST-01774,Male,1,Yes,Yes,33,Yes,No,DSL,No,No,No,No,Yes,No,Two year,No,Mailed check,68.72,2290.47,No
CUST-01775,Female,0,No,Yes,66,Yes,No,DSL,No,Yes,Yes,No,No,Yes,Two year,Yes,Credit card (automatic),53.52,3455.45,No
CUST-01776,Male,0,Yes,Yes,47,Yes,Yes,No,No internet service,No internet service,No internet service,No internet service,No internet service,No internet service,Two year,No,Bank transfer (automatic),29.35,1427.05,No
CUST-01777,Male,0,No,Yes,23,Yes,No,Fiber optic,No,No,No,Yes,No,No,One year,No,Electronic check,78.27,1784.91,Yes
CUST-01778,Male,0,No,No,13,Yes,No,Fiber optic,No,Yes,Yes,Yes,No,Yes,Month-to-month,Yes,Mailed check,100.07,1333.06,No
CUST-01779,Male,0,No,No,11,Yes,Yes,Fiber optic,Yes,Yes,No,No,No,No,One year,No,Electronic check,89.24,955.42,No
CUST-01780,Female,0,No,No,28,Yes,Yes,DSL,Yes,No,No,No,Yes,No,Month-to-month,Yes,Electronic check,75.85,2093.86,No
CUST-01781,Male,1,Yes,No,58,Yes,Yes,No,No internet service,No internet service,No internet service,No internet service,No internet service,No internet service,Two year,Yes,Electronic check,31.89,1834.37,No
CUST-01782,Male,0,No,No,0,Yes,Yes,No,No internet service,No internet service,No internet service,No internet service,No internet service,No internet service,Month-to-month,Yes,Bank transfer (automatic),33.34,0.0,No
CUST-01783,Male,1,No,No,64,Yes,Yes,DSL,No,No,Yes,No,No,No,Two year,No,Electronic check,59.7,3806.48,No
CUST-01784,Female,0,Yes,Yes,24,Yes,Yes,Fiber optic,No,No,Yes,No,No,Yes,One year,Yes,Bank transfer (automatic),98.36,2327.9,No
CUST-01785,Female,0,No,Yes,8,Yes,No,Fiber optic,No,No,No,Yes,No,No,Month-to-month,No,Bank transfer (automatic),85.09,676.52,Yes
CUST-01786,Male,0,Yes,No,2,Yes,No,No,No internet service,No internet service,No internet service,No internet service,No internet service,No internet service,Month-to-month,Yes,Bank transfer (automatic),35.98,81.26,No
CUST-01787,Male,0,No,No,20,Yes,Yes,DSL,No,No,No,No,No,No,Month-to-month,Yes,Mailed check,44.42,906.1,No
CUST-01788,Male,0,No,No,2,Yes,Yes,No,No internet service,No internet service,No internet service,No internet service,No internet service,No internet service,Month-to-month,No,Bank transfer (automatic),28.51,105.31,No
CUST-01789,Male,0,No,Yes,62,Yes,No,No,No internet service,No internet service,No internet service,No internet service,No internet service,No internet service,Two year,No,Credit card (automatic),25.27,1571.03,No
CUST-01790,Female,0,Yes,Yes,2,Yes,Yes,Fiber optic,No,No,Yes,No,Yes,No,Month-to-month,No,Mailed check,91.46,207.8,Yes
CUST-01791,Female,0,No,Yes,7,Yes,No,Fiber optic,No,No,No,No,No,No,Month-to-month,No,Credit card (automatic),89.4,682.47,Yes
CUST-01792,Female,0,No,No,1,Yes,No,Fiber optic,No,No,Yes,Yes,No,Yes,Month-to-month,No,Credit card (automatic),100.94,70.13,No
CUST-01793,Male,1,Yes,No,16,Yes,No,No,No internet service,No internet service,No internet service,No internet service,No internet service,No internet service,Month-to-month,Yes,Bank transfer (automatic),23.95,408.11,No
CUST-01794,Male,0,No,Yes,1,Yes,Yes,Fiber optic,No,No,Yes,Yes,No,Yes,Month-to-month,Yes,Bank transfer (automatic),96.63,68.3,Yes
CUST-01795,Male,0,No,Yes,44,No,No phone service,No,No internet service,No internet service,No internet service,No internet service,No internet service,No internet service,Two year,Yes,Electronic check,26.19,1124.95,No
CUST-01796,Male,0,No,Yes,53,Yes,Yes,No,No internet service,No internet service,No internet service,No internet service,No internet service,No internet service,One year,Yes,Bank transfer (automatic),35.88,1904.37,No
CUST-01797,Female,1,No,Yes,44,Yes,Yes,Fiber optic,Yes,Yes,Yes,No,Yes,No,Two year,No,Bank transfer (automatic),95.34,4079.84,No
CUST-01798,Male,0,Yes,No,21,Yes,No,DSL,No,No,No,No,No,Yes,Month-to-month,No,Electronic check,66.99,1395.57,No
CUST-01799,Male,0,Yes,No,1,Yes,Yes,Fiber optic,No,No,No,Yes,No,Yes,Month-to-month,Yes,Mailed check,83.12,52.27,Yes
CUST-01800,Female,0,Yes,No,6,Yes,Yes,DSL,No,No,No,No,No,Yes,Month-to-month,No,Bank transfer (automatic),63.32,320.91,No
CUST-01801,Male,0,Yes,No,15,Yes,No,DSL,No,Yes,No,No,No,No,Month-to-month,Yes,Mailed check,50.17,779.25,No
CUST-01802,Male,0,Yes,No,1,Yes,Yes,Fiber optic,No,No,No,No,Yes,No,Month-to-month,No,Electronic check,76.94,47.52,Yes
CUST-01803,Male,0,No,No,0,Yes,Yes,Fiber optic,Yes,No,No,Yes,Yes,No,Month-to-month,No,Credit card (automatic),82.42,0.0,Yes
CUST-01804,Male,0,Yes,No,39,Yes,No,DSL,Yes,Yes,No,Yes,No,Yes,One year,Yes,Electronic check,64.01,2526.49,No
CUST-01805,Male,0,No,No,17,Yes,Yes,Fiber optic,No,No,No,No,Yes,Yes,Month-to-month,Yes,Bank transfer (automatic),85.74,1491.25,Yes
CUST-01806,Male,0,Yes,No,42,Yes,No,DSL,No,Yes,No,Yes,Yes,No,One year,Yes,Bank transfer (automatic),65.39,2840.08,No
CUST-01807,Male,1,Yes,Yes,18,Yes,No,No,No internet service,No internet service,No internet service,No internet service,No internet service,No internet service,One year,Yes,Electronic check,32.77,564.66,No
CUST-01808,Male,0,No,Yes,27,Yes,No,Fiber optic,No,Yes,No,No,No,No,One year,Yes,Credit card (automatic),83.5,2206.95,No
CUST-01809,Male,0,No,No,0,Yes,Yes,DSL,Yes,Yes,No,Yes,No,No,Month-to-month,Yes,Mailed check,64.63,0.0,Yes
CUST-01810,Female,0,Yes,No,42,Yes,No,No,No internet service,No internet service,No internet service,No internet service,No internet service,No internet service,One year,No,Mailed check,26.48,1100.45,No
CUST-01811,Male,0,No,Yes,7,Yes,Yes,DSL,No,Yes,Yes,Yes,No,Yes,Month-to-month,Yes,Electronic check,68.63,472.19,No
CUST-01812,Female,0,No,No,14,Yes,Yes,DSL,Yes,No,No,Yes,No,No,Month-to-month,Yes,Mailed check,54.42,796.59,Yes
CUST-01813,Female,0,Yes,No,9,Yes,Yes,Fiber optic,Yes,No,No,No,Yes,Yes,Month-to-month,Yes,Credit card (automatic),92.57,831.44,No
CUST-01814,Male,0,No,No,5,Yes,No,DSL,Yes,Yes,No,No,No,Yes,Month-to-month,Yes,Credit card (automatic),52.75,255.02,No
CUST-01815,Female,0,No,No,5,Yes,Yes,No,No internet service,No internet service,No internet service,No internet service,No internet service,No internet service,Month-to-month,No,Mailed check,37.51,223.4,No
CUST-01816,Male,0,Yes,Yes,0,Yes,No,No,No internet service,No internet service,No internet service,No internet service,No internet service,No internet service,One year,No,Credit card (automatic),21.68,0.0,No
CUST-01817,Male,0,No,No,20,Yes,No,Fiber optic,Yes,No,Yes,No,Yes,No,One year,Yes,Mailed check,82.68,1606.75,No
CUST-01818,Male,1,No,Yes,6,Yes,Yes,Fiber optic,No,No,Yes,Yes,No,Yes,Month-to-month,No,Mailed check,101.3,607.08,Yes
CUST-01819,Male,0,Yes,No,13,Yes,No,DSL,No,Yes,No,No,Yes,No,Month-to-month,No,Mailed check,56.82,662.28,No
CUST-01820,Male,0,No,No,0,Yes,Yes,DSL,No,No,Yes,No,Yes,Yes,Month-to-month,Yes,Bank transfer (automatic),70.64,0.0,No
CUST-01821,Male,0,Yes,Yes,52,Yes,Yes,DSL,Yes,No,No,No,Yes,No,Two year,Yes,Credit card (automatic),60.37,3205.59,No
CUST-01822,Female,0,Yes,No,2,Yes,No,No,No internet service,No internet service,No internet service,No internet service,No internet service,No internet service,Month-to-month,Yes,Electronic check,18.26,0.0,No
CUST-01823,Male,1,Yes,No,6,Yes,No,DSL,No,No,Yes,No,Yes,Yes,Month-to-month,Yes,Electronic check,64.12,363.44,Yes
CUST-01824,Female,0,Yes,No,12,Yes,Yes,DSL,No,No,No,No,No,No,Month-to-month,No,Electronic check,41.01,523.43,No
CUST-01825,Female,0,Yes,No,19,Yes,No,Fiber optic,No,Yes,Yes,No,Yes,No,One year,Yes,Credit card (automatic),92.25,1791.13,No
CUST-01826,Female,0,Yes,Yes,17,Yes,Yes,Fiber optic,No,Yes,Yes,No,No,No,Month-to-month,Yes,Electronic check,92.25,1584.26,No
CUST-01827,Male,0,No,No,22,Yes,No,No,No internet service,No internet service,No internet service,No internet service,No internet service,No internet service,Month-to-month,Yes,Credit card (automatic),31.49,671.74,No
CUST-01828,Female,1,Yes,Yes,13,Yes,Yes,No,No internet service,No internet service,No internet service,No internet service,No internet service,No internet service,Month-to-month,Yes,Credit card (automatic),26.6,310.88,No
CUST-01829,Female,0,Yes,Yes,20,Yes,Yes,Fiber optic,Yes,Yes,Yes,Yes,No,Yes,One year,Yes,Credit card (automatic),95.68,1901.46,No
CUST-01830,Female,0,No,No,25,Yes,No,No,No internet service,No internet service,No internet service,No internet service,No internet service,No internet service,Month-to-month,No,Mailed check,19.91,508.6,Yes
CUST-01831,Male,0,Yes,No,43,Yes,No,No,No internet service,No internet service,No internet service,No internet service,No internet service,No internet service,Two year,Yes,Bank transfer (automatic),31.16,1284.75,No
CUST-01832,Female,0,No,No,45,Yes,Yes,No,No internet service,No internet service,No internet service,No internet service,No internet service,No internet service,Two year,Yes,Electronic check,31.64,1446.73,No
CUST-01833,Female,0,No,No,5,Yes,No,No,No internet service,No internet service,No internet service,No internet service,No internet service,No internet service,Month-to-month,No,Mailed check,24.19,121.12,No
CUST-01834,Male,0,Yes,No,60,Yes,Yes,Fiber optic,No,No,No,No,No,Yes,Two year,Yes,Mailed check,79.89,4766.68,No
CUST-01835,Male,0,Yes,No,68,Yes,Yes,DSL,No,Yes,No,No,No,No,Two year,Yes,Electronic check,51.39,3518.03,No
CUST-01836,Male,0,No,Yes,17,Yes,Yes,No,No internet service,No internet service,No internet service,No internet service,No internet service,No internet service,Month-to-month,No,Mailed check,37.22,685.89,No
CUST-01837,Female,0,Yes,No,45,Yes,No,DSL,No,Yes,No,No,Yes,Yes,One year,Yes,Mailed check,58.02,2616.76,No
CUST-01838,Male,0,No,No,1,Yes,Yes,No,No internet service,No internet service,No internet service,No internet service,No internet service,No internet service,Month-to-month,No,Bank transfer (automatic),35.17,38.9,No
CUST-01839,Male,0,No,No,0,Yes,Yes,Fiber optic,No,No,No,Yes,No,No,Month-to-month,No,Credit card (automatic),83.52,0.0,No
CUST-01840,Female,0,No,No,4,Yes,Yes,Fiber optic,No,No,No,No,No,Yes,Month-to-month,Yes,Mailed check,75.93,236.68,No
CUST-01841,Male,0,Yes,No,49,Yes,No,No,No internet service,No internet service,No internet service,No internet service,No internet service,No internet service,Two year,Yes,Electronic check,23.78,1129.25,No
CUST-01842,Male,0,No,No,56,Yes,Yes,Fiber optic,Yes,Yes,No,No,No,No,Two year,No,Electronic check,85.81,4803.42,No
CUST-01843,Female,1,Yes,No,3,Yes,Yes,DSL,No,No,No,No,No,No,Month-to-month,No,Credit card (automatic),54.23,106.18,Yes
CUST-01844,Female,0,No,No,30,Yes,No,Fiber optic,No,Yes,Yes,No,No,Yes,One year,No,Electronic check,93.73,2785.22,No
CUST-01845,Female,0,No,No,36,Yes,No,DSL,Yes,No,Yes,No,No,No,One year,Yes,Electronic check,57.04,2007.48,Yes
CUST-01846,Female,0,Yes,No,52,Yes,Yes,No,No internet service,No internet service,No internet service,No internet service,No internet service,No internet service,Two year,No,Bank transfer (automatic),28.47,1483.2,No
CUST-01847,Male,0,Yes,No,1,Yes,No,No,No internet service,No internet service,No internet service,No internet service,No internet service,No internet service,Month-to-month,Yes,Credit card (automatic),26.13,51.27,No
CUST-01848,Female,0,Yes,Yes,7,Yes,No,Fiber optic,No,No,No,No,No,Yes,Month-to-month,Yes,Bank transfer (automatic),82.52,604.13,Yes
CUST-01849,Female,0,No,No,31,Yes,No,Fiber optic,No,Yes,Yes,Yes,No,No,Month-to-month,No,Electronic check,86.03,2724.16,No
CUST-01850,Male,0,Yes,No,19,No,No phone service,DSL,No,Yes,Yes,No,Yes,Yes,Month-to-month,No,Credit card (automatic),62.85,1144.24,No
CUST-01851,Male,1,No,Yes,2,Yes,No,Fiber optic,No,No,Yes,No,No,No,Month-to-month,Yes,Mailed check,95.23,226.08,Yes
CUST-01852,Male,0,No,Yes,15,Yes,Yes,Fiber optic,No,Yes,No,No,No,Yes,Month-to-month,No,Bank transfer (automatic),86.15,1302.19,Yes
CUST-01853,Male,0,Yes,No,5,Yes,No,DSL,No,No,Yes,No,No,No,Month-to-month,No,Bank transfer (automatic),60.43,317.16,Yes
CUST-01854,Male,0,No,Yes,59,No,No phone service,No,No internet service,No internet service,No internet service,No internet service,No internet service,No internet service,Two year,No,Bank transfer (automatic),31.89,1941.21,No
CUST-01855,Male,1,Yes,No,13,Yes,No,Fiber optic,No,Yes,Yes,Yes,No,Yes,Month-to-month,No,Credit card (automatic),88.89,1085.24,Yes
CUST-01856,Female,1,Yes,Yes,7,Yes,No,No,No internet service,No internet service,No internet service,No internet service,No internet service,No internet service,Month-to-month,No,Electronic check,24.13,162.43,No
CUST-01857,Male,0,No,Yes,48,Yes,Yes,Fiber optic,No,No,No,Yes,Yes,No,One year,No,Electronic check,78.03,3726.29,No
CUST-01858,Female,0,Yes,Yes,5,Yes,Yes,No,No internet service,No internet service,No internet service,No internet service,No internet service,No internet service,Month-to-month,No,Electronic check,23.07,76.67,No
CUST-01859,Female,0,No,No,30,Yes,No,Fiber optic,No,No,No,Yes,Yes,No,One year,Yes,Mailed check,90.78,2715.24,Yes
CUST-01860,Female,0,No,No,51,Yes,Yes,Fiber optic,Yes,No,No,No,Yes,Yes,Two year,Yes,Bank transfer (automatic),78.71,4029.77,No
CUST-01861,Female,0,Yes,No,1,Yes,No,DSL,No,No,Yes,Yes,No,Yes,Month-to-month,No,Credit card (automatic),64.84,63.72,No
CUST-01862,Male,0,No,No,25,Yes,No,Fiber optic,No,Yes,Yes,No,No,No,Month-to-month,Yes,Electronic check,81.53,1969.4,Yes
CUST-01863,Female,0,Yes,No,19,Yes,No,Fiber optic,No,Yes,No,Yes,No,No,Month-to-month,No,Mailed check,90.17,1703.21,Yes
CUST-01864,Male,1,No,Yes,4,Yes,No,Fiber optic,No,Yes,Yes,Yes,Yes,No,Month-to-month,Yes,Credit card (automatic),91.4,318.76,Yes
CUST-01865,Female,1,No,Yes,7,Yes,Yes,No,No internet service,No internet service,No internet service,No internet service,No internet service,No internet service,One year,No,Credit card (automatic),33.76,200.5,No
CUST-01866,Male,1,No,No,2,Yes,Yes,Fiber optic,No,No,No,No,No,Yes,Month-to-month,No,Bank transfer (automatic),91.27,145.15,No
CUST-01867,Male,0,No,Yes,44,Yes,No,Fiber optic,Yes,Yes,No,No,Yes,No,Month-to-month,Yes,Electronic check,84.6,3791.69,No
CUST-01868,Female,0,Yes,No,30,Yes,No,No,No internet service,No internet service,No internet service,No internet service,No internet service,No internet service,Month-to-month,No,Bank transfer (automatic),25.53,746.98,No
CUST-01869,Male,0,No,No,4,Yes,No,Fiber optic,No,No,No,Yes,No,No,Month-to-month,Yes,Electronic check,80.79,303.35,Yes
CUST-01870,Female,0,Yes,No,1,Yes,Yes,Fiber optic,Yes,No,Yes,No,Yes,Yes,Month-to-month,Yes,Mailed check,90.79,89.8,Yes
CUST-01871,Male,0,No,No,3,Yes,No,No,No internet service,No internet service,No internet service,No internet service,No internet service,No internet service,Month-to-month,Yes,Electronic check,26.95,55.31,Yes
CUST-01872,Male,1,Yes,No,27,Yes,Yes,DSL,No,Yes,Yes,No,No,No,Month-to-month,Yes,Mailed check,65.86,1817.49,No
CUST-01873,Female,0,Yes,No,5,Yes,No,Fiber optic,No,No,No,No,No,Yes,One year,No,Mailed check,98.01,514.31,Yes
CUST-01874,Female,0,Yes,No,48,Yes,Yes,DSL,Yes,No,No,No,No,Yes,Two year,Yes,Electronic check,67.57,3258.34,No
CUST-01875,Male,0,Yes,No,37,Yes,Yes,Fiber optic,Yes,No,Yes,No,No,No,One year,Yes,Electronic check,78.33,2894.88,No
CUST-01876,Male,0,Yes,No,11,Yes,Yes,Fiber optic,No,Yes,Yes,No,Yes,Yes,Month-to-month,No,Mailed check,85.33,963.33,Yes
CUST-01877,Male,0,Yes,No,14,Yes,Yes,Fiber optic,No,No,No,No,No,No,Month-to-month,Yes,Electronic check,84.88,1181.92,Yes
CUST-01878,Female,0,No,No,25,Yes,No,DSL,No,No,No,No,No,Yes,One year,Yes,Electronic check,52.17,1336.9,No
CUST-01879,Female,0,No,No,35,Yes,No,Fiber optic,Yes,No,No,No,No,Yes,One year,No,Bank transfer (automatic),82.8,2907.79,No
CUST-01880,Male,0,Yes,No,57,Yes,No,DSL,Yes,Yes,No,No,No,Yes,Two year,Yes,Electronic check,55.59,3144.02,No
CUST-01881,Male,0,No,Yes,18,Yes,Yes,Fiber optic,No,No,No,Yes,No,Yes,Month-to-month,No,Electronic check,85.83,1542.16,No
CUST-01882,Male,0,Yes,No,5,Yes,No,Fiber optic,Yes,Yes,Yes,No,Yes,Yes,Month-to-month,No,Mailed check,86.4,462.5,No
CUST-01883,Male,0,No,No,14,Yes,Yes,Fiber optic,Yes,No,No,No,No,No,Month-to-month,Yes,Bank transfer (automatic),91.06,1279.61,No
CUST-01884,Female,0,Yes,No,47,Yes,No,Fiber optic,No,No,No,No,Yes,No,Two year,No,Bank transfer (automatic),89.07,4152.35,No
CUST-01885,Female,0,No,Yes,25,Yes,No,Fiber optic,No,Yes,Yes,No,Yes,Yes,One year,Yes,Credit card (automatic),82.19,2134.69,No
CUST-01886,Male,0,Yes,No,58,Yes,Yes,DSL,Yes,Yes,Yes,No,Yes,Yes,Two year,Yes,Bank transfer (automatic),71.14,4108.43,No
CUST-01887,Female,0,Yes,No,22,Yes,No,Fiber optic,No,No,No,No,No,No,One year,Yes,Mailed check,85.18,1875.75,No
CUST-01888,Male,0,No,No,71,Yes,No,Fiber optic,Yes,No,No,No,No,No,Two year,Yes,Mailed check,86.9,6167.96,No
CUST-01889,Male,0,No,No,3,Yes,No,DSL,Yes,No,No,No,No,No,Month-to-month,No,Credit card (automatic),58.29,257.37,No
CUST-01890,Male,1,No,No,54,Yes,No,No,No internet service,No internet service,No internet service,No internet service,No internet service,No internet service,Two year,Yes,Credit card (automatic),31.14,1676.57,No
CUST-01891,Male,0,Yes,No,47,Yes,No,No,No internet service,No internet service,No internet service,No internet service,No internet service,No internet service,Two year,Yes,Bank transfer (automatic),30.3,1458.09,No
CUST-01892,Male,0,No,Yes,45,Yes,Yes,DSL,Yes,Yes,No,No,Yes,Yes,Two year,Yes,Bank transfer (automatic),58.41,2663.28,No
CUST-01893,Female,1,No,No,55,No,No phone service,DSL,No,Yes,No,Yes,Yes,No,Two year,Yes,Mailed check,62.31,3380.24,Yes
CUST-01894,Female,0,Yes,No,2,Yes,No,Fiber optic,Yes,No,No,No,No,No,Month-to-month,No,Bank transfer (automatic),93.2,250.87,No
CUST-01895,Male,0,Yes,No,27,Yes,Yes,No,No internet service,No internet service,No internet service,No internet service,No internet service,No internet service,One year,Yes,Bank transfer (automatic),28.16,767.19,No
CUST-01896,Female,0,Yes,No,24,Yes,Yes,Fiber optic,Yes,No,Yes,Yes,No,Yes,One year,No,Credit card (automatic),93.61,2247.43,No
CUST-01897,Female,0,Yes,No,34,No,No phone service,Fiber optic,Yes,No,No,No,No,No,One year,No,Mailed check,94.36,3221.76,No
CUST-01898,Female,0,Yes,Yes,30,No,No phone service,DSL,No,No,No,Yes,No,No,One year,Yes,Bank transfer (automatic),62.14,1950.66,No
CUST-01899,Female,0,Yes,No,21,No,No phone service,DSL,No,Yes,No,No,No,No,One year,Yes,Electronic check,70.35,1477.83,No
CUST-01900,Male,0,No,No,23,Yes,No,DSL,No,No,Yes,No,No,Yes,Month-to-month,Yes,Credit card (automatic),58.66,1357.92,No
CUST-01901,Female,0,No,No,21,No,No phone service,Fiber optic,No,No,No,No,Yes,No,One year,Yes,Credit card (automatic),82.53,1765.89,Yes
CUST-01902,Female,0,No,No,42,Yes,No,Fiber optic,No,No,Yes,Yes,No,No,Two year,Yes,Bank transfer (automatic),85.8,3614.7,No
CUST-01903,Female,0,No,No,29,Yes,No,Fiber optic,Yes,No,No,No,No,Yes,One year,No,Mailed check,89.68,2647.0,No
CUST-01904,Male,0,Yes,No,0,Yes,Yes,DSL,No,Yes,No,No,Yes,Yes,Month-to-month,Yes,Credit card (automatic),68.22,0.0,No
CUST-01905,Male,0,No,No,43,Yes,Yes,DSL,Yes,No,No,Yes,No,Yes,Two year,Yes,Electronic check,65.4,2858.47,No
CUST-01906,Male,0,No,No,44,Yes,Yes,Fiber optic,No,Yes,Yes,No,Yes,No,One year,No,Bank transfer (automatic),94.17,4169.73,Yes
CUST-01907,Male,0,No,No,5,Yes,No,Fiber optic,No,Yes,No,Yes,No,Yes,Month-to-month,No,Mailed check,84.09,427.47,Yes
CUST-01908,Male,0,Yes,Yes,55,Yes,No,Fiber optic,No,No,No,No,No,No,One year,No,Electronic check,81.04,4500.6,No
CUST-01909,Male,0,No,No,38,Yes,No,Fiber optic,No,Yes,Yes,No,Yes,No,One year,No,Electronic check,95.41,3658.02,Yes
CUST-01910,Female,0,No,No,18,Yes,Yes,Fiber optic,Yes,No,No,No,No,No,One year,Yes,Bank transfer (automatic),83.67,1500.6,No
CUST-01911,Male,0,No,No,9,Yes,No,No,No internet service,No internet service,No internet service,No internet service,No internet service,No internet service,Month-to-month,No,Mailed check,20.16,154.07,No
CUST-01912,Female,0,No,Yes,8,Yes,Yes,Fiber optic,Yes,No,No,No,Yes,Yes,Month-to-month,Yes,Credit card (automatic),96.87,783.6,Yes
CUST-01913,Male,0,No,No,72,Yes,Yes,DSL,Yes,Yes,No,No,No,Yes,Two year,No,Bank transfer (automatic),57.2,4167.62,No
CUST-01914,Female,0,No,No,54,Yes,No,No,No internet service,No internet service,No internet service,No internet service,No internet service,No internet service,Two year,Yes,Electronic check,27.19,1427.81,No
CUST-01915,Male,0,No,Yes,12,Yes,No,Fiber optic,No,No,No,Yes,No,No,Month-to-month,Yes,Mailed check,84.8,1011.93,Yes
CUST-01916,Female,0,No,No,52,No,No phone service,Fiber optic,No,No,No,No,No,Yes,Two year,No,Electronic check,73.75,3832.98,No
CUST-01917,Male,0,No,No,4,Yes,No,Fiber optic,Yes,No,No,No,No,Yes,Month-to-month,Yes,Mailed check,80.89,365.14,Yes
CUST-01918,Male,1,Yes,Yes,21,Yes,No,No,No internet service,No internet service,No internet service,No internet service,No internet service,No internet service,Month-to-month,No,Mailed check,28.15,547.48,Yes
CUST-01919,Male,0,No,No,17,Yes,No,DSL,No,No,No,Yes,No,No,One year,No,Electronic check,63.09,1114.05,No
CUST-01920,Female,0,Yes,No,18,Yes,No,DSL,Yes,No,No,No,No,No,Month-to-month,Yes,Mailed check,58.93,1034.62,Yes
CUST-01921,Male,0,Yes,No,39,Yes,No,No,No internet service,No internet service,No internet service,No internet service,No internet service,No internet service,Month-to-month,Yes,Bank transfer (automatic),43.81,1710.64,No
CUST-01922,Female,0,Yes,No,37,Yes,No,Fiber optic,Yes,Yes,Yes,No,No,Yes,Two year,Yes,Electronic check,103.62,3868.47,No
CUST-01923,Female,0,No,No,7,No,No phone service,No,No internet service,No internet service,No internet service,No internet service,No internet service,No internet service,Month-to-month,No,Electronic check,26.57,247.45,No
CUST-01924,Male,0,Yes,No,7,Yes,No,Fiber optic,No,No,Yes,Yes,Yes,Yes,Month-to-month,No,Bank transfer (automatic),93.13,699.07,No
CUST-01925,Male,1,Yes,No,5,No,No phone service,No,No internet service,No internet service,No internet service,No internet service,No internet service,No internet service,Month-to-month,Yes,Bank transfer (automatic),25.45,105.72,Yes
CUST-01926,Male,0,Yes,Yes,23,Yes,No,DSL,Yes,No,No,No,Yes,No,One year,No,Bank transfer (automatic),55.39,1237.45,No
CUST-01927,Male,1,No,No,56,Yes,Yes,No,No internet service,No internet service,No internet service,No internet service,No internet service,No internet service,One year,Yes,Bank transfer (automatic),25.66,1513.14,No
CUST-01928,Male,0,No,No,1,Yes,No,Fiber optic,Yes,Yes,No,No,No,Yes,Month-to-month,Yes,Credit card (automatic),78.92,28.86,Yes
CUST-01929,Male,1,No,No,34,Yes,No,No,No internet service,No internet service,No internet service,No internet service,No internet service,No internet service,Month-to-month,No,Mailed check,24.56,904.39,No
CUST-01930,Female,0,Yes,No,3,Yes,Yes,DSL,No,Yes,Yes,No,No,No,Month-to-month,Yes,Bank transfer (automatic),68.86,246.03,No
CUST-01931,Male,0,Yes,No,45,Yes,No,Fiber optic,No,No,No,No,No,Yes,One year,Yes,Electronic check,88.02,3996.9,No
CUST-01932,Male,0,No,No,48,Yes,No,DSL,No,Yes,Yes,No,No,No,Two year,Yes,Electronic check,48.0,2334.63,No
CUST-01933,Female,0,Yes,No,10,Yes,Yes,No,No internet service,No internet service,No internet service,No internet service,No internet service,No internet service,Month-to-month,No,Electronic check,25.15,216.17,No
CUST-01934,Female,0,No,Yes,56,Yes,No,DSL,Yes,No,No,No,No,No,Two year,Yes,Bank transfer (automatic),62.06,3463.13,Yes
CUST-01935,Male,0,No,No,49,Yes,Yes,Fiber optic,No,Yes,No,No,Yes,Yes,Two year,No,Credit card (automatic),85.38,4259.56,Yes
CUST-01936,Male,0,No,No,0,Yes,No,DSL,Yes,No,Yes,No,Yes,No,Month-to-month,No,Electronic check,64.39,0.0,No
CUST-01937,Male,0,Yes,No,7,Yes,No,Fiber optic,No,Yes,No,No,No,No,Month-to-month,Yes,Mailed check,70.21,553.95,No
CUST-01938,Female,0,Yes,No,45,Yes,Yes,Fiber optic,Yes,No,No,Yes,No,Yes,One year,No,Bank transfer (automatic),79.35,3643.33,No
CUST-01939,Female,1,No,Yes,71,Yes,Yes,DSL,No,No,No,No,Yes,No,Two year,No,Credit card (automatic),56.64,3986.83,No
CUST-01940,Male,0,Yes,Yes,16,No,No phone service,Fiber optic,No,Yes,No,Yes,No,Yes,Month-to-month,No,Electronic check,89.96,1478.13,Yes
CUST-01941,Male,0,No,Yes,7,Yes,No,DSL,No,No,No,No,No,Yes,Month-to-month,No,Bank transfer (automatic),59.36,491.37,Yes
CUST-01942,Male,0,No,Yes,53,Yes,Yes,No,No internet service,No internet service,No internet service,No internet service,No internet service,No internet service,One year,Yes,Credit card (automatic),18.0,1032.99,No
CUST-01943,Female,0,Yes,No,71,Yes,No,No,No internet service,No internet service,No internet service,No internet service,No internet service,No internet service,Two year,Yes,Electronic check,27.51,1871.66,No
CUST-01944,Male,0,Yes,No,21,Yes,Yes,DSL,No,Yes,Yes,No,Yes,No,Month-to-month,Yes,Electronic check,68.04,1472.48,Yes
CUST-01945,Male,1,No,Yes,9,Yes,No,DSL,No,Yes,No,Yes,No,Yes,Month-to-month,Yes,Electronic check,57.72,532.81,No
CUST-01946,Male,0,Yes,No,1,Yes,No,Fiber optic,No,Yes,No,Yes,Yes,Yes,Month-to-month,Yes,Bank transfer (automatic),91.74,147.12,No
CUST-01947,Male,0,No,Yes,41,Yes,No,No,No internet service,No internet service,No internet service,No internet service,No internet service,No internet service,Two year,Yes,Electronic check,28.7,1198.1,No
CUST-01948,Female,0,No,Yes,11,Yes,No,No,No internet service,No internet service,No internet service,No internet service,No internet service,No internet service,One year,Yes,Electronic check,32.27,360.62,No
CUST-01949,Male,0,No,No,8,Yes,No,Fiber optic,No,Yes,No,No,No,No,Month-to-month,Yes,Electronic check,86.36,778.03,Yes
CUST-01950,Male,0,Yes,No,52,Yes,No,Fiber optic,No,Yes,No,No,Yes,No,Two year,Yes,Bank transfer (automatic),86.72,4520.67,Yes
CUST-01951,Female,0,Yes,No,1,Yes,Yes,DSL,Yes,Yes,Yes,Yes,Yes,No,Month-to-month,No,Bank transfer (automatic),65.32,146.37,No
CUST-01952,Female,0,No,Yes,45,Yes,Yes,DSL,No,Yes,Yes,No,No,No,Two year,No,Electronic check,59.73,2719.34,No
CUST-01953,Male,0,No,No,14,Yes,Yes,No,No internet service,No internet service,No internet service,No internet service,No internet service,No internet service,Month-to-month,No,Credit card (automatic),38.71,502.54,No
CUST-01954,Male,0,No,Yes,19,Yes,Yes,No,No internet service,No internet service,No internet service,No internet service,No internet service,No internet service,Month-to-month,Yes,Electronic check,20.89,418.31,Yes
CUST-01955,Female,1,No,No,8,Yes,No,Fiber optic,No,Yes,No,No,No,No,Month-to-month,Yes,Electronic check,81.05,715.43,Yes
CUST-01956,Male,0,No,No,14,No,No phone service,DSL,No,Yes,Yes,No,Yes,Yes,Month-to-month,No,Mailed check,66.27,892.86,Yes
CUST-01957,Female,0,Yes,No,46,Yes,No,Fiber optic,Yes,No,Yes,No,No,No,Two year,Yes,Credit card (automatic),78.92,3642.96,No
CUST-01958,Female,0,Yes,No,2,Yes,Yes,Fiber optic,Yes,No,No,No,No,No,Month-to-month,No,Credit card (automatic),75.83,50.88,Yes
CUST-01959,Female,0,No,No,12,No,No phone service,Fiber optic,Yes,No,No,Yes,No,Yes,Month-to-month,No,Bank transfer (automatic),103.95,1212.95,Yes
CUST-01960,Male,0,Yes,No,33,No,No phone service,Fiber optic,Yes,No,Yes,Yes,Yes,No,One year,Yes,Mailed check,92.82,3012.4,No
CUST-01961,Female,0,No,Yes,3,Yes,Yes,Fiber optic,Yes,Yes,No,No,No,No,Month-to-month,Yes,Mailed check,89.98,223.78,Yes
CUST-01962,Female,0,Yes,No,6,Yes,No,Fiber optic,No,Yes,Yes,No,No,No,Month-to-month,Yes,Bank transfer (automatic),86.22,569.27,No
CUST-01963,Male,0,Yes,No,23,Yes,Yes,Fiber optic,No,Yes,No,No,No,No,Month-to-month,Yes,Bank transfer (automatic),89.78,2048.47,No
CUST-01964,Female,0,Yes,Yes,72,Yes,Yes,Fiber optic,No,Yes,No,Yes,No,No,Two year,Yes,Mailed check,88.62,6362.68,No
CUST-01965,Female,0,No,Yes,38,Yes,Yes,Fiber optic,No,Yes,No,Yes,Yes,No,One year,No,Credit card (automatic),83.49,3143.31,Yes
CUST-01966,Female,0,No,No,58,No,No phone service,Fiber optic,Yes,Yes,No,No,No,Yes,Two year,Yes,Credit card (automatic),91.89,5357.36,No
CUST-01967,Male,0,Yes,Yes,13,Yes,Yes,No,No internet service,No internet service,No internet service,No internet service,No internet service,No internet service,One year,No,Credit card (automatic),24.04,381.14,No
CUST-01968,Male,0,Yes,No,12,Yes,No,DSL,No,No,No,No,No,Yes,Month-to-month,No,Mailed check,55.37,690.36,Yes
CUST-01969,Female,0,Yes,No,6,Yes,Yes,DSL,Yes,Yes,No,Yes,Yes,No,Month-to-month,No,Electronic check,61.2,400.21,Yes
CUST-01970,Male,0,Yes,No,42,Yes,Yes,DSL,Yes,Yes,Yes,Yes,Yes,No,One year,No,Electronic check,57.89,2475.95,No
CUST-01971,Female,0,No,No,30,Yes,No,Fiber optic,No,Yes,No,No,Yes,No,Month-to-month,Yes,Bank transfer (automatic),91.08,2741.17,Yes
CUST-01972,Female,0,Yes,No,54,Yes,No,DSL,No,No,Yes,No,No,No,Two year,No,Electronic check,48.83,2569.58,No
CUST-01973,Female,1,Yes,No,12,Yes,Yes,Fiber optic,Yes,Yes,Yes,No,No,No,Month-to-month,Yes,Bank transfer (automatic),92.7,1160.11,No
CUST-01974,Male,0,Yes,Yes,2,Yes,No,DSL,No,No,No,Yes,No,Yes,Month-to-month,Yes,Credit card (automatic),45.85,81.78,No
CUST-01975,Female,0,No,Yes,12,Yes,Yes,No,No internet service,No internet service,No internet service,No internet service,No internet service,No internet service,One year,No,Electronic check,34.0,336.03,No
CUST-01976,Male,0,No,No,3,Yes,Yes,Fiber optic,No,No,Yes,No,No,No,Month-to-month,No,Credit card (automatic),85.05,277.51,No
CUST-01977,Female,0,No,No,47,Yes,No,DSL,Yes,Yes,Yes,Yes,No,No,One year,Yes,Electronic check,63.51,3068.06,No
CUST-01978,Male,0,No,No,40,Yes,No,Fiber optic,No,Yes,Yes,Yes,Yes,No,One year,No,Mailed check,91.67,3718.87,Yes
CUST-01979,Male,0,No,Yes,23,Yes,No,DSL,Yes,No,No,No,No,No,One year,No,Electronic check,59.29,1303.86,No
CUST-01980,Female,1,Yes,No,60,Yes,Yes,No,No internet service,No internet service,No internet service,No internet service,No internet service,No internet service,Two year,No,Electronic check,34.21,2049.27,No
CUST-01981,Female,0,No,No,2,Yes,No,No,No internet service,No internet service,No internet service,No internet service,No internet service,No internet service,Month-to-month,Yes,Credit card (automatic),32.81,39.99,Yes
CUST-01982,Female,0,No,Yes,8,Yes,Yes,Fiber optic,Yes,No,Yes,No,No,Yes,Month-to-month,Yes,Electronic check,96.31,719.71,Yes
CUST-01983,Male,0,Yes,No,72,No,No phone service,Fiber optic,Yes,No,No,Yes,No,No,Two year,Yes,Credit card (automatic),98.47,7084.89,No
CUST-01984,Female,0,No,No,4,Yes,No,No,No internet service,No internet service,No internet service,No internet service,No internet service,No internet service,Month-to-month,Yes,Electronic check,29.21,110.45,No
CUST-01985,Female,1,No,No,4,Yes,No,DSL,No,No,No,Yes,No,Yes,Month-to-month,Yes,Electronic check,58.63,188.55,No
CUST-01986,Female,1,No,No,13,Yes,No,Fiber optic,Yes,Yes,No,No,No,Yes,Month-to-month,Yes,Bank transfer (automatic),92.93,1191.86,Yes
CUST-01987,Female,1,Yes,No,28,Yes,Yes,Fiber optic,Yes,Yes,Yes,No,Yes,No,One year,No,Electronic check,81.32,2266.45,No
CUST-01988,Male,0,Yes,No,0,Yes,No,Fiber optic,Yes,Yes,No,Yes,Yes,No,One year,Yes,Electronic check,84.37,0.0,Yes
CUST-01989,Male,0,No,Yes,33,Yes,No,DSL,No,No,Yes,Yes,No,Yes,Month-to-month,No,Electronic check,63.78,2032.44,No
CUST-01990,Female,0,Yes,No,11,No,No phone service,DSL,No,No,No,Yes,No,Yes,Month-to-month,No,Credit card (automatic),56.73,591.58,Yes
CUST-01991,Female,0,Yes,No,18,Yes,Yes,No,No internet service,No internet service,No internet service,No internet service,No internet service,No internet service,Month-to-month,Yes,Bank transfer (automatic),31.35,498.8,No
CUST-01992,Male,0,Yes,No,14,Yes,Yes,Fiber optic,No,No,Yes,Yes,Yes,Yes,Month-to-month,No,Mailed check,90.94,1286.01,No
CUST-01993,Male,0,No,Yes,3,Yes,No,No,No internet service,No internet service,No internet service,No internet service,No internet service,No internet service,Month-to-month,Yes,Mailed check,28.68,85.59,Yes
CUST-01994,Female,0,No,No,19,Yes,No,Fiber optic,Yes,No,Yes,No,No,No,One year,No,Electronic check,84.75,1660.59,No
CUST-01995,Female,1,No,No,51,Yes,No,DSL,No,Yes,Yes,No,Yes,Yes,Two year,No,Electronic check,70.51,3503.64,No
CUST-01996,Male,0,No,No,42,Yes,Yes,DSL,Yes,No,Yes,Yes,Yes,No,One year,Yes,Electronic check,61.55,2637.9,No
CUST-01997,Female,1,Yes,Yes,65,Yes,No,Fiber optic,No,No,No,No,No,No,Two year,No,Electronic check,76.94,4951.15,No
CUST-01998,Female,0,Yes,No,43,Yes,Yes,DSL,No,Yes,No,Yes,No,Yes,Two year,No,Electronic check,68.64,2948.27,No
CUST-01999,Male,0,Yes,Yes,34,Yes,No,DSL,No,Yes,Yes,No,No,No,One year,No,Mailed check,63.19,2134.91,Yes
CUST-02000,Male,0,Yes,No,10,Yes,Yes,Fiber optic,No,No,No,No,Yes,Yes,One year,No,Bank transfer (automatic),90.25,848.33,No
CUST-02001,Female,0,No,No,52,Yes,No,Fiber optic,No,No,Yes,No,No,No,Two year,Yes,Bank transfer (automatic),95.23,4962.42,No
CUST-02002,Male,0,Yes,Yes,43,Yes,No,Fiber optic,No,Yes,No,No,No,No,One year,No,Bank transfer (automatic),77.61,3339.43,No
CUST-02003,Male,0,Yes,No,15,No,No phone service,DSL,Yes,Yes,Yes,No,Yes,Yes,Month-to-month,Yes,Electronic check,73.01,1173.49,Yes
CUST-02004,Male,0,No,No,13,Yes,No,No,No internet service,No internet service,No internet service,No internet service,No internet service,No internet service,Month-to-month,No,Electronic check,29.19,384.65,No
CUST-02005,Female,1,No,No,41,Yes,Yes,No,No internet service,No internet service,No internet service,No internet service,No internet service,No internet service,One year,No,Bank transfer (automatic),21.45,866.42,No
CUST-02006,Male,0,Yes,No,54,Yes,Yes,Fiber optic,No,No,No,No,Yes,Yes,Two year,No,Electronic check,88.45,4745.75,No
CUST-02007,Male,0,No,No,26,Yes,Yes,DSL,Yes,Yes,No,No,Yes,No,One year,No,Electronic check,66.34,1697.6,No
CUST-02008,Male,0,No,No,3,No,No phone service,Fiber optic,No,No,Yes,No,No,Yes,Month-to-month,Yes,Bank transfer (automatic),80.64,153.79,No
CUST-02009,Female,0,No,Yes,9,Yes,Yes,Fiber optic,No,No,Yes,No,Yes,No,One year,Yes,Credit card (automatic),83.63,727.45,No
CUST-02010,Female,0,No,No,36,Yes,Yes,DSL,No,Yes,No,Yes,No,No,Two year,No,Electronic check,57.56,2091.31,No
CUST-02011,Male,0,Yes,No,43,Yes,No,Fiber optic,No,Yes,No,No,No,No,One year,Yes,Electronic check,78.7,3351.26,No
CUST-02012,Male,0,Yes,No,14,Yes,Yes,No,No internet service,No internet service,No internet service,No internet service,No internet service,No internet service,Month-to-month,Yes,Mailed check,32.97,500.98,No
CUST-02013,Male,0,Yes,No,6,Yes,Yes,Fiber optic,No,Yes,No,No,Yes,Yes,Month-to-month,Yes,Mailed check,99.02,593.06,No
CUST-02014,Female,0,No,No,12,Yes,Yes,DSL,Yes,Yes,No,Yes,No,Yes,Month-to-month,Yes,Credit card (automatic),61.92,772.24,Yes
CUST-02015,Female,0,No,Yes,33,Yes,Yes,DSL,No,No,No,No,No,Yes,Two year,No,Electronic check,56.48,1851.54,No
CUST-02016,Male,1,No,Yes,2,Yes,No,Fiber optic,No,No,No,No,Yes,Yes,Month-to-month,No,Credit card (automatic),91.62,152.23,Yes
CUST-02017,Male,0,No,Yes,55,No,No phone service,Fiber optic,No,No,No,No,Yes,Yes,Two year,Yes,Electronic check,93.61,5199.66,Yes
CUST-02018,Female,0,Yes,Yes,10,Yes,No,DSL,No,Yes,Yes,No,No,Yes,Month-to-month,No,Electronic check,53.29,531.09,No
CUST-02019,Female,0,Yes,No,29,Yes,Yes,DSL,No,Yes,No,No,No,No,Two year,No,Electronic check,58.67,1746.82,No
CUST-02020,Male,0,Yes,No,10,Yes,No,No,No internet service,No internet service,No internet service,No internet service,No internet service,No internet service,Month-to-month,No,Mailed check,23.85,221.36,No
CUST-02021,Male,0,Yes,Yes,29,Yes,Yes,No,No internet service,No internet service,No internet service,No internet service,No internet service,No internet service,One year,No,Bank transfer (automatic),27.91,662.52,No
CUST-02022,Female,0,No,No,14,Yes,Yes,No,No internet service,No internet service,No internet service,No internet service,No internet service,No internet service,One year,Yes,Bank transfer (automatic),27.01,447.22,No
CUST-02023,Female,0,No,Yes,31,Yes,No,DSL,Yes,No,Yes,No,No,Yes,One year,Yes,Electronic check,66.99,2040.39,Yes
CUST-02024,Female,0,Yes,No,28,Yes,No,No,No internet service,No internet service,No internet service,No internet service,No internet service,No internet service,One year,Yes,Credit card (automatic),29.81,779.68,No
CUST-02025,Male,0,No,No,2,Yes,No,DSL,Yes,No,No,Yes,Yes,No,Month-to-month,No,Electronic check,59.71,150.48,Yes
CUST-02026,Male,1,Yes,No,10,Yes,Yes,Fiber optic,No,Yes,No,Yes,Yes,No,Month-to-month,No,Bank transfer (automatic),90.9,835.33,No
CUST-02027,Female,0,No,Yes,8,Yes,Yes,Fiber optic,No,Yes,No,No,No,No,Month-to-month,Yes,Bank transfer (automatic),87.05,735.26,No
CUST-02028,Female,0,Yes,No,43,Yes,No,No,No internet service,No internet service,No internet service,No internet service,No internet service,No internet service,One year,Yes,Electronic check,22.19,956.7,No
CUST-02029,Female,1,No,No,11,Yes,No,DSL,Yes,No,No,No,Yes,Yes,One year,No,Bank transfer (automatic),70.39,784.73,No
CUST-02030,Male,0,Yes,No,1,Yes,No,No,No internet service,No internet service,No internet service,No internet service,No internet service,No internet service,Month-to-month,Yes,Electronic check,18.09,35.82,No
CUST-02031,Female,0,Yes,Yes,41,No,No phone service,No,No internet service,No internet service,No internet service,No internet service,No internet service,No internet service,One year,Yes,Electronic check,41.95,1675.6,No
CUST-02032,Male,1,No,No,0,Yes,No,No,No internet service,No internet service,No internet service,No internet service,No internet service,No internet service,Month-to-month,No,Bank transfer (automatic),39.78,0.0,Yes
CUST-02033,Male,0,Yes,No,3,Yes,Yes,Fiber optic,Yes,Yes,No,No,No,No,Month-to-month,No,Bank transfer (automatic),87.58,298.94,Yes
CUST-02034,Female,0,Yes,No,17,Yes,Yes,Fiber optic,No,No,Yes,Yes,Yes,No,Month-to-month,Yes,Bank transfer (automatic),92.52,1547.47,No
CUST-02035,Female,0,Yes,No,24,Yes,No,DSL,Yes,No,Yes,No,No,No,One year,No,Mailed check,57.75,1374.68,No
CUST-02036,Female,0,No,No,11,Yes,No,Fiber optic,No,No,No,No,No,Yes,Month-to-month,Yes,Electronic check,83.47,923.77,Yes
CUST-02037,Female,0,Yes,No,36,Yes,No,DSL,No,No,No,No,No,Yes,Two year,Yes,Mailed check,59.89,2183.83,No
CUST-02038,Male,0,No,Yes,36,Yes,Yes,Fiber optic,Yes,No,Yes,Yes,Yes,No,One year,Yes,Mailed check,91.02,3209.56,No
CUST-02039,Female,0,No,Yes,44,Yes,Yes,No,No internet service,No internet service,No internet service,No internet service,No internet service,No internet service,One year,Yes,Credit card (automatic),25.24,1129.48,No
CUST-02040,Male,0,No,No,15,Yes,No,No,No internet service,No internet service,No internet service,No internet service,No internet service,No internet service,Month-to-month,No,Mailed check,32.88,535.34,No
CUST-02041,Male,1,Yes,Yes,43,Yes,No,Fiber optic,Yes,Yes,No,Yes,Yes,Yes,One year,Yes,Electronic check,95.84,4139.32,No
CUST-02042,Female,0,No,No,46,Yes,No,Fiber optic,No,No,No,Yes,Yes,No,Two year,Yes,Credit card (automatic),87.33,4071.99,No
CUST-02043,Female,0,Yes,No,3,Yes,No,Fiber optic,Yes,No,Yes,No,Yes,Yes,Month-to-month,Yes,Credit card (automatic),90.81,260.42,No
CUST-02044,Female,0,No,No,19,Yes,No,No,No internet service,No internet service,No internet service,No internet service,No internet service,No internet service,Month-to-month,Yes,Bank transfer (automatic),28.24,475.13,Yes
CUST-02045,Male,0,Yes,Yes,8,Yes,No,DSL,No,Yes,Yes,No,No,Yes,Month-to-month,Yes,Bank transfer (automatic),62.61,522.53,Yes
CUST-02046,Female,0,No,No,10,Yes,Yes,DSL,No,Yes,No,No,Yes,No,Month-to-month,Yes,Credit card (automatic),53.04,531.12,No
CUST-02047,Male,1,No,No,2,Yes,Yes,DSL,Yes,Yes,Yes,No,No,No,Month-to-month,No,Electronic check,51.99,178.46,No
CUST-02048,Female,0,Yes,No,11,Yes,No,Fiber optic,Yes,No,No,No,Yes,No,One year,Yes,Bank transfer (automatic),84.46,939.9,No
CUST-02049,Female,0,Yes,No,1,Yes,No,Fiber optic,Yes,Yes,No,Yes,No,Yes,Month-to-month,Yes,Electronic check,96.3,131.37,Yes
CUST-02050,Female,0,Yes,Yes,63,Yes,Yes,No,No internet service,No internet service,No internet service,No internet service,No internet service,No internet service,Two year,Yes,Electronic check,32.56,2038.38,No
CUST-02051,Male,0,No,No,1,Yes,No,No,No internet service,No internet service,No internet service,No internet service,No internet service,No internet service,Month-to-month,Yes,Electronic check,28.56,30.37,No
CUST-02052,Male,0,Yes,Yes,41,Yes,Yes,No,No internet service,No internet service,No internet service,No internet service,No internet service,No internet service,One year,Yes,Electronic check,21.89,946.84,No
CUST-02053,Male,0,No,No,64,Yes,No,Fiber optic,No,Yes,No,No,Yes,No,Two year,No,Electronic check,77.04,4956.71,No
CUST-02054,Female,0,No,Yes,41,Yes,No,No,No internet service,No internet service,No internet service,No internet service,No internet service,No internet service,Month-to-month,No,Bank transfer (automatic),30.72,1372.91,No
CUST-02055,Female,0,No,Yes,8,Yes,No,Fiber optic,Yes,Yes,No,No,No,No,Month-to-month,Yes,Bank transfer (automatic),94.53,794.4,Yes
CUST-02056,Male,1,Yes,Yes,1,Yes,Yes,Fiber optic,Yes,No,Yes,No,No,No,Month-to-month,Yes,Credit card (automatic),90.47,93.77,Yes
CUST-02057,Female,0,Yes,Yes,2,Yes,No,Fiber optic,Yes,No,No,No,No,No,Month-to-month,Yes,Electronic check,94.35,199.98,Yes
CUST-02058,Female,0,Yes,No,41,Yes,Yes,Fiber optic,No,No,No,No,No,No,One year,No,Mailed check,86.34,3567.81,No
CUST-02059,Male,0,No,No,45,Yes,No,DSL,No,Yes,Yes,No,Yes,No,Two year,Yes,Electronic check,61.06,2803.54,No
CUST-02060,Male,0,Yes,Yes,16,Yes,Yes,Fiber optic,Yes,No,No,No,No,Yes,One year,Yes,Mailed check,79.92,1272.74,No
CUST-02061,Female,1,Yes,Yes,41,Yes,Yes,No,No internet service,No internet service,No internet service,No internet service,No internet service,No internet service,Two year,No,Credit card (automatic),27.11,1043.56,No
CUST-02062,Female,0,Yes,No,6,Yes,No,DSL,Yes,No,Yes,Yes,No,No,Month-to-month,No,Mailed check,48.99,327.67,Yes
CUST-02063,Male,0,No,Yes,8,Yes,Yes,DSL,Yes,Yes,No,Yes,No,Yes,Month-to-month,Yes,Mailed check,67.24,582.13,No
CUST-02064,Female,0,No,No,0,Yes,No,No,No internet service,No internet service,No internet service,No internet service,No internet service,No internet service,Month-to-month,Yes,Credit card (automatic),29.55,0.0,No
CUST-02065,Female,1,Yes,Yes,30,Yes,No,No,No internet service,No internet service,No internet service,No internet service,No internet service,No internet service,One year,No,Mailed check,36.02,1138.79,No
CUST-02066,Female,0,Yes,No,39,Yes,Yes,DSL,Yes,No,No,Yes,No,No,Month-to-month,Yes,Mailed check,58.73,2326.21,No
CUST-02067,Female,0,Yes,No,11,Yes,Yes,Fiber optic,Yes,No,Yes,No,Yes,No,Month-to-month,No,Electronic check,85.85,957.51,Yes
CUST-02068,Female,0,Yes,Yes,43,Yes,No,DSL,No,No,Yes,No,Yes,Yes,Two year,No,Bank transfer (automatic),62.8,2682.62,No
CUST-02069,Male,0,No,No,0,Yes,No,DSL,No,No,Yes,Yes,No,No,Month-to-month,Yes,Bank transfer (automatic),57.84,0.0,Yes
CUST-02070,Male,1,Yes,No,18,Yes,Yes,DSL,Yes,No,No,No,No,Yes,Month-to-month,No,Credit card (automatic),67.52,1240.73,No
CUST-02071,Male,0,No,No,3,Yes,Yes,DSL,No,Yes,No,No,No,Yes,Month-to-month,No,Bank transfer (automatic),68.0,219.3,Yes
CUST-02072,Female,0,No,No,4,Yes,Yes,Fiber optic,No,No,No,No,No,No,Month-to-month,Yes,Electronic check,78.37,302.7,No
CUST-02073,Male,0,No,No,28,Yes,Yes,DSL,Yes,Yes,No,No,Yes,No,Month-to-month,No,Credit card (automatic),71.21,1928.25,No
CUST-02074,Male,1,Yes,No,19,Yes,Yes,DSL,No,No,No,No,No,Yes,Month-to-month,Yes,Electronic check,67.83,1314.57,Yes
CUST-02075,Female,0,No,No,10,No,No phone service,DSL,No,No,No,Yes,No,Yes,Month-to-month,No,Electronic check,57.77,605.33,Yes
CUST-02076,Male,0,Yes,Yes,51,Yes,Yes,DSL,Yes,Yes,No,Yes,No,No,Two year,No,Bank transfer (automatic),63.76,3261.98,No
CUST-02077,Male,1,Yes,No,6,Yes,Yes,Fiber optic,No,No,No,Yes,No,Yes,Month-to-month,Yes,Mailed check,87.55,522.22,Yes
CUST-02078,Male,0,No,No,38,Yes,Yes,Fiber optic,No,No,No,Yes,Yes,Yes,One year,No,Bank transfer (automatic),87.75,3294.09,No
CUST-02079,Male,1,Yes,Yes,25,Yes,No,No,No internet service,No internet service,No internet service,No internet service,No internet service,No internet service,One year,Yes,Bank transfer (automatic),25.37,663.13,No
CUST-02080,Male,0,Yes,Yes,36,Yes,Yes,DSL,No,No,Yes,No,No,No,One year,Yes,Bank transfer (automatic),51.52,1929.43,No
CUST-02081,Female,0,Yes,Yes,48,Yes,Yes,DSL,Yes,Yes,No,Yes,No,No,Two year,Yes,Bank transfer (automatic),63.65,3021.18,No
CUST-02082,Male,0,Yes,No,42,Yes,No,Fiber optic,Yes,No,No,Yes,Yes,Yes,Month-to-month,No,Electronic check,86.6,3606.39,No
CUST-02083,Male,0,No,Yes,4,Yes,No,DSL,No,No,No,No,Yes,Yes,Month-to-month,No,Credit card (automatic),54.36,202.96,Yes
CUST-02084,Female,0,No,Yes,12,Yes,No,Fiber optic,No,No,Yes,Yes,No,No,Month-to-month,No,Electronic check,93.01,1168.02,Yes
CUST-02085,Male,0,No,Yes,65,Yes,No,Fiber optic,Yes,No,Yes,Yes,No,No,Month-to-month,No,Mailed check,95.23,6249.52,No
CUST-02086,Female,1,Yes,No,39,No,No phone service,Fiber optic,No,Yes,Yes,No,Yes,Yes,Two year,Yes,Credit card (automatic),95.8,3734.28,No
CUST-02087,Female,0,Yes,Yes,28,Yes,No,Fiber optic,Yes,No,No,No,Yes,No,One year,Yes,Electronic check,84.58,2368.45,Yes
CUST-02088,Female,0,Yes,Yes,61,Yes,No,Fiber optic,Yes,Yes,Yes,No,No,Yes,Month-to-month,No,Mailed check,100.25,6117.59,No
CUST-02089,Male,0,No,No,15,Yes,No,Fiber optic,No,Yes,No,No,No,No,Month-to-month,Yes,Electronic check,77.54,1106.32,Yes
CUST-02090,Male,0,No,No,53,Yes,No,DSL,No,No,No,No,No,No,Two year,Yes,Bank transfer (automatic),56.2,2915.64,No
CUST-02091,Female,0,No,Yes,35,Yes,No,DSL,No,No,Yes,No,Yes,Yes,Month-to-month,Yes,Mailed check,53.49,1888.62,No
CUST-02092,Male,0,No,No,0,Yes,Yes,Fiber optic,No,Yes,Yes,No,Yes,No,Month-to-month,No,Credit card (automatic),85.08,0.0,Yes
CUST-02093,Female,0,No,No,60,Yes,Yes,DSL,No,Yes,No,No,No,Yes,Two year,No,Mailed check,56.03,3464.92,No
CUST-02094,Male,0,Yes,Yes,42,No,No phone service,DSL,Yes,Yes,No,No,Yes,No,One year,Yes,Credit card (automatic),66.11,2767.53,No
CUST-02095,Male,0,No,No,4,Yes,No,Fiber optic,No,No,No,Yes,No,Yes,Month-to-month,No,Mailed check,83.05,300.35,No
CUST-02096,Female,0,No,No,3,Yes,No,Fiber optic,No,No,No,No,Yes,No,Month-to-month,No,Credit card (automatic),82.56,207.44,Yes
CUST-02097,Female,1,No,No,34,Yes,Yes,DSL,No,No,No,No,No,No,One year,No,Electronic check,55.11,1962.29,No
CUST-02098,Female,0,Yes,Yes,18,Yes,Yes,No,No internet service,No internet service,No internet service,No internet service,No internet service,No internet service,Month-to-month,No,Mailed check,26.99,440.65,No
CUST-02099,Female,0,No,No,43,Yes,Yes,DSL,Yes,Yes,No,No,No,No,Two year,No,Bank transfer (automatic),60.81,2615.36,No
CUST-02100,Male,0,Yes,No,51,Yes,No,No,No internet service,No internet service,No internet service,No internet service,No internet service,No internet service,One year,Yes,Credit card (automatic),26.5,1393.71,No
CUST-02101,Female,0,No,No,29,Yes,Yes,No,No internet service,No internet service,No internet service,No internet service,No internet service,No internet service,One year,Yes,Electronic check,31.63,917.48,No
CUST-02102,Female,0,No,No,52,Yes,Yes,DSL,No,No,No,No,Yes,No,One year,Yes,Bank transfer (automatic),67.25,3557.59,No
CUST-02103,Male,1,No,No,68,No,No phone service,DSL,Yes,No,Yes,No,Yes,No,Two year,Yes,Mailed check,73.1,4915.92,No
CUST-02104,Male,1,Yes,No,0,Yes,No,DSL,No,No,No,No,No,No,Month-to-month,Yes,Mailed check,69.76,0.0,No
CUST-02105,Female,0,Yes,Yes,16,Yes,No,No,No internet service,No internet service,No internet service,No internet service,No internet service,No internet service,Month-to-month,Yes,Electronic check,25.18,383.04,No
CUST-02106,Male,0,No,No,27,Yes,Yes,No,No internet service,No internet service,No internet service,No internet service,No internet service,No internet service,One year,Yes,Electronic check,31.36,841.45,No
CUST-02107,Female,0,No,No,22,Yes,No,Fiber optic,No,Yes,No,No,Yes,No,Month-to-month,Yes,Bank transfer (automatic),87.55,1968.09,No
CUST-02108,Male,0,No,No,38,Yes,No,No,No internet service,No internet service,No internet service,No internet service,No internet service,No internet service,One year,No,Electronic check,39.53,1416.55,No
CUST-02109,Male,0,Yes,Yes,28,No,No phone service,Fiber optic,No,No,No,No,No,Yes,Month-to-month,No,Electronic check,88.27,2464.46,No
CUST-02110,Male,0,No,Yes,21,Yes,Yes,Fiber optic,No,No,No,No,No,Yes,Month-to-month,No,Credit card (automatic),88.13,1866.95,Yes
CUST-02111,Male,0,No,Yes,8,Yes,No,No,No internet service,No internet service,No internet service,No internet service,No internet service,No internet service,Month-to-month,Yes,Electronic check,29.9,275.02,No
CUST-02112,Female,0,Yes,No,42,Yes,Yes,Fiber optic,No,No,Yes,No,Yes,No,One year,No,Electronic check,85.6,3572.13,Yes
CUST-02113,Female,0,Yes,No,27,Yes,No,Fiber optic,Yes,Yes,Yes,No,No,No,Month-to-month,Yes,Mailed check,103.1,2779.95,No
CUST-02114,Female,0,No,No,1,Yes,Yes,Fiber optic,No,No,No,No,No,No,Month-to-month,Yes,Electronic check,74.92,82.42,No
CUST-02115,Female,0,Yes,No,10,Yes,Yes,Fiber optic,Yes,No,No,No,Yes,No,Month-to-month,Yes,Mailed check,86.19,886.94,Yes
CUST-02116,Male,0,No,Yes,34,Yes,Yes,Fiber optic,No,No,No,No,No,No,Month-to-month,No,Bank transfer (automatic),87.46,3040.6,No
CUST-02117,Female,0,No,No,25,Yes,No,Fiber optic,No,No,No,No,No,No,One year,Yes,Electronic check,77.95,1947.25,Yes
CUST-02118,Female,0,Yes,No,68,No,No phone service,DSL,No,No,Yes,No,No,Yes,Two year,Yes,Electronic check,58.49,4001.9,Yes
CUST-02119,Female,0,Yes,Yes,21,Yes,Yes,DSL,Yes,Yes,No,No,Yes,Yes,One year,Yes,Electronic check,70.96,1410.98,No
CUST-02120,Female,0,No,No,44,Yes,Yes,Fiber optic,Yes,No,Yes,No,No,Yes,One year,Yes,Electronic check,88.32,3876.9,No
CUST-02121,Female,0,No,No,3,Yes,No,Fiber optic,Yes,Yes,Yes,No,Yes,Yes,Month-to-month,No,Mailed check,87.7,291.68,No
CUST-02122,Female,0,No,No,58,Yes,Yes,DSL,Yes,No,No,No,No,No,Two year,No,Electronic check,68.29,4006.33,No
CUST-02123,Female,0,No,No,40,Yes,Yes,DSL,No,Yes,Yes,Yes,No,No,Two year,Yes,Mailed check,62.57,2434.76,No
CUST-02124,Female,0,No,Yes,49,Yes,Yes,DSL,No,No,No,No,No,No,Two year,No,Electronic check,52.89,2589.02,No
CUST-02125,Female,0,No,Yes,15,Yes,Yes,No,No internet service,No internet service,No internet service,No internet service,No internet service,No internet service,Month-to-month,Yes,Credit card (automatic),35.48,512.67,No
CUST-02126,Male,0,No,Yes,34,Yes,Yes,Fiber optic,No,No,Yes,Yes,Yes,Yes,Month-to-month,Yes,Credit card (automatic),86.51,2990.0,Yes
CUST-02127,Male,0,No,No,20,Yes,No,DSL,No,No,No,No,Yes,Yes,Month-to-month,Yes,Credit card (automatic),51.72,972.54,No
CUST-02128,Female,0,Yes,No,32,No,No phone service,Fiber optic,Yes,No,No,No,No,Yes,Month-to-month,No,Bank transfer (automatic),85.9,2773.39,Yes
CUST-02129,Male,0,Yes,No,53,Yes,No,Fiber optic,No,No,No,Yes,Yes,No,Month-to-month,Yes,Credit card (automatic),88.24,4692.52,Yes
CUST-02130,Male,0,No,No,33,Yes,No,Fiber optic,Yes,Yes,Yes,No,No,Yes,Two year,Yes,Electronic check,82.73,2760.97,No
CUST-02131,Female,0,Yes,No,4,Yes,Yes,No,No internet service,No internet service,No internet service,No internet service,No internet service,No internet service,Month-to-month,Yes,Credit card (automatic),25.05,106.08,No
CUST-02132,Female,0,No,No,14,Yes,No,Fiber optic,No,Yes,Yes,No,No,No,Month-to-month,No,Mailed check,87.69,1250.28,Yes
CUST-02133,Female,0,No,No,46,Yes,No,DSL,Yes,Yes,No,No,Yes,No,Two year,Yes,Electronic check,59.85,2784.77,No
CUST-02134,Male,0,Yes,Yes,59,Yes,No,Fiber optic,No,Yes,No,No,No,No,Two year,Yes,Bank transfer (automatic),79.73,4679.34,No
CUST-02135,Male,0,Yes,No,12,Yes,No,DSL,No,No,No,Yes,No,No,Month-to-month,Yes,Bank transfer (automatic),51.95,617.67,No
CUST-02136,Female,0,No,No,5,Yes,No,No,No internet service,No internet service,No internet service,No internet service,No internet service,No internet service,Month-to-month,Yes,Bank transfer (automatic),27.04,170.39,No
CUST-02137,Female,0,Yes,No,47,Yes,Yes,No,No internet service,No internet service,No internet service,No internet service,No internet service,No internet service,Two year,Yes,Mailed check,30.46,1441.41,No
CUST-02138,Male,0,No,No,64,Yes,Yes,DSL,No,No,No,No,Yes,No,Two year,Yes,Mailed check,56.29,3522.06,No
CUST-02139,Female,0,No,No,16,Yes,No,Fiber optic,Yes,No,No,Yes,No,No,One year,Yes,Bank transfer (automatic),79.09,1204.69,No
CUST-02140,Male,0,No,No,25,Yes,No,No,No internet service,No internet service,No internet service,No internet service,No internet service,No internet service,Month-to-month,Yes,Mailed check,24.44,669.35,No
CUST-02141,Female,0,No,Yes,18,Yes,Yes,No,No internet service,No internet service,No internet service,No internet service,No internet service,No internet service,One year,Yes,Credit card (automatic),31.56,550.38,No
CUST-02142,Female,0,No,No,14,Yes,Yes,DSL,No,Yes,No,Yes,No,Yes,One year,Yes,Mailed check,62.63,789.21,No
CUST-02143,Female,0,Yes,Yes,17,Yes,Yes,DSL,Yes,No,Yes,Yes,Yes,Yes,Month-to-month,Yes,Electronic check,57.99,964.71,No
CUST-02144,Female,0,Yes,Yes,27,Yes,Yes,Fiber optic,No,No,No,No,No,Yes,Month-to-month,No,Electronic check,96.57,2640.17,No
CUST-02145,Male,0,Yes,Yes,48,Yes,Yes,Fiber optic,No,No,No,Yes,Yes,No,Two year,No,Electronic check,91.41,4365.87,No
CUST-02146,Male,0,No,No,31,Yes,Yes,DSL,Yes,No,Yes,Yes,No,No,One year,Yes,Bank transfer (automatic),67.13,2137.19,No
CUST-02147,Male,0,Yes,No,19,Yes,Yes,DSL,Yes,Yes,Yes,No,Yes,Yes,Month-to-month,No,Electronic check,64.57,1184.87,No
CUST-02148,Female,0,Yes,No,6,Yes,No,Fiber optic,No,Yes,Yes,No,No,Yes,One year,Yes,Mailed check,90.38,562.04,No
CUST-02149,Female,0,Yes,No,37,Yes,No,DSL,No,Yes,Yes,No,No,Yes,One year,Yes,Mailed check,59.62,2240.11,No
CUST-02150,Female,0,Yes,Yes,2,Yes,No,Fiber optic,Yes,No,No,Yes,Yes,Yes,Month-to-month,No,Electronic check,95.35,202.72,Yes
CUST-02151,Male,1,Yes,No,7,Yes,Yes,DSL,No,No,No,No,No,Yes,Month-to-month,No,Mailed check,63.57,472.07,No
CUST-02152,Male,0,No,Yes,12,Yes,Yes,Fiber optic,No,No,Yes,No,Yes,Yes,Month-to-month,Yes,Bank transfer (automatic),77.83,1005.25,No
CUST-02153,Female,0,Yes,No,59,No,No phone service,Fiber optic,Yes,Yes,Yes,Yes,Yes,No,Two year,Yes,Bank transfer (automatic),102.2,6053.38,No
CUST-02154,Female,0,No,No,44,Yes,No,Fiber optic,No,Yes,Yes,No,No,No,Month-to-month,Yes,Electronic check,91.46,3951.06,No
CUST-02155,Female,0,Yes,No,37,Yes,No,DSL,No,No,No,No,No,No,Two year,Yes,Mailed check,59.1,2185.14,No
CUST-02156,Male,0,Yes,No,72,No,No phone service,Fiber optic,No,No,Yes,No,Yes,Yes,Month-to-month,No,Electronic check,85.3,6162.22,No
CUST-02157,Male,1,Yes,No,50,Yes,Yes,DSL,Yes,No,Yes,No,No,No,Two year,No,Electronic check,64.95,3297.12,No
CUST-02158,Female,0,No,Yes,50,Yes,Yes,DSL,Yes,No,No,No,No,No,Two year,No,Bank transfer (automatic),46.74,2352.85,No
CUST-02159,Female,0,No,No,61,Yes,No,Fiber optic,No,Yes,No,No,No,No,Two year,No,Credit card (automatic),87.9,5373.63,No
CUST-02160,Male,0,Yes,Yes,50,Yes,No,Fiber optic,Yes,No,Yes,No,No,No,Two year,No,Electronic check,86.35,4346.41,No
CUST-02161,Female,0,No,No,5,Yes,Yes,DSL,No,Yes,No,No,Yes,No,Month-to-month,No,Electronic check,63.89,333.4,No
CUST-02162,Male,0,Yes,No,36,Yes,Yes,No,No internet service,No internet service,No internet service,No internet service,No internet service,No internet service,Month-to-month,No,Electronic check,20.16,689.85,No
CUST-02163,Male,0,No,No,0,Yes,No,Fiber optic,Yes,No,Yes,No,No,No,Month-to-month,Yes,Bank transfer (automatic),82.58,0.0,No
CUST-02164,Female,0,No,No,20,Yes,Yes,No,No internet service,No internet service,No internet service,No internet service,No internet service,No internet service,One year,No,Credit card (automatic),26.03,491.47,No
CUST-02165,Female,0,Yes,Yes,1,Yes,No,Fiber optic,No,No,No,No,No,Yes,Month-to-month,No,Bank transfer (automatic),85.16,20.91,Yes
CUST-02166,Female,0,Yes,No,4,Yes,Yes,Fiber optic,No,No,Yes,No,Yes,No,Month-to-month,Yes,Credit card (automatic),89.13,369.3,Yes
CUST-02167,Male,0,Yes,No,13,Yes,Yes,Fiber optic,Yes,No,No,Yes,No,No,Month-to-month,Yes,Mailed check,96.05,1220.05,Yes
CUST-02168,Female,1,No,No,43,Yes,Yes,Fiber optic,Yes,No,No,No,Yes,No,One year,No,Electronic check,87.99,3789.9,Yes
CUST-02169,Female,0,Yes,No,3,Yes,Yes,Fiber optic,Yes,No,Yes,No,Yes,No,Month-to-month,Yes,Bank transfer (automatic),85.92,201.04,No
CUST-02170,Female,0,No,Yes,3,Yes,No,Fiber optic,Yes,Yes,No,No,Yes,Yes,Month-to-month,Yes,Electronic check,100.03,305.37,Yes
CUST-02171,Male,0,Yes,Yes,53,Yes,Yes,DSL,No,No,No,Yes,No,No,One year,Yes,Bank transfer (automatic),53.96,2845.36,No
CUST-02172,Female,1,No,No,8,Yes,No,No,No internet service,No internet service,No internet service,No internet service,No internet service,No internet service,Month-to-month,Yes,Electronic check,35.05,274.64,No
CUST-02173,Female,0,Yes,No,54,Yes,No,Fiber optic,Yes,No,No,Yes,Yes,Yes,Two year,No,Mailed check,86.2,4660.31,No
CUST-02174,Female,0,No,Yes,6,Yes,Yes,Fiber optic,Yes,Yes,Yes,Yes,No,No,One year,No,Mailed check,87.5,516.18,Yes
CUST-02175,Male,0,Yes,No,9,Yes,No,Fiber optic,No,No,No,No,Yes,Yes,One year,Yes,Bank transfer (automatic),96.65,841.16,No
CUST-02176,Female,1,Yes,Yes,5,Yes,Yes,Fiber optic,Yes,No,No,No,Yes,Yes,Month-to-month,Yes,Credit card (automatic),97.69,438.74,Yes
CUST-02177,Male,0,Yes,No,22,No,No phone service,Fiber optic,Yes,No,Yes,Yes,Yes,No,Month-to-month,Yes,Electronic check,95.02,2108.68,Yes
CUST-02178,Male,0,No,No,27,Yes,Yes,Fiber optic,No,Yes,Yes,No,No,No,One year,Yes,Credit card (automatic),93.87,2506.38,No
CUST-02179,Female,0,Yes,No,0,Yes,No,DSL,No,No,No,No,Yes,No,Month-to-month,Yes,Bank transfer (automatic),59.06,0.0,Yes
CUST-02180,Male,0,No,Yes,35,No,No phone service,DSL,Yes,No,Yes,No,No,Yes,Two year,Yes,Credit card (automatic),60.49,2097.73,No
CUST-02181,Female,1,No,Yes,46,Yes,No,DSL,No,Yes,No,No,Yes,Yes,Two year,No,Electronic check,62.88,2865.0,No
CUST-02182,Male,0,Yes,No,11,Yes,Yes,Fiber optic,No,Yes,Yes,No,Yes,No,Month-to-month,Yes,Electronic check,92.1,990.71,Yes
CUST-02183,Female,0,Yes,No,25,Yes,Yes,Fiber optic,No,No,No,No,Yes,Yes,One year,No,Credit card (automatic),86.14,2191.33,No
CUST-02184,Female,0,Yes,Yes,28,Yes,Yes,DSL,Yes,No,No,Yes,No,No,Month-to-month,Yes,Mailed check,58.03,1587.27,No
CUST-02185,Female,0,Yes,No,22,Yes,Yes,DSL,No,Yes,No,No,Yes,Yes,Month-to-month,Yes,Electronic check,72.7,1668.86,No
CUST-02186,Male,0,Yes,Yes,2,Yes,Yes,Fiber optic,No,Yes,Yes,Yes,No,No,Month-to-month,Yes,Electronic check,93.42,186.33,Yes
CUST-02187,Male,0,No,No,34,Yes,Yes,DSL,No,No,No,No,Yes,Yes,One year,Yes,Credit card (automatic),54.68,1842.21,No
CUST-02188,Male,0,Yes,No,22,Yes,Yes,Fiber optic,No,Yes,No,No,No,Yes,Two year,No,Electronic check,96.33,2169.23,No
CUST-02189,Male,0,Yes,Yes,4,Yes,No,Fiber optic,No,No,No,Yes,Yes,Yes,Month-to-month,Yes,Bank transfer (automatic),85.12,334.16,No
CUST-02190,Female,1,No,No,18,No,No phone service,Fiber optic,No,Yes,Yes,No,No,No,One year,No,Bank transfer (automatic),89.3,1588.12,No
CUST-02191,Male,0,Yes,No,11,Yes,No,DSL,No,No,Yes,Yes,No,No,Month-to-month,No,Mailed check,60.17,653.88,No
CUST-02192,Male,0,No,No,34,Yes,No,Fiber optic,Yes,No,No,Yes,No,No,Month-to-month,No,Bank transfer (automatic),92.12,3280.53,Yes
CUST-02193,Male,0,No,No,33,No,No phone service,DSL,Yes,No,No,No,Yes,Yes,One year,No,Mailed check,67.55,2120.57,Yes
CUST-02194,Male,1,Yes,No,30,Yes,Yes,Fiber optic,No,No,Yes,Yes,Yes,Yes,One year,Yes,Credit card (automatic),88.26,2648.25,No
CUST-02195,Female,0,No,No,30,Yes,Yes,Fiber optic,Yes,No,No,Yes,No,Yes,One year,Yes,Bank transfer (automatic),93.28,2842.94,No
CUST-02196,Female,0,No,Yes,36,Yes,Yes,Fiber optic,No,No,Yes,No,Yes,Yes,Two year,No,Credit card (automatic),85.37,3090.54,No
CUST-02197,Male,0,No,No,4,Yes,Yes,Fiber optic,No,Yes,Yes,Yes,No,Yes,Month-to-month,No,Electronic check,93.77,392.09,No
CUST-02198,Female,1,No,Yes,43,Yes,No,No,No internet service,No internet service,No internet service,No internet service,No internet service,No internet service,Month-to-month,Yes,Mailed check,23.69,1052.13,No
CUST-02199,Female,1,No,Yes,0,Yes,No,DSL,No,No,Yes,Yes,No,No,Month-to-month,No,Mailed check,67.55,0.0,No
CUST-02200,Male,0,No,No,72,Yes,Yes,DSL,No,No,No,No,Yes,No,Two year,Yes,Mailed check,52.63,3780.05,No
CUST-02201,Male,0,No,Yes,20,Yes,Yes,Fiber optic,No,Yes,Yes,No,No,No,Month-to-month,Yes,Mailed check,90.58,1844.14,No
CUST-02202,Male,0,No,No,19,Yes,No,Fiber optic,No,Yes,Yes,No,No,No,Month-to-month,No,Credit card (automatic),86.49,1647.52,Yes
CUST-02203,Male,0,No,No,22,Yes,Yes,DSL,Yes,No,No,No,No,Yes,One year,Yes,Bank transfer (automatic),65.23,1447.29,No
CUST-02204,Male,0,No,Yes,19,Yes,No,No,No internet service,No internet service,No internet service,No internet service,No internet service,No internet service,Month-to-month,No,Bank transfer (automatic),28.7,507.5,No
CUST-02205,Male,0,Yes,No,35,Yes,No,DSL,Yes,Yes,No,No,No,No,One year,Yes,Mailed check,61.84,2137.22,No
CUST-02206,Female,0,No,No,23,Yes,No,No,No internet service,No internet service,No internet service,No internet service,No internet service,No internet service,Two year,Yes,Bank transfer (automatic),24.0,530.16,No
CUST-02207,Male,1,Yes,No,4,Yes,Yes,Fiber optic,No,No,No,No,Yes,No,Month-to-month,No,Credit card (automatic),88.38,320.16,Yes
CUST-02208,Female,0,Yes,No,5,Yes,Yes,Fiber optic,Yes,No,No,No,No,No,Month-to-month,Yes,Credit card (automatic),73.62,323.62,No
CUST-02209,Male,0,Yes,No,48,Yes,No,Fiber optic,Yes,Yes,Yes,Yes,No,Yes,Two year,No,Electronic check,99.32,4802.94,No
CUST-02210,Male,0,Yes,No,58,Yes,Yes,DSL,No,Yes,No,No,No,Yes,One year,Yes,Bank transfer (automatic),72.75,4190.86,No
CUST-02211,Female,0,No,No,15,Yes,No,Fiber optic,Yes,No,No,No,No,Yes,Month-to-month,No,Bank transfer (automatic),87.97,1274.94,No
CUST-02212,Female,0,Yes,Yes,49,No,No phone service,DSL,Yes,No,Yes,No,No,Yes,Two year,Yes,Electronic check,68.35,3356.72,No
CUST-02213,Female,1,No,No,51,Yes,Yes,DSL,No,No,No,No,Yes,No,Month-to-month,Yes,Bank transfer (automatic),55.77,2807.89,No
CUST-02214,Male,0,No,Yes,53,No,No phone service,Fiber optic,No,No,No,No,Yes,No,One year,Yes,Credit card (automatic),88.69,4724.45,No
CUST-02215,Male,0,Yes,Yes,59,Yes,No,DSL,No,No,Yes,No,Yes,No,One year,No,Electronic check,62.43,3695.96,No
CUST-02216,Male,0,Yes,Yes,24,Yes,Yes,Fiber optic,Yes,Yes,No,No,Yes,No,Month-to-month,Yes,Electronic check,93.14,2252.84,Yes
CUST-02217,Male,0,No,No,70,Yes,No,Fiber optic,Yes,Yes,Yes,No,Yes,No,Two year,Yes,Credit card (automatic),94.67,6590.84,No
CUST-02218,Female,1,No,No,0,Yes,Yes,No,No internet service,No internet service,No internet service,No internet service,No internet service,No internet service,Month-to-month,Yes,Bank transfer (automatic),31.18,0.0,No
CUST-02219,Male,0,Yes,No,66,No,No phone service,No,No internet service,No internet service,No internet service,No internet service,No internet service,No internet service,Two year,No,Credit card (automatic),26.68,1781.32,No
CUST-02220,Male,0,Yes,No,53,Yes,No,DSL,Yes,Yes,No,No,Yes,Yes,Two year,Yes,Credit card (automatic),62.05,3224.64,No
CUST-02221,Female,0,Yes,No,43,Yes,Yes,No,No internet service,No internet service,No internet service,No internet service,No internet service,No internet service,Two year,Yes,Electronic check,37.42,1622.46,No
CUST-02222,Male,0,Yes,No,6,Yes,Yes,DSL,Yes,No,No,Yes,No,Yes,Month-to-month,Yes,Electronic check,63.61,382.5,Yes
CUST-02223,Male,0,Yes,No,16,Yes,No,Fiber optic,Yes,Yes,Yes,No,Yes,Yes,Month-to-month,Yes,Electronic check,93.18,1542.03,Yes
CUST-02224,Male,1,No,No,4,Yes,No,No,No internet service,No internet service,No internet service,No internet service,No internet service,No internet service,Month-to-month,Yes,Electronic check,38.86,91.49,Yes
CUST-02225,Male,0,Yes,Yes,0,Yes,Yes,DSL,No,No,No,Yes,No,No,Month-to-month,No,Bank transfer (automatic),61.42,0.0,Yes
CUST-02226,Female,1,Yes,No,3,Yes,Yes,Fiber optic,No,No,No,No,No,No,Month-to-month,Yes,Bank transfer (automatic),89.12,272.47,Yes
CUST-02227,Female,0,No,No,44,Yes,No,DSL,Yes,Yes,No,Yes,Yes,No,One year,Yes,Bank transfer (automatic),66.77,2989.1,Yes
CUST-02228,Female,0,No,No,18,Yes,No,No,No internet service,No internet service,No internet service,No internet service,No internet service,No internet service,Month-to-month,No,Credit card (automatic),37.55,706.52,Yes
CUST-02229,Male,1,Yes,Yes,44,Yes,Yes,Fiber optic,No,No,No,Yes,Yes,Yes,Two year,Yes,Electronic check,90.08,3937.92,No
CUST-02230,Female,0,No,No,7,No,No phone service,DSL,No,Yes,No,Yes,No,No,Month-to-month,Yes,Mailed check,56.54,403.16,Yes
CUST-02231,Female,0,No,No,1,No,No phone service,DSL,No,No,No,Yes,Yes,No,Month-to-month,Yes,Mailed check,54.76,90.24,No
CUST-02232,Male,1,Yes,Yes,33,No,No phone service,Fiber optic,No,Yes,No,No,No,No,One year,No,Electronic check,88.78,2962.79,Yes
CUST-02233,Female,0,Yes,No,13,Yes,No,Fiber optic,No,No,No,Yes,No,No,Month-to-month,Yes,Credit card (automatic),87.77,1189.39,No
CUST-02234,Male,1,No,No,19,Yes,No,Fiber optic,No,Yes,No,Yes,No,No,One year,Yes,Credit card (automatic),84.94,1569.82,Yes
CUST-02235,Female,0,No,No,9,Yes,No,Fiber optic,No,Yes,No,No,Yes,Yes,One year,Yes,Credit card (automatic),93.84,920.16,Yes
CUST-02236,Female,1,No,No,30,Yes,Yes,Fiber optic,Yes,No,Yes,No,Yes,No,One year,Yes,Electronic check,94.56,2800.48,Yes
CUST-02237,Male,0,Yes,No,17,Yes,Yes,Fiber optic,Yes,No,Yes,Yes,No,Yes,One year,Yes,Electronic check,100.12,1711.26,Yes
CUST-02238,Male,0,No,No,59,No,No phone service,DSL,Yes,Yes,Yes,No,Yes,Yes,Two year,No,Electronic check,77.96,4577.24,No
CUST-02239,Male,1,Yes,No,51,Yes,No,DSL,Yes,No,No,No,Yes,Yes,Two year,No,Credit card (automatic),61.83,3150.65,No
CUST-02240,Female,0,No,Yes,7,Yes,No,DSL,Yes,No,No,Yes,Yes,No,Month-to-month,Yes,Mailed check,59.42,402.93,No
CUST-02241,Male,0,No,No,3,Yes,No,Fiber optic,No,No,No,No,Yes,No,Month-to-month,Yes,Electronic check,77.76,301.99,Yes
CUST-02242,Female,0,Yes,No,69,Yes,No,Fiber optic,No,Yes,No,No,Yes,Yes,Two year,Yes,Electronic check,88.36,6047.07,No
CUST-02243,Male,0,Yes,Yes,5,No,No phone service,DSL,Yes,Yes,No,Yes,Yes,Yes,Month-to-month,Yes,Electronic check,55.71,206.29,No
CUST-02244,Male,1,No,Yes,35,Yes,Yes,No,No internet service,No internet service,No internet service,No internet service,No internet service,No internet service,Month-to-month,Yes,Bank transfer (automatic),24.67,822.29,No
CUST-02245,Female,0,No,Yes,10,Yes,No,Fiber optic,No,Yes,No,No,No,Yes,One year,Yes,Mailed check,91.97,878.34,No
CUST-02246,Female,0,Yes,No,8,Yes,Yes,DSL,Yes,No,No,No,Yes,Yes,Month-to-month,No,Credit card (automatic),66.85,555.63,No
CUST-02247,Female,0,No,No,14,Yes,No,Fiber optic,No,No,No,No,Yes,No,Month-to-month,Yes,Bank transfer (automatic),89.65,1247.42,No
CUST-02248,Male,1,Yes,No,42,Yes,Yes,No,No internet service,No internet service,No internet service,No internet service,No internet service,No internet service,One year,Yes,Mailed check,32.65,1385.19,No
CUST-02249,Male,1,Yes,Yes,4,Yes,No,No,No internet service,No internet service,No internet service,No internet service,No internet service,No internet service,Month-to-month,Yes,Bank transfer (automatic),33.99,147.13,No
CUST-02250,Male,1,Yes,No,26,Yes,Yes,Fiber optic,No,Yes,Yes,Yes,No,No,Month-to-month,No,Credit card (automatic),98.23,2520.74,No
CUST-02251,Female,0,No,Yes,47,Yes,Yes,Fiber optic,No,No,Yes,No,Yes,No,Two year,No,Bank transfer (automatic),84.57,3947.48,Yes
CUST-02252,Female,0,Yes,No,40,Yes,No,Fiber optic,No,No,No,No,No,No,Two year,No,Mailed check,85.52,3375.8,No
CUST-02253,Male,0,No,Yes,35,Yes,No,No,No internet service,No internet service,No internet service,No internet service,No internet service,No internet service,One year,Yes,Credit card (automatic),33.55,1202.47,No
CUST-02254,Female,0,Yes,No,22,No,No phone service,No,No internet service,No internet service,No internet service,No internet service,No internet service,No internet service,Month-to-month,Yes,Electronic check,30.03,607.97,No
CUST-02255,Male,0,No,No,32,Yes,Yes,DSL,No,Yes,No,No,No,Yes,Month-to-month,Yes,Electronic check,59.74,1828.1,No
CUST-02256,Female,0,No,No,48,Yes,No,Fiber optic,Yes,No,No,Yes,No,No,Two year,No,Bank transfer (automatic),93.56,4459.91,No
CUST-02257,Female,0,Yes,Yes,9,Yes,No,DSL,Yes,Yes,No,Yes,Yes,No,Month-to-month,Yes,Credit card (automatic),51.47,520.63,Yes
CUST-02258,Female,0,Yes,Yes,61,Yes,Yes,Fiber optic,Yes,Yes,No,Yes,No,Yes,Two year,No,Electronic check,75.73,4583.66,No
CUST-02259,Male,0,Yes,No,10,Yes,No,DSL,Yes,No,No,No,No,Yes,One year,Yes,Electronic check,58.09,571.89,No
CUST-02260,Female,0,Yes,No,15,Yes,Yes,Fiber optic,No,Yes,No,No,No,No,Month-to-month,Yes,Credit card (automatic),75.11,1080.52,No
CUST-02261,Male,0,No,No,14,No,No phone service,No,No internet service,No internet service,No internet service,No internet service,No internet service,No internet service,One year,No,Bank transfer (automatic),38.53,480.16,No
CUST-02262,Female,1,No,No,50,Yes,Yes,Fiber optic,No,No,No,No,Yes,Yes,Two year,No,Bank transfer (automatic),100.94,5010.69,Yes
CUST-02263,Male,0,Yes,No,55,Yes,No,DSL,Yes,No,No,No,No,No,Two year,Yes,Mailed check,58.71,3247.49,No
CUST-02264,Female,1,No,No,15,No,No phone service,DSL,No,Yes,No,Yes,No,Yes,One year,Yes,Credit card (automatic),54.52,745.34,No
CUST-02265,Male,0,Yes,No,1,Yes,No,No,No internet service,No internet service,No internet service,No internet service,No internet service,No internet service,Month-to-month,Yes,Bank transfer (automatic),21.13,83.19,No
CUST-02266,Male,0,Yes,No,50,Yes,Yes,Fiber optic,No,No,No,Yes,Yes,Yes,One year,No,Electronic check,84.37,4149.57,No
CUST-02267,Female,0,Yes,No,35,Yes,Yes,Fiber optic,No,No,Yes,No,No,No,One year,No,Electronic check,83.4,2885.02,No
CUST-02268,Female,0,Yes,No,45,Yes,Yes,Fiber optic,No,Yes,Yes,Yes,Yes,No,One year,Yes,Bank transfer (automatic),79.52,3531.55,Yes
CUST-02269,Male,0,No,No,4,No,No phone service,Fiber optic,Yes,Yes,No,No,No,No,Month-to-month,Yes,Mailed check,96.21,360.56,No
CUST-02270,Female,0,Yes,Yes,41,Yes,No,Fiber optic,No,Yes,No,No,Yes,No,Two year,No,Electronic check,85.35,3562.35,No
CUST-02271,Male,0,No,Yes,7,Yes,Yes,Fiber optic,No,Yes,Yes,No,Yes,No,Month-to-month,Yes,Electronic check,86.84,592.38,Yes
CUST-02272,Male,1,Yes,Yes,0,Yes,Yes,Fiber optic,No,No,No,No,Yes,Yes,Month-to-month,No,Credit card (automatic),92.36,0.0,Yes
CUST-02273,Male,0,No,No,6,No,No phone service,DSL,Yes,No,Yes,No,No,No,Month-to-month,Yes,Electronic check,58.9,376.86,No
CUST-02274,Male,0,Yes,No,0,Yes,No,Fiber optic,Yes,Yes,No,No,No,Yes,Month-to-month,Yes,Credit card (automatic),80.29,0.0,No
CUST-02275,Male,0,Yes,Yes,11,No,No phone service,Fiber optic,No,No,No,No,Yes,No,Month-to-month,No,Mailed check,92.55,1019.39,Yes
CUST-02276,Male,0,Yes,Yes,10,Yes,No,DSL,Yes,No,No,Yes,No,No,Month-to-month,Yes,Electronic check,55.57,612.0,Yes
CUST-02277,Male,0,Yes,No,4,No,No phone service,Fiber optic,No,No,Yes,No,No,No,Month-to-month,Yes,Electronic check,82.01,354.58,Yes
CUST-02278,Male,0,Yes,Yes,1,Yes,Yes,DSL,No,Yes,Yes,No,Yes,Yes,Month-to-month,Yes,Electronic check,71.73,83.63,No
CUST-02279,Male,0,Yes,Yes,14,Yes,Yes,No,No internet service,No internet service,No internet service,No internet service,No internet service,No internet service,Month-to-month,No,Credit card (automatic),19.33,280.9,No
CUST-02280,Female,0,No,Yes,3,Yes,No,Fiber optic,Yes,Yes,No,No,No,No,Month-to-month,Yes,Electronic check,84.18,228.59,Yes
CUST-02281,Female,1,Yes,No,3,Yes,No,Fiber optic,No,No,Yes,No,Yes,Yes,Month-to-month,No,Electronic check,99.72,245.14,Yes
CUST-02282,Male,1,No,No,27,Yes,Yes,Fiber optic,Yes,Yes,Yes,No,No,No,Month-to-month,No,Mailed check,92.94,2535.2,No
CUST-02283,Male,0,No,Yes,3,Yes,Yes,No,No internet service,No internet service,No internet service,No internet service,No internet service,No internet service,Month-to-month,No,Electronic check,21.6,60.94,No
CUST-02284,Female,1,No,Yes,38,Yes,No,No,No internet service,No internet service,No internet service,No internet service,No internet service,No internet service,One year,Yes,Mailed check,28.63,1114.33,Yes
CUST-02285,Female,0,No,Yes,15,Yes,Yes,DSL,No,Yes,No,No,Yes,Yes,Month-to-month,Yes,Electronic check,58.17,936.21,Yes
CUST-02286,Female,0,Yes,No,0,Yes,Yes,DSL,Yes,No,No,No,No,No,One year,No,Bank transfer (automatic),47.66,0.0,No
CUST-02287,Female,1,No,No,11,Yes,Yes,Fiber optic,Yes,Yes,No,No,Yes,Yes,Month-to-month,Yes,Electronic check,85.63,941.36,Yes
CUST-02288,Female,0,No,No,5,Yes,Yes,Fiber optic,No,Yes,No,No,No,No,Month-to-month,No,Bank transfer (automatic),83.17,423.7,No
CUST-02289,Female,0,No,No,1,Yes,No,Fiber optic,Yes,Yes,No,No,No,Yes,Month-to-month,Yes,Electronic check,77.28,35.58,Yes
CUST-02290,Male,0,Yes,No,26,Yes,No,Fiber optic,No,Yes,Yes,No,No,No,Month-to-month,Yes,Credit card (automatic),81.21,2083.46,No
CUST-02291,Male,0,No,Yes,12,Yes,No,Fiber optic,Yes,No,Yes,No,No,Yes,One year,Yes,Bank transfer (automatic),80.99,953.67,No
CUST-02292,Male,0,Yes,No,51,Yes,No,Fiber optic,Yes,No,No,No,Yes,No,One year,Yes,Electronic check,84.94,4346.62,No
CUST-02293,Male,0,No,No,22,Yes,Yes,Fiber optic,No,No,No,Yes,No,No,One year,Yes,Mailed check,87.22,1906.05,No
CUST-02294,Female,0,Yes,Yes,8,No,No phone service,DSL,No,No,Yes,No,Yes,No,Month-to-month,Yes,Credit card (automatic),56.42,458.32,No
CUST-02295,Female,0,Yes,No,26,Yes,Yes,No,No internet service,No internet service,No internet service,No internet service,No internet service,No internet service,Month-to-month,Yes,Mailed check,26.97,688.08,No
CUST-02296,Female,0,No,Yes,67,Yes,No,Fiber optic,Yes,No,No,Yes,No,Yes,Two year,No,Credit card (automatic),95.24,6350.21,No
CUST-02297,Male,0,No,No,5,Yes,Yes,DSL,No,Yes,No,Yes,Yes,No,Month-to-month,No,Electronic check,56.19,304.75,No
CUST-02298,Male,1,Yes,Yes,52,Yes,Yes,No,No internet service,No internet service,No internet service,No internet service,No internet service,No internet service,Month-to-month,No,Electronic check,30.77,1610.72,No
CUST-02299,Male,0,No,No,14,Yes,Yes,Fiber optic,No,No,No,No,Yes,Yes,Month-to-month,Yes,Credit card (automatic),93.81,1284.98,Yes
CUST-02300,Female,0,No,Yes,65,Yes,Yes,Fiber optic,No,Yes,No,Yes,Yes,No,Two year,Yes,Electronic check,99.1,6455.56,No
CUST-02301,Male,0,No,No,55,Yes,No,Fiber optic,Yes,No,No,No,No,No,Two year,Yes,Credit card (automatic),91.45,5009.8,No
CUST-02302,Male,0,No,No,6,Yes,No,DSL,No,No,Yes,No,No,Yes,Month-to-month,Yes,Credit card (automatic),54.96,364.56,Yes
CUST-02303,Female,0,Yes,No,9,Yes,No,Fiber optic,No,No,No,Yes,Yes,Yes,Month-to-month,Yes,Credit card (automatic),84.77,824.94,Yes
CUST-02304,Female,0,Yes,No,45,No,No phone service,DSL,No,No,No,No,Yes,No,One year,No,Electronic check,61.56,2749.6,No
CUST-02305,Female,0,No,Yes,5,No,No phone service,No,No internet service,No internet service,No internet service,No internet service,No internet service,No internet service,Month-to-month,No,Credit card (automatic),33.35,177.24,Yes
CUST-02306,Male,0,Yes,No,13,Yes,No,DSL,Yes,No,No,No,No,No,Month-to-month,No,Credit card (automatic),62.47,832.26,Yes
CUST-02307,Male,0,No,Yes,18,Yes,No,DSL,No,No,Yes,No,No,Yes,Month-to-month,Yes,Electronic check,47.65,851.88,No
CUST-02308,Male,0,No,No,0,No,No phone service,DSL,Yes,No,No,Yes,Yes,No,Month-to-month,Yes,Credit card (automatic),52.48,0.0,Yes
CUST-02309,Male,0,No,Yes,1,Yes,Yes,Fiber optic,No,Yes,Yes,No,Yes,No,Month-to-month,No,Credit card (automatic),96.34,99.85,No
CUST-02310,Female,0,Yes,No,48,Yes,No,DSL,No,No,No,No,No,No,One year,No,Electronic check,56.52,2738.54,No
CUST-02311,Male,0,No,No,32,Yes,Yes,Fiber optic,Yes,No,No,No,Yes,No,One year,Yes,Bank transfer (automatic),87.81,2749.43,Yes
CUST-02312,Male,0,No,No,22,Yes,Yes,Fiber optic,No,Yes,No,No,No,No,One year,Yes,Credit card (automatic),81.81,1788.41,No
CUST-02313,Female,0,Yes,No,9,Yes,No,DSL,Yes,No,Yes,Yes,No,No,Month-to-month,Yes,Electronic check,57.12,554.42,No
CUST-02314,Male,0,Yes,Yes,7,Yes,No,No,No internet service,No internet service,No internet service,No internet service,No internet service,No internet service,Month-to-month,No,Electronic check,27.05,226.81,No
CUST-02315,Male,0,Yes,No,34,Yes,Yes,No,No internet service,No internet service,No internet service,No internet service,No internet service,No internet service,Two year,No,Credit card (automatic),23.23,736.78,No
CUST-02316,Male,0,Yes,Yes,28,Yes,No,DSL,No,Yes,Yes,No,Yes,Yes,Month-to-month,No,Electronic check,63.38,1712.27,No
CUST-02317,Male,0,No,Yes,21,Yes,Yes,DSL,Yes,No,Yes,No,Yes,Yes,Month-to-month,Yes,Electronic check,78.48,1691.72,No
CUST-02318,Male,0,No,No,9,Yes,Yes,Fiber optic,No,No,No,No,No,No,Month-to-month,No,Credit card (automatic),83.32,674.2,Yes
CUST-02319,Female,0,Yes,No,50,Yes,No,DSL,No,Yes,No,No,No,Yes,Month-to-month,No,Electronic check,55.84,2761.42,No
CUST-02320,Female,0,No,No,0,Yes,No,Fiber optic,No,No,Yes,Yes,Yes,Yes,Month-to-month,Yes,Bank transfer (automatic),88.28,0.0,Yes
CUST-02321,Male,0,Yes,No,0,Yes,Yes,Fiber optic,No,No,No,No,No,No,Month-to-month,No,Bank transfer (automatic),81.17,0.0,Yes
CUST-02322,Male,1,Yes,Yes,14,Yes,No,Fiber optic,No,No,No,No,No,Yes,One year,No,Electronic check,76.36,1026.86,Yes
CUST-02323,Male,0,Yes,Yes,5,Yes,Yes,Fiber optic,Yes,No,No,No,No,No,Month-to-month,Yes,Mailed check,87.75,449.37,Yes
CUST-02324,Female,0,No,No,35,Yes,No,No,No internet service,No internet service,No internet service,No internet service,No internet service,No internet service,One year,No,Electronic check,38.3,1386.22,No
CUST-02325,Female,0,No,Yes,23,Yes,No,Fiber optic,No,No,Yes,No,Yes,Yes,One year,Yes,Credit card (automatic),92.33,2108.31,No
CUST-02326,Female,0,No,No,22,Yes,No,DSL,No,No,Yes,No,No,No,Month-to-month,Yes,Electronic check,53.65,1160.52,No
CUST-02327,Male,0,No,No,45,Yes,No,DSL,No,Yes,Yes,Yes,Yes,No,Two year,Yes,Credit card (automatic),61.33,2826.89,No
CUST-02328,Male,0,Yes,Yes,40,Yes,Yes,Fiber optic,Yes,No,Yes,Yes,No,No,Two year,Yes,Electronic check,88.34,3526.99,No
CUST-02329,Male,0,No,No,2,Yes,No,Fiber optic,Yes,No,No,No,Yes,No,Month-to-month,Yes,Mailed check,87.56,82.19,Yes
CUST-02330,Male,0,Yes,No,16,Yes,No,Fiber optic,Yes,No,No,No,No,No,One year,Yes,Credit card (automatic),84.03,1349.93,No
CUST-02331,Male,0,Yes,No,32,Yes,Yes,Fiber optic,Yes,No,Yes,Yes,Yes,No,One year,No,Credit card (automatic),93.83,3024.34,No
CUST-02332,Female,0,No,No,24,Yes,Yes,Fiber optic,Yes,No,No,No,No,No,One year,Yes,Credit card (automatic),82.98,2034.3,Yes
CUST-02333,Male,0,Yes,No,11,Yes,Yes,No,No internet service,No internet service,No internet service,No internet service,No internet service,No internet service,Month-to-month,Yes,Credit card (automatic),34.08,403.16,Yes
CUST-02334,Female,0,Yes,No,4,Yes,No,DSL,No,Yes,Yes,Yes,No,No,Month-to-month,No,Mailed check,50.34,217.55,No
CUST-02335,Female,0,Yes,No,0,Yes,Yes,DSL,Yes,No,No,No,No,No,Month-to-month,No,Bank transfer (automatic),50.0,0.0,No
CUST-02336,Female,0,Yes,No,48,No,No phone service,No,No internet service,No internet service,No internet service,No internet service,No internet service,No internet service,Month-to-month,No,Electronic check,34.15,1701.38,No
CUST-02337,Male,1,No,No,13,Yes,Yes,No,No internet service,No internet service,No internet service,No internet service,No internet service,No internet service,Month-to-month,Yes,Credit card (automatic),28.56,365.95,No
CUST-02338,Female,0,Yes,No,56,Yes,No,DSL,No,Yes,No,Yes,No,No,Two year,Yes,Electronic check,60.07,3396.74,No
CUST-02339,Male,0,No,No,26,Yes,Yes,Fiber optic,No,Yes,Yes,Yes,No,Yes,Month-to-month,Yes,Bank transfer (automatic),89.21,2354.16,No
CUST-02340,Male,0,No,No,15,Yes,No,Fiber optic,No,No,No,Yes,No,No,Month-to-month,Yes,Electronic check,75.81,1161.38,No
CUST-02341,Male,0,No,Yes,2,Yes,No,DSL,No,No,Yes,Yes,No,No,Month-to-month,No,Mailed check,61.74,108.29,Yes
CUST-02342,Male,0,Yes,No,13,Yes,No,DSL,No,No,No,No,No,Yes,Month-to-month,Yes,Bank transfer (automatic),58.1,812.11,Yes
CUST-02343,Female,0,No,No,31,Yes,Yes,DSL,No,No,No,Yes,No,Yes,One year,Yes,Electronic check,76.89,2387.67,No
CUST-02344,Female,0,Yes,No,54,Yes,No,Fiber optic,No,No,No,No,Yes,Yes,Two year,Yes,Mailed check,87.6,4741.91,No
CUST-02345,Female,0,Yes,No,33,Yes,Yes,DSL,No,No,Yes,Yes,Yes,No,Month-to-month,Yes,Electronic check,70.38,2355.02,Yes
CUST-02346,Male,1,No,No,12,Yes,No,DSL,No,No,Yes,No,Yes,Yes,Month-to-month,Yes,Credit card (automatic),65.03,777.02,Yes
CUST-02347,Male,1,Yes,No,22,Yes,Yes,DSL,No,Yes,No,No,No,No,Month-to-month,Yes,Bank transfer (automatic),68.47,1548.65,Yes
CUST-02348,Female,0,No,No,58,Yes,Yes,Fiber optic,No,No,Yes,Yes,No,Yes,Two year,No,Electronic check,85.25,4958.24,No
CUST-02349,Male,0,Yes,No,20,Yes,No,No,No internet service,No internet service,No internet service,No internet service,No internet service,No internet service,Month-to-month,Yes,Credit card (automatic),21.02,405.23,Yes
CUST-02350,Female,0,No,No,8,Yes,No,Fiber optic,No,No,No,No,No,No,Month-to-month,No,Mailed check,74.49,618.11,No
CUST-02351,Female,1,No,No,1,Yes,No,DSL,No,No,No,Yes,Yes,No,Month-to-month,Yes,Bank transfer (automatic),59.02,19.34,Yes
CUST-02352,Female,1,No,No,10,Yes,No,No,No internet service,No internet service,No internet service,No internet service,No internet service,No internet service,Month-to-month,No,Electronic check,28.22,289.03,No
CUST-02353,Female,0,Yes,No,29,Yes,Yes,No,No internet service,No internet service,No internet service,No internet service,No internet service,No internet service,Month-to-month,Yes,Bank transfer (automatic),21.35,610.48,Yes
CUST-02354,Male,0,Yes,No,71,Yes,No,DSL,Yes,No,No,No,No,No,Two year,No,Credit card (automatic),62.52,4468.15,No
CUST-02355,Male,0,No,Yes,23,Yes,Yes,No,No internet service,No internet service,No internet service,No internet service,No internet service,No internet service,Month-to-month,Yes,Electronic check,18.0,444.55,No
CUST-02356,Male,0,No,Yes,3,Yes,Yes,Fiber optic,No,No,No,No,Yes,No,Month-to-month,No,Electronic check,87.84,239.61,Yes
CUST-02357,Male,0,Yes,No,41,Yes,Yes,DSL,No,No,No,No,Yes,No,Month-to-month,Yes,Bank transfer (automatic),55.59,2247.05,Yes
CUST-02358,Male,0,Yes,No,18,No,No phone service,Fiber optic,No,Yes,Yes,No,Yes,No,Month-to-month,Yes,Bank transfer (automatic),99.01,1837.71,No
CUST-02359,Female,0,No,No,51,Yes,Yes,Fiber optic,No,No,Yes,Yes,Yes,No,Two year,No,Bank transfer (automatic),88.53,4581.0,No
CUST-02360,Male,0,No,Yes,25,Yes,Yes,No,No internet service,No internet service,No internet service,No internet service,No internet service,No internet service,One year,No,Mailed check,27.0,779.12,Yes
CUST-02361,Female,0,No,Yes,49,Yes,Yes,Fiber optic,Yes,No,Yes,No,Yes,No,Two year,Yes,Mailed check,95.9,4683.57,No
CUST-02362,Female,0,No,No,59,Yes,No,Fiber optic,No,No,No,No,Yes,No,Two year,No,Credit card (automatic),78.13,4586.57,No
CUST-02363,Female,0,Yes,No,15,Yes,Yes,Fiber optic,No,No,Yes,Yes,No,No,One year,No,Mailed check,86.6,1258.05,No
CUST-02364,Male,0,Yes,No,33,Yes,No,DSL,No,Yes,No,No,Yes,Yes,One year,Yes,Mailed check,67.68,2226.23,No
CUST-02365,Female,0,No,No,54,Yes,No,Fiber optic,Yes,Yes,No,No,No,No,Month-to-month,Yes,Electronic check,87.88,4684.84,No
CUST-02366,Male,0,No,No,17,Yes,No,Fiber optic,Yes,No,No,Yes,No,No,One year,No,Bank transfer (automatic),93.68,1574.99,No
CUST-02367,Male,0,Yes,No,53,Yes,Yes,DSL,No,No,No,Yes,Yes,Yes,One year,Yes,Mailed check,58.71,3116.03,No
CUST-02368,Male,0,No,Yes,40,Yes,Yes,Fiber optic,No,No,No,No,No,No,One year,Yes,Bank transfer (automatic),78.21,3061.81,No
CUST-02369,Male,0,Yes,No,14,Yes,No,No,No internet service,No internet service,No internet service,No internet service,No internet service,No internet service,Month-to-month,Yes,Electronic check,32.39,458.51,No
CUST-02370,Male,0,Yes,No,37,Yes,Yes,Fiber optic,No,Yes,Yes,No,Yes,No,One year,No,Electronic check,84.56,3171.77,Yes
CUST-02371,Male,0,No,No,26,Yes,Yes,Fiber optic,No,No,No,Yes,No,Yes,Month-to-month,No,Bank transfer (automatic),82.63,2162.82,No
CUST-02372,Female,0,Yes,No,20,Yes,Yes,DSL,Yes,No,Yes,No,No,No,One year,Yes,Electronic check,59.85,1229.0,No
CUST-02373,Male,0,Yes,No,19,Yes,No,Fiber optic,No,No,Yes,Yes,Yes,Yes,Month-to-month,Yes,Electronic check,94.77,1768.28,Yes
CUST-02374,Male,0,No,Yes,14,Yes,No,Fiber optic,No,No,No,No,Yes,No,Month-to-month,Yes,Credit card (automatic),90.08,1198.19,Yes
CUST-02375,Female,0,Yes,Yes,1,Yes,Yes,No,No internet service,No internet service,No internet service,No internet service,No internet service,No internet service,Month-to-month,Yes,Bank transfer (automatic),27.71,71.16,No
CUST-02376,Female,0,Yes,No,43,Yes,Yes,Fiber optic,No,Yes,No,No,No,No,One year,No,Mailed check,87.81,3788.01,No
CUST-02377,Female,0,No,No,38,Yes,No,DSL,No,Yes,No,Yes,No,No,One year,No,Bank transfer (automatic),69.09,2618.92,No
CUST-02378,Male,0,Yes,No,4,No,No phone service,No,No internet service,No internet service,No internet service,No internet service,No internet service,No internet service,Month-to-month,No,Credit card (automatic),33.71,133.38,No
CUST-02379,Female,0,No,Yes,3,Yes,No,Fiber optic,No,No,No,No,No,No,Month-to-month,Yes,Electronic check,80.69,199.62,Yes
CUST-02380,Female,0,Yes,No,9,Yes,No,DSL,No,No,No,Yes,No,No,Month-to-month,No,Electronic check,60.24,554.76,Yes
CUST-02381,Male,0,Yes,Yes,1,Yes,No,Fiber optic,No,No,No,Yes,No,Yes,Month-to-month,No,Bank transfer (automatic),98.01,109.37,Yes
CUST-02382,Male,0,No,No,10,No,No phone service,DSL,No,No,No,No,Yes,No,Month-to-month,Yes,Electronic check,61.67,627.3,No
CUST-02383,Female,0,Yes,Yes,37,Yes,Yes,Fiber optic,No,No,No,Yes,No,No,One year,Yes,Electronic check,83.43,3068.88,No
CUST-02384,Male,1,No,No,25,Yes,Yes,DSL,No,No,Yes,No,No,No,One year,Yes,Credit card (automatic),72.85,1837.67,No
CUST-02385,Male,0,No,No,4,Yes,Yes,Fiber optic,No,No,Yes,Yes,No,Yes,Month-to-month,No,Electronic check,97.7,403.42,Yes
CUST-02386,Female,0,No,Yes,28,Yes,No,DSL,No,No,Yes,Yes,Yes,Yes,Two year,No,Mailed check,72.35,2037.27,No
CUST-02387,Female,0,Yes,No,7,Yes,No,No,No internet service,No internet service,No internet service,No internet service,No internet service,No internet service,Month-to-month,Yes,Mailed check,25.84,178.95,No
CUST-02388,Female,0,Yes,No,23,Yes,No,DSL,Yes,No,No,Yes,Yes,No,One year,Yes,Bank transfer (automatic),57.7,1323.78,No
CUST-02389,Female,1,No,Yes,19,Yes,Yes,DSL,Yes,Yes,No,No,No,Yes,Month-to-month,No,Electronic check,72.92,1374.42,Yes
CUST-02390,Female,0,Yes,Yes,14,Yes,No,DSL,No,Yes,No,No,No,No,One year,Yes,Bank transfer (automatic),52.81,743.0,Yes
CUST-02391,Male,1,No,No,0,Yes,Yes,Fiber optic,No,No,Yes,Yes,No,No,Month-to-month,Yes,Bank transfer (automatic),80.71,0.0,Yes
CUST-02392,Male,0,No,No,7,Yes,Yes,Fiber optic,Yes,No,No,Yes,Yes,No,Month-to-month,No,Mailed check,93.33,654.5,No
CUST-02393,Female,0,Yes,No,10,Yes,No,Fiber optic,No,Yes,No,Yes,No,Yes,Month-to-month,Yes,Electronic check,99.25,983.97,Yes
CUST-02394,Male,1,Yes,No,48,No,No phone service,Fiber optic,No,No,Yes,No,No,No,One year,Yes,Bank transfer (automatic),79.12,3862.39,No
CUST-02395,Male,0,No,No,53,Yes,Yes,No,No internet service,No internet service,No internet service,No internet service,No internet service,No internet service,Two year,Yes,Credit card (automatic),37.78,1958.86,No
CUST-02396,Female,0,No,No,48,Yes,Yes,Fiber optic,No,Yes,No,No,Yes,Yes,One year,No,Credit card (automatic),85.02,4028.54,No
CUST-02397,Female,0,Yes,No,24,Yes,Yes,Fiber optic,No,Yes,No,No,No,No,One year,No,Electronic check,87.19,2065.54,No
CUST-02398,Male,1,No,No,7,Yes,Yes,Fiber optic,No,No,No,No,No,Yes,Month-to-month,No,Electronic check,94.58,672.5,Yes
CUST-02399,Male,0,No,Yes,48,Yes,No,No,No internet service,No internet service,No internet service,No internet service,No internet service,No internet service,One year,Yes,Bank transfer (automatic),27.76,1322.47,No
CUST-02400,Female,0,Yes,Yes,50,Yes,Yes,DSL,No,No,No,No,Yes,No,Two year,Yes,Electronic check,61.69,3015.01,No
CUST-02401,Male,0,Yes,No,20,Yes,Yes,DSL,Yes,Yes,No,No,Yes,Yes,Month-to-month,No,Credit card (automatic),63.16,1210.72,No
CUST-02402,Female,0,No,No,8,Yes,Yes,Fiber optic,Yes,No,Yes,Yes,No,No,Month-to-month,Yes,Credit card (automatic),95.59,809.28,No
CUST-02403,Female,0,No,No,1,Yes,Yes,Fiber optic,Yes,Yes,No,No,No,Yes,Month-to-month,Yes,Mailed check,98.43,177.07,Yes
CUST-02404,Female,0,No,Yes,3,Yes,No,DSL,Yes,Yes,Yes,No,No,No,Month-to-month,Yes,Credit card (automatic),61.17,205.31,Yes
CUST-02405,Male,0,Yes,No,38,Yes,No,No,No internet service,No internet service,No internet service,No internet service,No internet service,No internet service,Month-to-month,Yes,Electronic check,24.44,921.98,No
CUST-02406,Female,1,No,No,26,Yes,No,DSL,No,Yes,No,No,No,Yes,One year,No,Electronic check,60.21,1573.9,No
CUST-02407,Male,0,No,No,9,Yes,No,Fiber optic,No,Yes,Yes,Yes,No,Yes,One year,Yes,Mailed check,94.92,823.21,No
CUST-02408,Female,0,No,Yes,32,Yes,No,DSL,No,Yes,No,No,Yes,Yes,Month-to-month,Yes,Credit card (automatic),55.77,1836.41,Yes
CUST-02409,Male,0,Yes,No,49,Yes,Yes,No,No internet service,No internet service,No internet service,No internet service,No internet service,No internet service,Two year,Yes,Credit card (automatic),31.5,1606.28,No
CUST-02410,Male,0,Yes,No,54,Yes,No,Fiber optic,No,No,No,No,Yes,No,Two year,Yes,Credit card (automatic),85.48,4586.39,No
CUST-02411,Female,1,No,Yes,31,Yes,Yes,DSL,No,No,No,Yes,Yes,Yes,One year,Yes,Credit card (automatic),67.95,2125.75,No
CUST-02412,Male,0,Yes,No,70,Yes,Yes,DSL,No,No,No,Yes,No,No,Two year,Yes,Electronic check,57.61,4014.43,No
CUST-02413,Female,0,Yes,Yes,43,No,No phone service,DSL,No,No,No,No,Yes,Yes,Two year,Yes,Credit card (automatic),64.28,2786.64,No
CUST-02414,Female,0,No,No,10,Yes,No,Fiber optic,No,No,No,Yes,No,No,Month-to-month,Yes,Credit card (automatic),79.26,780.11,Yes
CUST-02415,Male,0,Yes,Yes,38,Yes,Yes,DSL,No,No,Yes,No,No,No,Two year,Yes,Bank transfer (automatic),41.81,1558.65,No
CUST-02416,Male,0,No,No,9,Yes,No,Fiber optic,No,No,No,No,No,No,Month-to-month,No,Credit card (automatic),86.09,784.14,Yes
CUST-02417,Female,0,No,Yes,6,Yes,No,Fiber optic,No,Yes,No,No,No,Yes,Month-to-month,No,Electronic check,79.21,419.94,Yes
CUST-02418,Male,0,No,No,7,Yes,No,Fiber optic,No,No,Yes,No,Yes,No,Month-to-month,Yes,Mailed check,88.32,617.08,Yes
CUST-02419,Male,1,Yes,Yes,13,Yes,No,DSL,No,Yes,No,No,No,Yes,One year,No,Electronic check,56.43,723.89,No
CUST-02420,Male,0,No,No,56,Yes,No,Fiber optic,Yes,Yes,No,No,Yes,No,Two year,No,Mailed check,94.95,5341.96,No
CUST-02421,Male,0,No,Yes,14,Yes,No,No,No internet service,No internet service,No internet service,No internet service,No internet service,No internet service,Month-to-month,No,Electronic check,23.72,340.38,No
CUST-02422,Female,0,No,No,8,Yes,No,Fiber optic,No,No,No,No,No,Yes,One year,No,Electronic check,80.15,642.3,Yes
CUST-02423,Male,0,Yes,No,13,Yes,Yes,Fiber optic,No,No,No,No,No,Yes,Month-to-month,Yes,Electronic check,89.37,1197.53,Yes
CUST-02424,Female,0,Yes,No,42,Yes,No,DSL,Yes,Yes,No,Yes,No,No,Two year,Yes,Electronic check,66.04,2805.17,No
CUST-02425,Male,0,No,Yes,4,Yes,Yes,DSL,No,Yes,Yes,No,No,Yes,Month-to-month,No,Electronic check,66.75,300.96,No
CUST-02426,Female,0,Yes,No,32,Yes,No,No,No internet service,No internet service,No internet service,No internet service,No internet service,No internet service,One year,Yes,Credit card (automatic),21.91,659.43,No
CUST-02427,Male,0,No,No,19,Yes,No,Fiber optic,No,No,Yes,No,Yes,No,One year,No,Credit card (automatic),80.63,1558.72,No
CUST-02428,Male,0,Yes,No,25,Yes,No,Fiber optic,No,Yes,No,Yes,No,No,Month-to-month,No,Bank transfer (automatic),90.89,2333.69,No
CUST-02429,Female,1,Yes,No,53,Yes,No,Fiber optic,No,No,Yes,Yes,No,Yes,Two year,Yes,Electronic check,90.73,4742.56,No
CUST-02430,Male,0,No,No,50,Yes,Yes,Fiber optic,No,No,Yes,Yes,Yes,No,Two year,Yes,Electronic check,82.25,4062.6,No
CUST-02431,Male,1,No,No,21,Yes,No,No,No internet service,No internet service,No internet service,No internet service,No internet service,No internet service,Month-to-month,Yes,Mailed check,31.85,741.97,No
CUST-02432,Female,0,No,No,19,Yes,Yes,DSL,No,No,No,No,No,No,One year,No,Credit card (automatic),69.74,1341.8,No
CUST-02433,Male,0,Yes,Yes,72,Yes,No,DSL,No,Yes,No,No,No,Yes,Two year,Yes,Bank transfer (automatic),57.55,4119.01,No
CUST-02434,Male,0,No,Yes,52,Yes,Yes,No,No internet service,No internet service,No internet service,No internet service,No internet service,No internet service,Month-to-month,Yes,Credit card (automatic),22.98,1145.31,No
CUST-02435,Male,0,No,No,5,Yes,No,DSL,No,Yes,Yes,Yes,No,No,Month-to-month,Yes,Bank transfer (automatic),59.32,270.4,No
CUST-02436,Female,0,Yes,No,24,Yes,Yes,Fiber optic,Yes,Yes,No,No,Yes,Yes,One year,Yes,Electronic check,87.33,2013.2,No
CUST-02437,Female,0,Yes,No,31,Yes,No,DSL,No,No,No,No,No,No,One year,Yes,Electronic check,61.26,1912.16,No
CUST-02438,Female,0,Yes,Yes,42,Yes,No,Fiber optic,Yes,No,Yes,Yes,No,No,One year,Yes,Bank transfer (automatic),99.85,4229.57,No
CUST-02439,Female,0,No,No,38,Yes,No,Fiber optic,No,No,Yes,No,Yes,No,One year,Yes,Bank transfer (automatic),90.0,3474.87,Yes
CUST-02440,Male,0,Yes,No,20,Yes,No,DSL,No,No,No,Yes,No,No,One year,Yes,Mailed check,59.52,1116.85,Yes
CUST-02441,Male,0,No,No,1,Yes,Yes,DSL,No,Yes,No,No,Yes,Yes,Month-to-month,No,Electronic check,62.42,84.79,Yes
CUST-02442,Male,0,Yes,No,2,Yes,Yes,Fiber optic,No,No,Yes,Yes,No,No,Month-to-month,Yes,Credit card (automatic),98.12,199.27,Yes
CUST-02443,Male,0,No,Yes,17,Yes,No,Fiber optic,No,No,No,Yes,No,No,Month-to-month,Yes,Bank transfer (automatic),90.52,1568.73,Yes
CUST-02444,Male,0,No,No,0,Yes,Yes,Fiber optic,No,No,Yes,Yes,No,Yes,Month-to-month,No,Credit card (automatic),99.48,0.0,Yes
CUST-02445,Female,0,No,Yes,38,Yes,No,Fiber optic,No,Yes,No,No,Yes,Yes,One year,Yes,Mailed check,80.68,3064.59,No
CUST-02446,Female,0,Yes,No,64,Yes,Yes,DSL,Yes,Yes,No,No,No,No,Two year,Yes,Mailed check,68.73,4355.11,No
CUST-02447,Female,0,Yes,No,34,Yes,Yes,Fiber optic,Yes,No,No,No,Yes,No,Month-to-month,Yes,Bank transfer (automatic),91.16,3056.05,No
CUST-02448,Female,0,No,Yes,30,Yes,No,No,No internet service,No internet service,No internet service,No internet service,No internet service,No internet service,One year,No,Bank transfer (automatic),35.64,1141.61,No
CUST-02449,Female,0,Yes,No,13,No,No phone service,Fiber optic,No,Yes,Yes,No,No,No,Month-to-month,Yes,Credit card (automatic),97.3,1331.47,Yes
CUST-02450,Male,0,No,No,5,Yes,No,No,No internet service,No internet service,No internet service,No internet service,No internet service,No internet service,Month-to-month,Yes,Electronic check,23.07,123.09,No
CUST-02451,Female,0,Yes,No,45,Yes,Yes,No,No internet service,No internet service,No internet service,No internet service,No internet service,No internet service,Two year,No,Electronic check,30.09,1273.27,No
CUST-02452,Female,0,Yes,No,35,Yes,Yes,DSL,No,Yes,Yes,No,Yes,Yes,Month-to-month,No,Mailed check,58.68,2026.74,No
CUST-02453,Male,0,Yes,No,37,Yes,Yes,DSL,No,Yes,No,No,Yes,Yes,One year,No,Bank transfer (automatic),71.77,2728.2,No
CUST-02454,Male,0,No,No,17,Yes,No,DSL,No,No,No,No,No,No,Month-to-month,Yes,Electronic check,49.63,835.78,No
CUST-02455,Female,0,No,No,0,Yes,No,DSL,Yes,No,Yes,No,Yes,No,Month-to-month,Yes,Credit card (automatic),52.2,0.0,No
CUST-02456,Male,0,Yes,No,31,Yes,No,Fiber optic,No,No,No,No,No,Yes,One year,Yes,Bank transfer (automatic),78.33,2433.77,No
CUST-02457,Female,0,Yes,Yes,34,Yes,No,DSL,Yes,Yes,No,No,Yes,No,One year,Yes,Bank transfer (automatic),58.66,1990.79,No
CUST-02458,Female,0,Yes,Yes,42,Yes,Yes,No,No internet service,No internet service,No internet service,No internet service,No internet service,No internet service,One year,Yes,Bank transfer (automatic),22.82,914.69,No
CUST-02459,Male,0,No,Yes,68,Yes,Yes,Fiber optic,No,Yes,No,No,Yes,No,Two year,No,Mailed check,87.91,5951.73,No
CUST-02460,Male,0,No,No,53,No,No phone service,No,No internet service,No internet service,No internet service,No internet service,No internet service,No internet service,Two year,Yes,Bank transfer (automatic),33.16,1702.27,No
CUST-02461,Male,0,Yes,No,14,No,No phone service,Fiber optic,No,Yes,No,No,Yes,No,One year,Yes,Electronic check,79.1,1205.04,No
CUST-02462,Male,0,No,Yes,4,Yes,No,DSL,No,Yes,No,Yes,No,No,Month-to-month,Yes,Electronic check,67.48,236.63,Yes
CUST-02463,Male,0,No,No,2,Yes,Yes,DSL,No,No,No,No,Yes,Yes,Month-to-month,No,Credit card (automatic),61.99,103.62,Yes
CUST-02464,Female,0,No,No,45,Yes,No,Fiber optic,No,Yes,Yes,No,Yes,Yes,One year,Yes,Electronic check,99.18,4449.3,No
CUST-02465,Male,0,No,Yes,9,Yes,Yes,DSL,Yes,No,Yes,No,No,No,One year,No,Credit card (automatic),61.36,580.35,No
CUST-02466,Male,0,No,No,32,Yes,No,No,No internet service,No internet service,No internet service,No internet service,No internet service,No internet service,Month-to-month,Yes,Mailed check,34.75,1033.94,No
CUST-02467,Male,0,No,No,8,Yes,Yes,DSL,Yes,No,No,No,No,Yes,Month-to-month,Yes,Electronic check,53.22,422.64,Yes
CUST-02468,Female,0,Yes,Yes,7,Yes,No,Fiber optic,Yes,No,Yes,No,No,No,Month-to-month,No,Electronic check,87.48,617.81,Yes
CUST-02469,Male,0,Yes,No,3,Yes,No,Fiber optic,No,No,No,Yes,No,Yes,Month-to-month,No,Electronic check,82.69,265.64,No
CUST-02470,Male,0,Yes,Yes,15,Yes,Yes,Fiber optic,No,No,Yes,Yes,Yes,No,Month-to-month,Yes,Bank transfer (automatic),93.36,1406.57,No
CUST-02471,Female,0,Yes,No,49,Yes,No,Fiber optic,Yes,No,Yes,Yes,No,Yes,Two year,Yes,Mailed check,95.38,4631.56,No
CUST-02472,Male,0,Yes,No,25,Yes,No,DSL,Yes,Yes,Yes,Yes,No,No,One year,Yes,Credit card (automatic),70.08,1747.69,No
CUST-02473,Male,0,No,No,68,Yes,Yes,No,No internet service,No internet service,No internet service,No internet service,No internet service,No internet service,Two year,Yes,Credit card (automatic),32.13,2206.23,No
CUST-02474,Male,1,No,No,15,Yes,Yes,Fiber optic,Yes,No,Yes,Yes,Yes,Yes,One year,Yes,Electronic check,102.53,1540.28,No
CUST-02475,Male,1,Yes,Yes,8,Yes,Yes,Fiber optic,Yes,Yes,No,No,Yes,Yes,Month-to-month,Yes,Mailed check,96.53,768.93,Yes
CUST-02476,Male,0,Yes,No,52,Yes,Yes,No,No internet service,No internet service,No internet service,No internet service,No internet service,No internet service,One year,Yes,Electronic check,25.47,1381.53,No
CUST-02477,Female,0,No,No,54,Yes,Yes,No,No internet service,No internet service,No internet service,No internet service,No internet service,No internet service,Two year,No,Mailed check,34.6,1901.02,No
CUST-02478,Male,0,No,No,39,Yes,Yes,DSL,No,No,Yes,No,Yes,Yes,One year,Yes,Electronic check,57.9,2231.58,No
CUST-02479,Male,0,Yes,No,3,Yes,No,DSL,No,No,Yes,Yes,Yes,Yes,Month-to-month,Yes,Mailed check,62.44,175.23,No
CUST-02480,Male,0,No,No,28,Yes,No,No,No internet service,No internet service,No internet service,No internet service,No internet service,No internet service,One year,No,Electronic check,32.33,921.28,No
CUST-02481,Female,0,Yes,Yes,31,Yes,Yes,Fiber optic,No,No,Yes,No,No,No,Month-to-month,No,Bank transfer (automatic),83.78,2552.82,Yes
CUST-02482,Female,0,Yes,No,2,Yes,No,Fiber optic,No,No,No,No,No,No,Month-to-month,Yes,Electronic check,79.91,159.93,No
CUST-02483,Male,0,No,No,2,Yes,Yes,DSL,No,No,Yes,No,No,Yes,Month-to-month,No,Mailed check,68.14,152.98,No
CUST-02484,Male,0,No,No,3,Yes,No,Fiber optic,Yes,No,No,Yes,No,No,Month-to-month,Yes,Mailed check,71.09,170.61,Yes
CUST-02485,Male,0,Yes,No,64,Yes,Yes,DSL,No,No,No,No,Yes,Yes,Two year,Yes,Mailed check,65.34,4215.01,No
CUST-02486,Male,0,No,No,12,Yes,Yes,DSL,Yes,Yes,No,No,No,Yes,Month-to-month,Yes,Mailed check,49.85,631.33,Yes
CUST-02487,Male,0,No,No,9,Yes,Yes,Fiber optic,No,No,No,No,No,No,Month-to-month,No,Mailed check,81.9,655.81,No
CUST-02488,Male,0,Yes,No,27,Yes,No,DSL,No,No,No,Yes,No,Yes,One year,No,Electronic check,65.7,1793.12,Yes
CUST-02489,Female,1,No,No,46,Yes,No,Fiber optic,Yes,No,Yes,Yes,No,No,Two year,Yes,Electronic check,95.84,4468.92,No
CUST-02490,Male,0,Yes,No,0,Yes,No,Fiber optic,Yes,No,No,No,No,Yes,Month-to-month,Yes,Bank transfer (automatic),83.11,0.0,No
CUST-02491,Male,0,Yes,No,24,Yes,Yes,Fiber optic,Yes,No,No,No,No,No,Month-to-month,Yes,Mailed check,87.32,2043.72,Yes
CUST-02492,Male,0,Yes,Yes,0,Yes,No,DSL,No,No,Yes,No,Yes,Yes,Month-to-month,No,Bank transfer (automatic),57.83,0.0,Yes
CUST-02493,Female,1,Yes,No,44,Yes,Yes,DSL,No,No,Yes,Yes,No,Yes,One year,Yes,Credit card (automatic),57.69,2516.98,No
CUST-02494,Female,1,Yes,Yes,29,Yes,Yes,Fiber optic,No,No,No,Yes,No,No,Two year,No,Mailed check,81.87,2396.32,Yes
CUST-02495,Male,0,No,No,1,Yes,Yes,Fiber optic,No,No,No,No,No,No,Month-to-month,Yes,Electronic check,76.36,103.2,Yes
CUST-02496,Male,0,Yes,No,45,Yes,Yes,DSL,Yes,No,No,Yes,No,No,Two year,Yes,Bank transfer (automatic),63.93,2829.65,No
CUST-02497,Female,0,No,No,33,Yes,No,Fiber optic,No,No,No,Yes,No,No,One year,No,Mailed check,100.67,3331.31,Yes
CUST-02498,Female,0,Yes,No,37,Yes,No,Fiber optic,No,No,Yes,No,Yes,No,One year,No,Mailed check,89.16,3259.23,No
CUST-02499,Male,1,No,No,7,Yes,No,DSL,Yes,Yes,No,No,No,Yes,Month-to-month,Yes,Electronic check,62.42,385.77,No
CUST-02500,Female,0,No,Yes,36,Yes,Yes,Fiber optic,Yes,No,Yes,No,No,No,Two year,Yes,Electronic check,79.22,2882.02,No
CUST-02501,Female,0,Yes,No,3,Yes,Yes,Fiber optic,Yes,No,No,No,Yes,Yes,Month-to-month,No,Electronic check,85.46,260.37,No
CUST-02502,Male,0,No,No,13,Yes,No,Fiber optic,No,No,No,Yes,No,No,Month-to-month,Yes,Electronic check,77.63,907.2,Yes
CUST-02503,Female,0,No,Yes,28,Yes,Yes,No,No internet service,No internet service,No internet service,No internet service,No internet service,No internet service,Month-to-month,Yes,Bank transfer (automatic),21.61,631.07,No
CUST-02504,Male,0,No,Yes,6,Yes,Yes,DSL,Yes,Yes,No,Yes,No,No,Month-to-month,Yes,Electronic check,58.52,304.05,No
CUST-02505,Male,0,Yes,No,23,Yes,Yes,Fiber optic,Yes,No,No,No,Yes,No,Month-to-month,Yes,Mailed check,86.14,1981.67,No
CUST-02506,Male,0,No,No,2,Yes,No,DSL,Yes,No,Yes,No,Yes,Yes,Month-to-month,Yes,Bank transfer (automatic),59.37,102.08,No
CUST-02507,Male,0,No,No,20,Yes,Yes,No,No internet service,No internet service,No internet service,No internet service,No internet service,No internet service,Month-to-month,Yes,Credit card (automatic),35.01,738.58,No
CUST-02508,Female,1,Yes,No,8,Yes,Yes,DSL,No,Yes,Yes,No,Yes,Yes,Month-to-month,No,Mailed check,75.57,625.14,No
CUST-02509,Male,0,No,No,14,No,No phone service,No,No internet service,No internet service,No internet service,No internet service,No internet service,No internet service,One year,Yes,Electronic check,27.39,393.76,No
CUST-02510,Male,1,Yes,Yes,12,Yes,No,Fiber optic,No,No,No,No,No,Yes,One year,Yes,Credit card (automatic),75.62,930.15,No
CUST-02511,Male,0,Yes,No,13,Yes,Yes,No,No internet service,No internet service,No internet service,No internet service,No internet service,No internet service,One year,Yes,Bank transfer (automatic),29.88,383.91,No
CUST-02512,Female,0,No,No,1,Yes,Yes,Fiber optic,No,No,No,No,No,No,Month-to-month,Yes,Mailed check,86.48,120.83,Yes
CUST-02513,Female,0,No,No,3,Yes,No,DSL,Yes,Yes,Yes,No,Yes,No,Month-to-month,Yes,Mailed check,58.99,188.43,No
CUST-02514,Female,0,Yes,No,36,No,No phone service,Fiber optic,No,No,Yes,No,Yes,Yes,One year,Yes,Credit card (automatic),81.25,2962.91,No
CUST-02515,Male,0,Yes,Yes,30,Yes,No,DSL,No,Yes,Yes,No,No,No,One year,Yes,Electronic check,69.59,2145.25,No
CUST-02516,Female,0,Yes,Yes,20,Yes,Yes,DSL,Yes,Yes,No,Yes,No,Yes,Month-to-month,No,Electronic check,60.43,1252.24,No
CUST-02517,Female,0,No,No,48,Yes,Yes,DSL,No,No,No,No,Yes,No,Two year,Yes,Electronic check,53.83,2586.46,No
CUST-02518,Female,0,Yes,No,15,Yes,No,Fiber optic,Yes,No,No,No,Yes,No,One year,No,Electronic check,81.72,1289.41,No
CUST-02519,Male,0,Yes,No,72,Yes,No,DSL,No,Yes,Yes,Yes,Yes,No,Two year,Yes,Credit card (automatic),60.55,4331.52,No
CUST-02520,Female,1,Yes,No,49,Yes,Yes,Fiber optic,No,No,No,Yes,Yes,No,One year,Yes,Credit card (automatic),86.83,4252.17,No
CUST-02521,Male,1,No,No,12,Yes,Yes,Fiber optic,Yes,No,Yes,No,No,No,Month-to-month,Yes,Electronic check,89.14,1090.92,Yes
CUST-02522,Male,1,Yes,No,45,Yes,Yes,DSL,No,No,Yes,No,No,Yes,Two year,Yes,Credit card (automatic),55.84,2501.7,No
CUST-02523,Male,0,No,Yes,43,Yes,No,DSL,Yes,No,No,No,Yes,No,Two year,Yes,Credit card (automatic),45.1,1974.84,No
CUST-02524,Male,1,Yes,Yes,47,Yes,No,Fiber optic,Yes,No,No,No,No,No,Two year,No,Electronic check,89.21,4194.02,No
CUST-02525,Male,0,Yes,No,64,Yes,Yes,DSL,Yes,Yes,No,No,Yes,No,Two year,No,Electronic check,58.48,3676.5,No
CUST-02526,Male,1,Yes,No,51,Yes,No,DSL,Yes,No,Yes,Yes,No,Yes,Two year,No,Bank transfer (automatic),59.81,2999.13,No
CUST-02527,Male,0,Yes,No,22,Yes,No,DSL,Yes,No,Yes,No,Yes,No,One year,No,Electronic check,62.52,1412.02,No
CUST-02528,Female,0,Yes,Yes,1,Yes,No,DSL,Yes,Yes,No,No,Yes,No,Month-to-month,Yes,Electronic check,62.0,23.47,No
CUST-02529,Male,1,Yes,No,6,Yes,Yes,Fiber optic,No,No,No,No,Yes,No,Month-to-month,No,Bank transfer (automatic),93.56,563.3,No
CUST-02530,Female,0,Yes,Yes,11,Yes,No,DSL,No,No,No,No,No,No,One year,Yes,Credit card (automatic),39.57,416.82,No
CUST-02531,Female,0,Yes,Yes,31,Yes,Yes,No,No internet service,No internet service,No internet service,No internet service,No internet service,No internet service,One year,Yes,Electronic check,27.31,865.95,No
CUST-02532,Female,0,Yes,No,53,Yes,No,Fiber optic,No,No,No,Yes,No,Yes,Month-to-month,Yes,Bank transfer (automatic),83.95,4447.57,No
CUST-02533,Female,0,Yes,No,8,Yes,Yes,No,No internet service,No internet service,No internet service,No internet service,No internet service,No internet service,Month-to-month,Yes,Bank transfer (automatic),21.68,138.24,Yes
CUST-02534,Male,0,Yes,Yes,19,Yes,No,Fiber optic,No,No,No,No,Yes,No,Two year,No,Electronic check,89.34,1637.98,No
CUST-02535,Female,1,Yes,No,8,Yes,No,DSL,Yes,Yes,No,No,Yes,No,Month-to-month,Yes,Electronic check,66.97,569.28,No
CUST-02536,Female,1,No,No,0,Yes,Yes,DSL,No,No,No,No,Yes,Yes,Month-to-month,Yes,Credit card (automatic),62.45,0.0,Yes
CUST-02537,Male,1,No,No,8,Yes,No,DSL,Yes,Yes,No,No,Yes,No,One year,Yes,Electronic check,60.21,424.37,No
CUST-02538,Male,0,No,No,11,Yes,No,Fiber optic,No,Yes,No,Yes,No,Yes,Month-to-month,No,Electronic check,94.74,1051.06,No
CUST-02539,Female,0,Yes,Yes,5,Yes,Yes,Fiber optic,No,Yes,No,No,No,No,Month-to-month,No,Electronic check,73.26,379.38,Yes
CUST-02540,Male,0,No,No,36,Yes,Yes,DSL,No,No,No,No,Yes,No,One year,Yes,Electronic check,63.34,2265.77,Yes
CUST-02541,Male,0,No,No,60,Yes,Yes,Fiber optic,Yes,Yes,Yes,No,Yes,Yes,Two year,Yes,Mailed check,89.19,5347.47,Yes
CUST-02542,Female,0,Yes,Yes,2,Yes,No,DSL,Yes,No,Yes,No,Yes,No,Month-to-month,Yes,Electronic check,60.33,162.28,Yes
CUST-02543,Female,0,Yes,No,23,Yes,Yes,Fiber optic,No,No,Yes,No,Yes,Yes,Month-to-month,No,Electronic check,97.33,2240.93,No
CUST-02544,Male,1,No,Yes,17,Yes,No,DSL,No,Yes,No,Yes,No,No,Month-to-month,Yes,Credit card (automatic),70.53,1139.33,No
CUST-02545,Female,0,No,No,8,Yes,Yes,DSL,No,No,No,No,No,No,One year,No,Mailed check,56.85,456.87,No
CUST-02546,Male,0,No,No,1,Yes,No,Fiber optic,Yes,No,Yes,No,Yes,Yes,Month-to-month,No,Mailed check,93.92,132.93,Yes
CUST-02547,Female,0,No,No,0,Yes,No,No,No internet service,No internet service,No internet service,No internet service,No internet service,No internet service,Month-to-month,Yes,Electronic check,26.28,0.0,No
CUST-02548,Female,0,No,Yes,27,Yes,No,Fiber optic,No,No,No,No,No,No,One year,Yes,Electronic check,87.61,2394.05,No
CUST-02549,Male,0,No,Yes,56,Yes,No,Fiber optic,No,Yes,No,No,Yes,No,Two year,Yes,Mailed check,90.15,5044.97,No
CUST-02550,Male,0,Yes,No,10,Yes,No,Fiber optic,No,Yes,Yes,No,Yes,No,Month-to-month,Yes,Bank transfer (automatic),93.51,875.22,Yes
CUST-02551,Female,0,Yes,Yes,42,Yes,No,Fiber optic,No,Yes,Yes,Yes,Yes,No,One year,No,Electronic check,85.88,3642.87,No
CUST-02552,Male,0,No,No,44,Yes,No,DSL,No,Yes,Yes,No,No,No,One year,Yes,Credit card (automatic),61.0,2651.95,No
CUST-02553,Male,1,Yes,No,5,No,No phone service,Fiber optic,No,No,Yes,Yes,Yes,Yes,Month-to-month,No,Credit card (automatic),94.17,470.39,Yes
CUST-02554,Male,0,Yes,Yes,57,Yes,No,DSL,No,Yes,Yes,No,Yes,Yes,Two year,Yes,Bank transfer (automatic),60.2,3443.46,No
CUST-02555,Female,0,Yes,No,4,Yes,No,Fiber optic,No,Yes,No,Yes,No,Yes,Month-to-month,No,Bank transfer (automatic),89.4,361.32,No
CUST-02556,Male,0,Yes,Yes,10,Yes,No,DSL,No,No,No,No,No,No,Month-to-month,Yes,Electronic check,63.75,606.91,Yes
CUST-02557,Female,0,Yes,No,41,Yes,No,Fiber optic,No,No,No,No,No,Yes,Month-to-month,Yes,Mailed check,87.57,3637.69,No
CUST-02558,Female,0,No,No,25,No,No phone service,DSL,Yes,No,No,No,No,No,Month-to-month,No,Mailed check,56.75,1383.47,No
CUST-02559,Male,0,Yes,No,30,Yes,No,DSL,Yes,Yes,Yes,No,Yes,Yes,One year,No,Electronic check,65.14,1938.95,No
CUST-02560,Female,1,No,No,29,Yes,No,Fiber optic,Yes,No,No,Yes,No,Yes,One year,Yes,Bank transfer (automatic),90.0,2643.4,No
CUST-02561,Female,0,Yes,No,44,Yes,No,Fiber optic,No,Yes,Yes,No,No,No,One year,Yes,Electronic check,87.96,3864.66,Yes
CUST-02562,Male,0,No,Yes,60,Yes,Yes,No,No internet service,No internet service,No internet service,No internet service,No internet service,No internet service,One year,No,Electronic check,27.73,1648.59,No
CUST-02563,Female,0,No,Yes,9,Yes,No,DSL,Yes,No,No,Yes,No,Yes,Month-to-month,Yes,Credit card (automatic),69.11,608.18,Yes
CUST-02564,Male,0,No,Yes,57,Yes,No,DSL,No,Yes,No,No,No,Yes,Two year,Yes,Credit card (automatic),57.39,3195.56,No
CUST-02565,Male,0,Yes,No,42,Yes,No,Fiber optic,No,No,No,Yes,Yes,Yes,Two year,Yes,Bank transfer (automatic),95.7,4056.93,No
CUST-02566,Male,1,Yes,No,4,Yes,No,DSL,Yes,Yes,No,No,Yes,Yes,Month-to-month,No,Electronic check,65.15,210.67,No
CUST-02567,Female,0,No,No,22,No,No phone service,DSL,No,No,No,Yes,No,No,One year,Yes,Electronic check,63.94,1404.54,Yes
CUST-02568,Female,0,No,No,72,Yes,Yes,DSL,Yes,No,No,No,Yes,No,Two year,Yes,Electronic check,73.3,5184.22,No
CUST-02569,Male,0,Yes,No,1,Yes,No,DSL,No,No,No,No,Yes,No,Month-to-month,No,Bank transfer (automatic),71.13,73.42,No
CUST-02570,Female,0,No,Yes,11,Yes,Yes,Fiber optic,No,No,Yes,Yes,No,No,Month-to-month,No,Electronic check,94.37,984.49,No
CUST-02571,Female,1,No,Yes,1,Yes,No,Fiber optic,Yes,No,No,No,No,Yes,Month-to-month,Yes,Mailed check,102.97,32.58,Yes
CUST-02572,Female,0,Yes,No,38,Yes,Yes,DSL,No,Yes,Yes,No,No,Yes,Two year,Yes,Electronic check,56.74,2114.75,No
CUST-02573,Female,0,No,No,62,Yes,Yes,DSL,No,Yes,No,Yes,Yes,No,One year,No,Electronic check,57.06,3468.77,No
CUST-02574,Male,0,Yes,No,17,Yes,No,DSL,No,No,No,No,Yes,No,One year,No,Bank transfer (automatic),58.44,984.95,No
CUST-02575,Female,0,Yes,Yes,48,Yes,No,No,No internet service,No internet service,No internet service,No internet service,No internet service,No internet service,Two year,Yes,Credit card (automatic),31.76,1523.37,No
CUST-02576,Male,0,No,No,7,Yes,Yes,Fiber optic,Yes,No,No,No,Yes,No,Month-to-month,Yes,Mailed check,86.68,598.94,Yes
CUST-02577,Male,0,No,Yes,50,Yes,No,No,No internet service,No internet service,No internet service,No internet service,No internet service,No internet service,Two year,Yes,Bank transfer (automatic),28.84,1411.73,No
CUST-02578,Male,0,No,No,4,Yes,Yes,No,No internet service,No internet service,No internet service,No internet service,No internet service,No internet service,Month-to-month,No,Electronic check,33.78,165.56,Yes
CUST-02579,Female,0,No,Yes,41,Yes,Yes,Fiber optic,No,No,No,No,Yes,Yes,One year,Yes,Electronic check,85.97,3511.43,No
CUST-02580,Female,1,No,Yes,7,No,No phone service,No,No internet service,No internet service,No internet service,No internet service,No internet service,No internet service,Month-to-month,Yes,Electronic check,27.66,235.84,Yes
CUST-02581,Male,0,Yes,No,6,Yes,Yes,DSL,Yes,No,Yes,No,No,No,Month-to-month,Yes,Credit card (automatic),63.12,287.74,No
CUST-02582,Male,0,Yes,No,17,Yes,No,DSL,No,Yes,No,No,Yes,Yes,Month-to-month,No,Electronic check,64.55,1102.81,No
CUST-02583,Male,0,Yes,No,8,Yes,No,Fiber optic,No,No,No,No,Yes,Yes,Month-to-month,Yes,Bank transfer (automatic),84.43,680.09,No
CUST-02584,Female,0,No,Yes,10,Yes,No,DSL,Yes,Yes,Yes,No,No,No,Month-to-month,Yes,Electronic check,59.9,563.36,No
CUST-02585,Male,0,No,No,14,Yes,No,Fiber optic,No,No,No,No,No,No,Month-to-month,No,Credit card (automatic),85.71,1240.27,Yes
CUST-02586,Female,0,No,No,29,Yes,Yes,No,No internet service,No internet service,No internet service,No internet service,No internet service,No internet service,One year,Yes,Credit card (automatic),23.96,688.87,No
CUST-02587,Male,0,Yes,No,42,Yes,No,No,No internet service,No internet service,No internet service,No internet service,No internet service,No internet service,Two year,Yes,Bank transfer (automatic),19.48,818.62,No
CUST-02588,Male,0,Yes,Yes,6,Yes,No,Fiber optic,Yes,Yes,Yes,No,Yes,Yes,Month-to-month,Yes,Electronic check,86.46,529.41,No
CUST-02589,Female,0,No,No,7,Yes,No,Fiber optic,Yes,No,No,Yes,Yes,Yes,Month-to-month,Yes,Mailed check,84.7,662.01,Yes
CUST-02590,Male,0,No,No,26,No,No phone service,Fiber optic,No,No,Yes,No,Yes,Yes,One year,No,Mailed check,82.32,2119.35,No
CUST-02591,Male,0,Yes,No,50,Yes,Yes,Fiber optic,No,No,No,No,Yes,Yes,One year,No,Mailed check,89.49,4476.48,Yes
CUST-02592,Male,0,No,No,27,Yes,Yes,Fiber optic,No,No,No,No,Yes,Yes,One year,No,Electronic check,85.04,2338.78,Yes
CUST-02593,Female,0,No,No,68,Yes,Yes,Fiber optic,Yes,No,No,No,No,Yes,Two year,No,Credit card (automatic),90.69,6156.77,Yes
CUST-02594,Male,0,No,Yes,12,Yes,No,DSL,No,No,Yes,No,Yes,No,Month-to-month,No,Electronic check,60.9,768.7,Yes
CUST-02595,Male,1,Yes,Yes,21,Yes,Yes,Fiber optic,Yes,Yes,Yes,No,No,No,Month-to-month,No,Bank transfer (automatic),92.26,1932.43,Yes
CUST-02596,Male,0,No,Yes,48,Yes,No,DSL,No,No,No,No,Yes,Yes,Two year,Yes,Mailed check,61.14,2944.19,No
CUST-02597,Female,0,Yes,No,15,Yes,No,Fiber optic,Yes,No,No,No,No,Yes,One year,No,Credit card (automatic),91.49,1361.26,No
CUST-02598,Female,0,Yes,Yes,14,Yes,Yes,Fiber optic,No,Yes,No,No,No,Yes,One year,Yes,Bank transfer (automatic),82.74,1141.22,Yes
CUST-02599,Female,0,No,Yes,59,Yes,No,DSL,No,Yes,Yes,No,No,Yes,Two year,Yes,Credit card (automatic),65.62,3867.24,No
CUST-02600,Male,0,Yes,No,0,Yes,Yes,No,No internet service,No internet service,No internet service,No internet service,No internet service,No internet service,Month-to-month,Yes,Credit card (automatic),30.17,0.0,No
CUST-02601,Female,0,Yes,Yes,0,Yes,No,Fiber optic,Yes,Yes,No,No,Yes,No,Month-to-month,No,Electronic check,95.62,0.0,Yes
CUST-02602,Male,0,Yes,No,2,Yes,Yes,Fiber optic,No,No,No,No,Yes,No,Month-to-month,Yes,Electronic check,72.35,134.28,No
CUST-02603,Female,1,Yes,No,66,No,No phone service,DSL,Yes,Yes,Yes,No,Yes,Yes,Two year,Yes,Mailed check,74.15,4890.84,No
CUST-02604,Female,0,No,No,50,Yes,Yes,DSL,No,Yes,Yes,No,Yes,No,Two year,Yes,Electronic check,65.49,3295.35,No
CUST-02605,Female,0,Yes,No,9,Yes,No,No,No internet service,No internet service,No internet service,No internet service,No internet service,No internet service,Month-to-month,No,Electronic check,23.73,193.85,Yes
CUST-02606,Female,1,No,No,11,No,No phone service,Fiber optic,No,No,No,No,Yes,No,Month-to-month,No,Bank transfer (automatic),84.37,982.86,Yes
CUST-02607,Female,1,No,No,38,No,No phone service,DSL,No,No,No,No,No,Yes,One year,Yes,Credit card (automatic),56.07,2078.43,No
CUST-02608,Male,0,Yes,No,2,Yes,Yes,Fiber optic,Yes,No,Yes,No,No,No,Month-to-month,No,Mailed check,84.82,130.96,No
CUST-02609,Female,0,No,No,42,Yes,Yes,Fiber optic,No,No,No,No,No,No,Two year,Yes,Electronic check,86.34,3637.07,No
CUST-02610,Female,0,Yes,Yes,17,No,No phone service,No,No internet service,No internet service,No internet service,No internet service,No internet service,No internet service,Month-to-month,Yes,Mailed check,24.87,469.95,No
CUST-02611,Female,0,Yes,No,54,Yes,No,DSL,No,Yes,No,No,Yes,Yes,Two year,Yes,Bank transfer (automatic),71.97,3853.2,No
CUST-02612,Female,0,Yes,No,21,Yes,Yes,Fiber optic,Yes,No,No,No,No,No,One year,Yes,Credit card (automatic),78.33,1700.94,No
CUST-02613,Male,0,Yes,No,3,Yes,Yes,DSL,No,Yes,No,No,No,Yes,Month-to-month,No,Electronic check,48.47,171.62,Yes
CUST-02614,Female,1,Yes,No,17,Yes,No,DSL,No,No,Yes,No,No,Yes,One year,Yes,Electronic check,56.65,978.74,No
CUST-02615,Male,0,Yes,No,13,Yes,Yes,Fiber optic,No,No,No,No,Yes,No,One year,Yes,Credit card (automatic),83.35,1098.46,Yes
CUST-02616,Female,0,No,No,36,Yes,No,DSL,Yes,No,No,No,Yes,Yes,Month-to-month,No,Credit card (automatic),63.92,2314.88,Yes
CUST-02617,Female,0,No,No,12,Yes,Yes,DSL,No,No,No,Yes,No,Yes,Month-to-month,Yes,Bank transfer (automatic),62.11,722.14,No
CUST-02618,Male,0,No,Yes,42,Yes,Yes,Fiber optic,No,Yes,Yes,Yes,Yes,No,Two year,No,Credit card (automatic),85.03,3547.72,No
CUST-02619,Female,1,No,No,47,Yes,Yes,Fiber optic,No,Yes,No,Yes,Yes,No,One year,Yes,Electronic check,91.89,4295.21,Yes
CUST-02620,Female,0,No,Yes,19,Yes,No,No,No internet service,No internet service,No internet service,No internet service,No internet service,No internet service,One year,Yes,Credit card (automatic),25.7,465.85,No
CUST-02621,Female,0,Yes,No,26,Yes,No,Fiber optic,Yes,No,Yes,Yes,Yes,No,Month-to-month,Yes,Bank transfer (automatic),99.79,2617.08,No
CUST-02622,Male,0,No,No,13,No,No phone service,DSL,Yes,No,Yes,No,Yes,Yes,One year,Yes,Credit card (automatic),61.96,850.72,Yes
CUST-02623,Male,0,Yes,No,12,No,No phone service,DSL,No,Yes,No,Yes,No,No,One year,Yes,Mailed check,62.57,706.24,Yes
CUST-02624,Female,0,No,No,3,Yes,Yes,Fiber optic,No,Yes,No,No,Yes,No,Month-to-month,No,Credit card (automatic),88.12,224.69,Yes
CUST-02625,Female,0,No,No,6,Yes,No,DSL,No,No,Yes,No,No,No,Month-to-month,No,Credit card (automatic),65.75,444.65,Yes
CUST-02626,Female,0,Yes,No,23,Yes,Yes,DSL,Yes,No,No,No,No,No,Month-to-month,Yes,Electronic check,60.48,1384.38,Yes
CUST-02627,Female,0,No,Yes,44,Yes,No,No,No internet service,No internet service,No internet service,No internet service,No internet service,No internet service,One year,Yes,Electronic check,21.62,973.45,No
CUST-02628,Male,0,No,No,3,Yes,No,Fiber optic,Yes,No,Yes,No,Yes,Yes,Month-to-month,No,Electronic check,104.31,292.53,Yes
CUST-02629,Female,0,No,Yes,69,Yes,Yes,DSL,No,No,No,No,Yes,Yes,Two year,Yes,Electronic check,61.26,4298.92,No
CUST-02630,Male,0,Yes,Yes,3,Yes,No,DSL,Yes,No,No,No,Yes,No,Month-to-month,Yes,Electronic check,68.53,205.86,Yes
CUST-02631,Female,0,No,No,38,Yes,No,Fiber optic,Yes,No,Yes,No,No,Yes,Two year,No,Credit card (automatic),91.71,3513.04,No
CUST-02632,Female,0,No,No,6,Yes,No,Fiber optic,No,No,No,Yes,No,No,Month-to-month,No,Bank transfer (automatic),84.86,541.97,Yes
CUST-02633,Female,0,Yes,No,32,Yes,No,DSL,No,No,No,No,Yes,No,One year,Yes,Electronic check,58.73,1810.71,No
CUST-02634,Female,0,No,Yes,32,Yes,No,Fiber optic,No,Yes,No,No,Yes,Yes,One year,Yes,Credit card (automatic),78.55,2442.46,No
CUST-02635,Male,0,Yes,No,44,Yes,Yes,No,No internet service,No internet service,No internet service,No internet service,No internet service,No internet service,One year,Yes,Electronic check,21.61,924.53,No
CUST-02636,Male,0,No,Yes,53,Yes,No,DSL,Yes,No,No,No,Yes,No,Two year,No,Credit card (automatic),62.19,3294.24,No
CUST-02637,Male,1,Yes,Yes,11,Yes,Yes,Fiber optic,No,No,Yes,No,Yes,No,Month-to-month,No,Electronic check,100.38,1100.8,No
CUST-02638,Female,0,Yes,Yes,9,Yes,No,No,No internet service,No internet service,No internet service,No internet service,No internet service,No internet service,Month-to-month,No,Mailed check,22.16,236.37,No
CUST-02639,Male,0,Yes,No,0,No,No phone service,Fiber optic,No,No,No,No,No,Yes,Month-to-month,Yes,Mailed check,88.39,0.0,Yes
CUST-02640,Female,0,No,No,14,Yes,No,No,No internet service,No internet service,No internet service,No internet service,No internet service,No internet service,Month-to-month,Yes,Mailed check,34.1,432.46,No
CUST-02641,Male,0,No,Yes,34,No,No phone service,DSL,No,Yes,No,Yes,Yes,No,Two year,Yes,Mailed check,66.08,2206.29,No
CUST-02642,Male,0,Yes,Yes,45,Yes,No,Fiber optic,No,Yes,Yes,No,Yes,No,Month-to-month,Yes,Electronic check,86.4,3929.34,Yes
CUST-02643,Male,0,Yes,No,19,Yes,No,Fiber optic,No,Yes,Yes,No,No,Yes,One year,Yes,Credit card (automatic),91.17,1759.32,No
CUST-02644,Male,0,No,No,47,Yes,No,Fiber optic,No,No,No,Yes,No,No,Month-to-month,No,Bank transfer (automatic),73.31,3390.66,No
CUST-02645,Male,0,Yes,Yes,32,Yes,Yes,Fiber optic,Yes,No,No,No,Yes,Yes,Two year,Yes,Mailed check,101.72,3281.2,Yes
CUST-02646,Male,0,Yes,No,30,Yes,No,Fiber optic,Yes,No,Yes,Yes,Yes,No,Month-to-month,Yes,Electronic check,105.9,3151.69,Yes
CUST-02647,Female,0,No,No,45,Yes,Yes,Fiber optic,Yes,No,Yes,No,No,Yes,Two year,No,Electronic check,90.72,4023.52,No
CUST-02648,Female,0,Yes,No,59,Yes,No,Fiber optic,No,No,Yes,Yes,Yes,No,One year,Yes,Credit card (automatic),88.7,5228.4,No
CUST-02649,Female,1,No,Yes,44,Yes,Yes,Fiber optic,No,Yes,No,Yes,No,No,Two year,No,Electronic check,91.97,4039.13,No
CUST-02650,Male,0,Yes,No,36,Yes,No,No,No internet service,No internet service,No internet service,No internet service,No internet service,No internet service,One year,Yes,Bank transfer (automatic),37.6,1381.28,No
CUST-02651,Female,0,No,No,6,Yes,No,Fiber optic,No,No,No,No,No,No,Month-to-month,No,Credit card (automatic),83.0,490.62,No
CUST-02652,Female,0,No,No,39,Yes,No,Fiber optic,No,No,No,Yes,Yes,Yes,Two year,Yes,Bank transfer (automatic),85.2,3365.09,No
CUST-02653,Female,0,Yes,No,7,Yes,Yes,Fiber optic,Yes,No,No,Yes,No,No,Month-to-month,Yes,Bank transfer (automatic),90.5,680.47,Yes
CUST-02654,Male,0,No,No,6,Yes,No,No,No internet service,No internet service,No internet service,No internet service,No internet service,No internet service,Month-to-month,Yes,Mailed check,29.48,151.36,No
CUST-02655,Female,0,No,No,0,Yes,Yes,Fiber optic,Yes,No,Yes,No,Yes,Yes,Month-to-month,Yes,Mailed check,93.05,0.0,Yes
CUST-02656,Female,0,No,No,59,Yes,No,Fiber optic,No,No,No,No,No,No,Two year,Yes,Mailed check,84.47,5019.85,No
CUST-02657,Male,0,Yes,Yes,56,Yes,No,Fiber optic,No,Yes,No,No,No,Yes,One year,No,Mailed check,82.82,4636.38,Yes
CUST-02658,Male,0,Yes,No,5,Yes,Yes,DSL,Yes,No,No,No,No,Yes,Month-to-month,Yes,Electronic check,55.52,314.97,No
CUST-02659,Female,0,No,No,50,Yes,No,DSL,No,No,No,Yes,Yes,No,Two year,No,Electronic check,48.52,2464.81,No
CUST-02660,Male,1,Yes,No,23,Yes,No,DSL,Yes,No,No,Yes,Yes,No,Month-to-month,Yes,Credit card (automatic),63.52,1392.94,No
CUST-02661,Male,0,Yes,No,6,Yes,No,Fiber optic,No,Yes,No,No,Yes,No,Month-to-month,No,Credit card (automatic),84.35,525.22,Yes
CUST-02662,Female,0,Yes,Yes,3,Yes,No,Fiber optic,No,No,Yes,No,Yes,Yes,Month-to-month,No,Electronic check,86.24,272.65,Yes
CUST-02663,Male,0,No,No,7,Yes,Yes,Fiber optic,No,No,Yes,Yes,No,Yes,Month-to-month,Yes,Bank transfer (automatic),94.94,679.83,Yes
CUST-02664,Male,0,Yes,No,0,Yes,No,No,No internet service,No internet service,No internet service,No internet service,No internet service,No internet service,One year,No,Credit card (automatic),38.24,0.0,No
CUST-02665,Male,1,Yes,No,2,No,No phone service,DSL,Yes,No,No,No,Yes,Yes,Month-to-month,Yes,Electronic check,57.97,126.99,Yes
CUST-02666,Female,0,No,No,14,Yes,No,Fiber optic,No,No,Yes,Yes,No,Yes,Month-to-month,Yes,Credit card (automatic),96.42,1420.12,Yes
CUST-02667,Male,0,Yes,Yes,1,Yes,No,No,No internet service,No internet service,No internet service,No internet service,No internet service,No internet service,Month-to-month,No,Electronic check,24.31,38.73,Yes
CUST-02668,Female,0,Yes,Yes,43,Yes,No,DSL,No,Yes,Yes,No,Yes,Yes,Two year,No,Mailed check,63.64,2716.85,No
CUST-02669,Male,0,Yes,No,11,Yes,No,DSL,No,No,No,No,No,No,One year,Yes,Electronic check,51.32,547.18,No
CUST-02670,Female,0,Yes,No,8,Yes,No,No,No internet service,No internet service,No internet service,No internet service,No internet service,No internet service,Month-to-month,Yes,Electronic check,23.18,173.96,Yes
CUST-02671,Female,1,No,No,34,Yes,No,DSL,No,No,No,Yes,Yes,No,One year,No,Electronic check,70.55,2448.0,No
CUST-02672,Female,0,Yes,No,23,Yes,Yes,Fiber optic,Yes,No,No,No,No,Yes,Month-to-month,Yes,Electronic check,82.2,1847.26,Yes
CUST-02673,Female,0,No,No,72,Yes,No,Fiber optic,No,Yes,No,No,No,No,Two year,No,Mailed check,92.78,6739.58,No
CUST-02674,Male,0,Yes,No,6,Yes,No,Fiber optic,No,No,Yes,No,Yes,No,Month-to-month,Yes,Credit card (automatic),90.47,549.78,Yes
CUST-02675,Female,0,Yes,No,6,Yes,No,No,No internet service,No internet service,No internet service,No internet service,No internet service,No internet service,Month-to-month,Yes,Electronic check,31.15,100.24,No
CUST-02676,Female,1,Yes,No,22,Yes,Yes,Fiber optic,No,No,No,Yes,No,No,Month-to-month,Yes,Bank transfer (automatic),82.76,1872.39,Yes
CUST-02677,Female,0,No,No,8,No,No phone service,Fiber optic,No,No,No,Yes,No,No,Month-to-month,Yes,Electronic check,97.74,813.47,Yes
CUST-02678,Female,0,Yes,No,11,No,No phone service,DSL,No,No,Yes,No,No,Yes,Month-to-month,Yes,Electronic check,60.13,646.49,No
CUST-02679,Female,0,Yes,No,36,Yes,Yes,DSL,No,No,Yes,No,Yes,No,One year,No,Bank transfer (automatic),54.72,1977.35,No
CUST-02680,Male,0,No,No,2,Yes,Yes,Fiber optic,Yes,No,No,No,No,Yes,Month-to-month,Yes,Electronic check,85.35,207.03,Yes
CUST-02681,Male,0,Yes,Yes,10,Yes,No,Fiber optic,No,Yes,No,No,No,Yes,Month-to-month,No,Mailed check,85.26,899.07,No
CUST-02682,Male,0,No,No,0,Yes,Yes,DSL,No,No,No,Yes,No,No,One year,Yes,Credit card (automatic),56.81,0.0,No
CUST-02683,Male,0,Yes,No,30,Yes,No,DSL,No,No,Yes,No,No,No,One year,Yes,Mailed check,58.86,1819.57,No
CUST-02684,Female,0,Yes,No,57,Yes,Yes,Fiber optic,Yes,No,No,Yes,No,No,Two year,No,Mailed check,85.4,4860.34,No
CUST-02685,Female,0,No,Yes,1,Yes,Yes,Fiber optic,No,No,No,No,No,No,Month-to-month,Yes,Bank transfer (automatic),75.67,123.37,Yes
CUST-02686,Male,0,Yes,No,69,Yes,No,DSL,No,No,No,No,Yes,Yes,Two year,No,Electronic check,52.63,3567.81,No
CUST-02687,Male,0,Yes,Yes,51,Yes,No,No,No internet service,No internet service,No internet service,No internet service,No internet service,No internet service,One year,Yes,Credit card (automatic),28.45,1511.94,No
CUST-02688,Female,0,Yes,No,28,Yes,No,No,No internet service,No internet service,No internet service,No internet service,No internet service,No internet service,One year,Yes,Electronic check,18.0,433.95,No
CUST-02689,Female,0,Yes,No,51,Yes,No,DSL,No,Yes,No,No,No,Yes,Month-to-month,No,Electronic check,71.1,3594.37,No
CUST-02690,Female,0,No,No,6,Yes,No,Fiber optic,No,No,Yes,No,No,No,Month-to-month,Yes,Electronic check,82.88,538.17,Yes
CUST-02691,Female,0,Yes,No,48,Yes,Yes,Fiber optic,No,Yes,No,No,Yes,No,Month-to-month,Yes,Bank transfer (automatic),91.85,4412.74,Yes
CUST-02692,Female,0,No,No,36,Yes,Yes,DSL,No,No,No,No,Yes,Yes,One year,Yes,Bank transfer (automatic),58.56,2136.49,No
CUST-02693,Female,0,Yes,No,11,Yes,Yes,No,No internet service,No internet service,No internet service,No internet service,No internet service,No internet service,One year,Yes,Electronic check,36.07,349.18,No
CUST-02694,Male,0,Yes,No,45,No,No phone service,No,No internet service,No internet service,No internet service,No internet service,No internet service,No internet service,Month-to-month,No,Mailed check,23.2,1010.32,No
CUST-02695,Female,0,Yes,No,10,Yes,No,Fiber optic,Yes,Yes,No,Yes,Yes,No,Month-to-month,Yes,Electronic check,103.81,1026.43,No
CUST-02696,Male,0,No,No,44,Yes,No,DSL,No,No,Yes,No,No,No,Two year,No,Mailed check,57.64,2473.82,No
CUST-02697,Male,0,No,No,22,No,No phone service,DSL,Yes,Yes,No,No,No,No,Month-to-month,No,Mailed check,51.13,1170.15,Yes
CUST-02698,Male,0,No,Yes,18,Yes,No,Fiber optic,Yes,No,No,Yes,No,No,One year,No,Bank transfer (automatic),82.61,1484.21,No
CUST-02699,Male,0,Yes,No,55,Yes,Yes,DSL,No,No,No,No,Yes,No,Two year,No,Mailed check,58.7,3182.96,No
CUST-02700,Male,1,Yes,No,5,Yes,No,Fiber optic,Yes,No,No,Yes,Yes,No,Month-to-month,No,Credit card (automatic),89.34,444.28,Yes
CUST-02701,Female,0,No,Yes,20,Yes,No,Fiber optic,Yes,No,No,No,Yes,No,One year,Yes,Electronic check,93.76,1874.83,No
CUST-02702,Female,0,Yes,Yes,26,Yes,Yes,Fiber optic,No,Yes,Yes,No,Yes,Yes,One year,No,Bank transfer (automatic),85.16,2233.71,Yes
CUST-02703,Male,0,No,No,19,Yes,No,Fiber optic,No,Yes,No,No,Yes,No,Month-to-month,Yes,Bank transfer (automatic),80.82,1530.67,Yes
CUST-02704,Female,0,Yes,No,2,Yes,Yes,DSL,No,No,No,No,No,No,Month-to-month,No,Bank transfer (automatic),49.47,68.18,Yes
CUST-02705,Male,0,Yes,No,55,Yes,No,Fiber optic,No,Yes,No,Yes,Yes,No,Two year,No,Credit card (automatic),90.53,4970.47,No
CUST-02706,Male,0,Yes,No,6,No,No phone service,No,No internet service,No internet service,No internet service,No internet service,No internet service,No internet service,Month-to-month,No,Bank transfer (automatic),31.06,270.35,No
CUST-02707,Female,0,Yes,No,6,Yes,No,Fiber optic,Yes,No,Yes,No,No,Yes,Month-to-month,No,Electronic check,82.26,507.19,Yes
CUST-02708,Male,0,No,No,1,No,No phone service,Fiber optic,No,Yes,Yes,No,No,Yes,Month-to-month,No,Electronic check,93.99,55.16,Yes
CUST-02709,Female,0,No,Yes,35,Yes,Yes,DSL,No,No,No,No,No,No,One year,No,Electronic check,59.28,2114.92,No
CUST-02710,Female,1,No,No,27,Yes,Yes,Fiber optic,No,No,Yes,No,No,Yes,Month-to-month,No,Electronic check,90.01,2523.62,Yes
CUST-02711,Male,0,No,No,37,Yes,No,No,No internet service,No internet service,No internet service,No internet service,No internet service,No internet service,Month-to-month,No,Credit card (automatic),22.26,844.76,No
CUST-02712,Male,0,Yes,No,40,No,No phone service,Fiber optic,No,No,Yes,Yes,Yes,No,Month-to-month,Yes,Electronic check,91.26,3648.02,No
CUST-02713,Female,0,No,Yes,2,Yes,No,DSL,Yes,No,No,No,No,Yes,Month-to-month,No,Electronic check,55.9,52.58,No
CUST-02714,Female,0,Yes,No,27,Yes,No,DSL,No,No,No,No,No,Yes,One year,No,Electronic check,59.48,1602.12,No
CUST-02715,Female,0,No,No,28,Yes,No,No,No internet service,No internet service,No internet service,No internet service,No internet service,No internet service,Two year,No,Mailed check,23.9,619.86,No
CUST-02716,Male,0,Yes,No,7,Yes,No,Fiber optic,No,Yes,Yes,Yes,No,No,Month-to-month,Yes,Credit card (automatic),85.76,612.07,No
CUST-02717,Male,0,No,No,29,Yes,No,DSL,No,Yes,Yes,No,Yes,Yes,One year,Yes,Electronic check,56.73,1561.64,No
CUST-02718,Female,0,No,No,30,Yes,No,Fiber optic,No,No,No,No,No,Yes,One year,Yes,Credit card (automatic),86.82,2627.6,No
CUST-02719,Female,0,No,No,25,No,No phone service,DSL,No,No,No,No,Yes,Yes,One year,No,Credit card (automatic),58.52,1392.25,No
CUST-02720,Male,0,No,No,42,Yes,Yes,No,No internet service,No internet service,No internet service,No internet service,No internet service,No internet service,One year,Yes,Mailed check,32.71,1377.3,No
CUST-02721,Female,0,No,Yes,3,No,No phone service,Fiber optic,Yes,Yes,No,No,Yes,Yes,Month-to-month,Yes,Bank transfer (automatic),101.47,366.78,Yes
CUST-02722,Female,0,No,No,10,Yes,No,DSL,No,No,No,No,No,Yes,One year,Yes,Electronic check,54.04,503.0,Yes
CUST-02723,Male,0,No,No,18,Yes,No,DSL,No,No,No,Yes,Yes,No,One year,No,Bank transfer (automatic),52.45,917.6,No
CUST-02724,Male,0,Yes,No,21,Yes,Yes,DSL,No,Yes,No,No,Yes,No,One year,No,Credit card (automatic),62.68,1330.92,No
CUST-02725,Female,0,No,No,0,No,No phone service,Fiber optic,No,No,Yes,No,Yes,No,Month-to-month,No,Electronic check,95.07,0.0,Yes
CUST-02726,Female,0,Yes,No,0,Yes,No,Fiber optic,No,No,No,Yes,Yes,Yes,Month-to-month,Yes,Bank transfer (automatic),83.81,0.0,Yes
CUST-02727,Male,0,No,No,12,Yes,No,Fiber optic,Yes,No,No,Yes,Yes,No,Month-to-month,Yes,Electronic check,84.3,1000.48,Yes
CUST-02728,Male,0,No,No,36,No,No phone service,DSL,No,No,Yes,Yes,No,No,Month-to-month,No,Electronic check,57.92,2123.89,Yes
CUST-02729,Female,0,Yes,Yes,6,Yes,Yes,Fiber optic,No,No,No,Yes,No,No,Month-to-month,No,Electronic check,94.0,583.13,Yes
CUST-02730,Male,0,No,No,14,No,No phone service,No,No internet service,No internet service,No internet service,No internet service,No internet service,No internet service,Month-to-month,No,Electronic check,23.72,334.1,No
CUST-02731,Female,1,Yes,Yes,16,Yes,Yes,Fiber optic,Yes,No,No,Yes,Yes,Yes,Month-to-month,No,Credit card (automatic),98.39,1579.94,No
CUST-02732,Female,0,No,No,2,Yes,No,Fiber optic,Yes,No,No,Yes,No,Yes,Month-to-month,Yes,Electronic check,88.55,191.33,No
CUST-02733,Female,0,No,No,70,Yes,Yes,DSL,Yes,No,Yes,No,No,No,Two year,Yes,Electronic check,67.59,4716.09,No
CUST-02734,Male,0,No,No,27,Yes,No,No,No internet service,No internet service,No internet service,No internet service,No internet service,No internet service,Month-to-month,No,Bank transfer (automatic),30.36,866.67,No
CUST-02735,Male,0,No,Yes,2,Yes,No,DSL,No,Yes,No,Yes,No,No,Month-to-month,Yes,Electronic check,64.33,77.3,Yes
CUST-02736,Male,0,Yes,No,33,Yes,Yes,No,No internet service,No internet service,No internet service,No internet service,No internet service,No internet service,One year,No,Credit card (automatic),26.91,952.39,No
CUST-02737,Female,0,Yes,No,8,Yes,No,Fiber optic,No,No,Yes,No,No,Yes,Month-to-month,No,Electronic check,81.56,601.17,Yes
CUST-02738,Male,0,No,No,3,Yes,No,DSL,Yes,No,Yes,No,No,No,Month-to-month,Yes,Credit card (automatic),63.41,231.48,Yes
CUST-02739,Male,0,Yes,No,5,Yes,No,DSL,No,No,No,No,Yes,Yes,Month-to-month,No,Mailed check,63.92,397.32,No
CUST-02740,Male,0,Yes,No,10,Yes,Yes,No,No internet service,No internet service,No internet service,No internet service,No internet service,No internet service,Month-to-month,No,Electronic check,24.29,312.05,No
CUST-02741,Male,0,Yes,No,23,Yes,No,Fiber optic,Yes,Yes,No,Yes,Yes,No,One year,Yes,Credit card (automatic),90.69,2003.93,No
CUST-02742,Male,0,Yes,Yes,56,Yes,No,Fiber optic,Yes,No,No,No,No,Yes,Month-to-month,Yes,Credit card (automatic),90.1,5047.45,Yes
CUST-02743,Female,0,No,Yes,17,Yes,No,No,No internet service,No internet service,No internet service,No internet service,No internet service,No internet service,Month-to-month,No,Mailed check,18.0,307.08,Yes
CUST-02744,Female,0,Yes,No,12,Yes,No,Fiber optic,No,Yes,Yes,No,No,Yes,Month-to-month,Yes,Electronic check,87.05,1109.32,No
CUST-02745,Male,0,Yes,No,6,Yes,Yes,No,No internet service,No internet service,No internet service,No internet service,No internet service,No internet service,Month-to-month,Yes,Mailed check,28.42,115.86,No
CUST-02746,Male,0,No,Yes,33,No,No phone service,No,No internet service,No internet service,No internet service,No internet service,No internet service,No internet service,One year,Yes,Credit card (automatic),27.22,896.84,No
CUST-02747,Male,1,No,Yes,3,Yes,No,Fiber optic,No,Yes,No,Yes,No,No,Month-to-month,No,Mailed check,92.8,240.71,Yes
CUST-02748,Female,1,Yes,No,6,Yes,No,DSL,No,Yes,Yes,No,No,No,Month-to-month,Yes,Mailed check,51.19,315.7,No
CUST-02749,Male,0,No,Yes,5,Yes,Yes,No,No internet service,No internet service,No internet service,No internet service,No internet service,No internet service,Month-to-month,No,Mailed check,28.16,119.01,No
CUST-02750,Female,0,Yes,No,62,Yes,Yes,Fiber optic,Yes,No,No,No,No,No,One year,Yes,Mailed check,75.68,4699.01,No
CUST-02751,Male,0,No,No,32,No,No phone service,Fiber optic,No,Yes,Yes,No,No,No,Month-to-month,No,Credit card (automatic),91.52,2913.92,No
CUST-02752,Male,0,Yes,No,26,Yes,Yes,Fiber optic,No,No,No,Yes,No,No,Two year,No,Electronic check,82.67,2091.54,No
CUST-02753,Female,0,Yes,No,25,Yes,Yes,DSL,No,No,No,No,No,Yes,Month-to-month,Yes,Electronic check,51.68,1331.34,No
CUST-02754,Female,0,Yes,Yes,56,Yes,Yes,DSL,No,Yes,No,Yes,Yes,Yes,Two year,No,Bank transfer (automatic),57.32,3129.55,No
CUST-02755,Female,1,No,Yes,18,Yes,Yes,Fiber optic,Yes,Yes,No,No,No,Yes,Month-to-month,Yes,Bank transfer (automatic),96.09,1735.62,Yes
CUST-02756,Female,1,Yes,Yes,14,Yes,No,Fiber optic,No,No,Yes,Yes,Yes,No,One year,No,Electronic check,92.39,1280.86,No
CUST-02757,Female,0,Yes,No,10,Yes,No,Fiber optic,Yes,No,No,Yes,No,No,Month-to-month,Yes,Mailed check,90.35,929.97,No
CUST-02758,Female,0,No,No,4,Yes,Yes,Fiber optic,Yes,No,Yes,Yes,Yes,No,Month-to-month,Yes,Electronic check,90.26,447.77,Yes
CUST-02759,Male,0,Yes,Yes,38,Yes,No,No,No internet service,No internet service,No internet service,No internet service,No internet service,No internet service,One year,Yes,Electronic check,18.0,610.34,No
CUST-02760,Male,0,No,No,39,No,No phone service,DSL,No,No,Yes,No,No,No,Two year,No,Credit card (automatic),65.76,2539.6,No
CUST-02761,Male,1,Yes,No,22,Yes,No,DSL,No,Yes,No,Yes,Yes,Yes,One year,Yes,Electronic check,71.05,1554.24,No
CUST-02762,Male,0,Yes,Yes,1,Yes,No,DSL,Yes,No,No,No,No,No,Month-to-month,Yes,Bank transfer (automatic),62.91,32.71,Yes
CUST-02763,Male,0,Yes,Yes,8,Yes,Yes,No,No internet service,No internet service,No internet service,No internet service,No internet service,No internet service,Month-to-month,Yes,Electronic check,18.51,176.19,Yes
CUST-02764,Male,0,Yes,No,1,Yes,No,DSL,No,Yes,No,No,Yes,No,Month-to-month,Yes,Electronic check,76.21,74.93,Yes
CUST-02765,Male,0,Yes,No,29,Yes,Yes,Fiber optic,No,No,No,No,No,No,One year,Yes,Credit card (automatic),86.77,2486.82,Yes
CUST-02766,Female,0,No,No,16,Yes,Yes,No,No internet service,No internet service,No internet service,No internet service,No internet service,No internet service,Month-to-month,Yes,Electronic check,42.66,641.72,Yes
CUST-02767,Male,0,No,Yes,6,Yes,Yes,Fiber optic,No,No,Yes,No,Yes,No,Month-to-month,Yes,Credit card (automatic),87.31,441.42,No
CUST-02768,Female,0,Yes,No,8,Yes,Yes,DSL,No,Yes,No,Yes,No,No,Month-to-month,No,Electronic check,62.11,521.67,Yes
CUST-02769,Male,0,Yes,Yes,58,Yes,Yes,No,No internet service,No internet service,No internet service,No internet service,No internet service,No internet service,Two year,Yes,Electronic check,30.54,1745.85,No
CUST-02770,Female,0,No,No,3,No,No phone service,DSL,No,Yes,No,No,No,Yes,Month-to-month,Yes,Credit card (automatic),52.09,231.22,No
CUST-02771,Female,0,Yes,No,8,Yes,Yes,Fiber optic,No,No,No,No,No,Yes,Month-to-month,Yes,Mailed check,87.01,745.79,Yes
CUST-02772,Male,0,No,No,30,Yes,No,DSL,Yes,No,Yes,No,No,Yes,Month-to-month,No,Bank transfer (automatic),63.9,1905.3,Yes
CUST-02773,Male,0,No,Yes,1,Yes,Yes,Fiber optic,Yes,No,Yes,Yes,Yes,No,Month-to-month,No,Credit card (automatic),92.57,87.21,Yes
CUST-02774,Female,0,Yes,Yes,1,Yes,Yes,DSL,No,No,Yes,Yes,Yes,Yes,Month-to-month,Yes,Mailed check,63.94,28.81,No
CUST-02775,Female,0,No,No,36,Yes,No,No,No internet service,No internet service,No internet service,No internet service,No internet service,No internet service,One year,Yes,Electronic check,27.63,987.71,No
CUST-02776,Male,0,No,Yes,28,Yes,No,Fiber optic,No,No,Yes,No,Yes,Yes,Month-to-month,Yes,Credit card (automatic),98.92,2751.16,No
CUST-02777,Female,0,No,No,2,Yes,No,DSL,No,No,No,Yes,No,No,Month-to-month,No,Bank transfer (automatic),54.88,106.38,Yes
CUST-02778,Female,0,No,Yes,13,Yes,No,No,No internet service,No internet service,No internet service,No internet service,No internet service,No internet service,Month-to-month,Yes,Bank transfer (automatic),26.59,377.97,Yes
CUST-02779,Male,0,Yes,Yes,60,Yes,No,Fiber optic,No,Yes,No,No,No,No,Month-to-month,No,Electronic check,88.47,5386.04,No
CUST-02780,Male,0,No,No,11,Yes,No,Fiber optic,No,No,No,Yes,No,No,One year,No,Credit card (automatic),86.93,928.85,No
CUST-02781,Male,0,Yes,Yes,0,Yes,Yes,Fiber optic,Yes,No,No,Yes,No,No,Month-to-month,No,Mailed check,89.19,0.0,No
CUST-02782,Female,0,Yes,No,17,No,No phone service,Fiber optic,No,Yes,Yes,Yes,No,No,One year,Yes,Bank transfer (automatic),88.96,1499.5,No
CUST-02783,Female,0,No,No,66,Yes,Yes,Fiber optic,No,Yes,Yes,Yes,No,No,Month-to-month,No,Mailed check,82.8,5467.08,No
CUST-02784,Female,0,Yes,Yes,9,Yes,Yes,No,No internet service,No internet service,No internet service,No internet service,No internet service,No internet service,Month-to-month,Yes,Electronic check,20.68,206.74,No
CUST-02785,Female,0,No,No,27,Yes,Yes,DSL,No,No,No,No,No,Yes,Month-to-month,Yes,Mailed check,59.22,1642.19,No
CUST-02786,Male,0,No,No,2,No,No phone service,Fiber optic,Yes,No,No,No,Yes,Yes,Month-to-month,Yes,Credit card (automatic),86.05,113.79,No
CUST-02787,Male,0,No,No,30,No,No phone service,Fiber optic,No,No,No,Yes,No,No,Month-to-month,Yes,Credit card (automatic),86.15,2595.59,No
CUST-02788,Male,1,No,No,10,Yes,Yes,No,No internet service,No internet service,No internet service,No internet service,No internet service,No internet service,Month-to-month,No,Credit card (automatic),31.33,388.4,Yes
CUST-02789,Male,0,No,No,66,Yes,Yes,DSL,No,Yes,Yes,No,No,No,Two year,Yes,Mailed check,68.86,4558.38,No
CUST-02790,Female,1,No,No,16,No,No phone service,DSL,Yes,No,No,No,Yes,Yes,Month-to-month,No,Electronic check,63.28,967.27,Yes
CUST-02791,Female,0,No,No,38,Yes,No,No,No internet service,No internet service,No internet service,No internet service,No internet service,No internet service,Month-to-month,No,Electronic check,32.04,1155.03,No
CUST-02792,Male,1,No,No,2,Yes,No,No,No internet service,No internet service,No internet service,No internet service,No internet service,No internet service,Month-to-month,No,Credit card (automatic),23.85,39.79,No
CUST-02793,Female,1,No,No,4,Yes,No,Fiber optic,Yes,No,No,Yes,Yes,Yes,Month-to-month,Yes,Bank transfer (automatic),98.36,455.3,Yes
CUST-02794,Female,1,Yes,Yes,32,Yes,No,Fiber optic,No,No,No,No,No,No,Month-to-month,No,Mailed check,89.68,2864.83,No
CUST-02795,Male,0,Yes,Yes,23,Yes,No,DSL,No,No,No,No,No,No,One year,No,Bank transfer (automatic),61.4,1381.12,No
CUST-02796,Female,0,Yes,Yes,35,Yes,No,No,No internet service,No internet service,No internet service,No internet service,No internet service,No internet service,One year,Yes,Electronic check,25.44,842.79,No
CUST-02797,Female,0,Yes,Yes,42,Yes,No,Fiber optic,No,Yes,No,No,Yes,Yes,One year,Yes,Bank transfer (automatic),94.72,4059.06,No
CUST-02798,Female,0,Yes,No,20,Yes,No,Fiber optic,No,Yes,No,No,Yes,Yes,Month-to-month,No,Bank transfer (automatic),98.47,1885.45,No
CUST-02799,Female,0,No,No,33,Yes,No,No,No internet service,No internet service,No internet service,No internet service,No internet service,No internet service,Month-to-month,Yes,Electronic check,25.22,815.75,No
CUST-02800,Male,1,No,Yes,27,Yes,Yes,No,No internet service,No internet service,No internet service,No internet service,No internet service,No internet service,One year,No,Mailed check,32.48,830.84,No
CUST-02801,Female,0,No,No,37,Yes,No,DSL,Yes,Yes,Yes,Yes,No,Yes,Month-to-month,No,Electronic check,70.35,2596.06,No
CUST-02802,Male,0,No,No,12,Yes,No,DSL,Yes,No,Yes,No,Yes,Yes,One year,Yes,Credit card (automatic),61.97,738.97,Yes
CUST-02803,Female,0,No,No,24,Yes,Yes,DSL,No,No,Yes,Yes,No,Yes,One year,Yes,Mailed check,61.0,1497.97,No
CUST-02804,Male,0,No,No,3,Yes,No,No,No internet service,No internet service,No internet service,No internet service,No internet service,No internet service,Month-to-month,No,Mailed check,24.82,14.56,No
CUST-02805,Male,0,No,No,0,Yes,Yes,Fiber optic,No,No,No,No,No,No,Month-to-month,No,Mailed check,83.48,0.0,No
CUST-02806,Female,0,Yes,No,34,Yes,Yes,Fiber optic,No,No,No,Yes,No,Yes,One year,Yes,Credit card (automatic),83.04,2755.02,No
CUST-02807,Male,0,No,Yes,3,Yes,No,DSL,Yes,Yes,No,No,No,No,Month-to-month,Yes,Mailed check,54.13,92.54,No
CUST-02808,Male,1,Yes,Yes,1,Yes,No,Fiber optic,No,No,No,No,Yes,No,Month-to-month,No,Mailed check,98.94,85.62,Yes
CUST-02809,Female,0,Yes,No,36,Yes,No,DSL,No,Yes,No,No,Yes,Yes,Month-to-month,Yes,Mailed check,65.67,2381.72,Yes
CUST-02810,Male,0,Yes,Yes,4,Yes,No,No,No internet service,No internet service,No internet service,No internet service,No internet service,No internet service,Month-to-month,Yes,Electronic check,21.76,115.72,No
CUST-02811,Female,0,No,Yes,21,Yes,Yes,Fiber optic,Yes,No,Yes,No,Yes,No,One year,Yes,Mailed check,82.37,1750.01,No
CUST-02812,Male,1,No,Yes,14,Yes,Yes,No,No internet service,No internet service,No internet service,No internet service,No internet service,No internet service,Month-to-month,Yes,Electronic check,18.0,250.05,Yes
CUST-02813,Male,1,Yes,No,66,Yes,Yes,DSL,No,No,No,Yes,Yes,Yes,Two year,Yes,Mailed check,59.7,3952.43,No
CUST-02814,Female,0,No,No,48,Yes,No,DSL,No,No,No,No,Yes,Yes,Two year,Yes,Bank transfer (automatic),52.48,2501.55,No
CUST-02815,Male,0,Yes,No,60,Yes,Yes,DSL,No,Yes,No,No,No,Yes,Two year,No,Bank transfer (automatic),59.81,3551.29,No
CUST-02816,Male,0,Yes,No,1,Yes,Yes,DSL,No,No,No,No,No,No,Month-to-month,Yes,Electronic check,53.61,18.14,Yes
CUST-02817,Female,0,Yes,No,13,Yes,No,Fiber optic,Yes,No,No,Yes,Yes,No,Month-to-month,Yes,Electronic check,81.34,1047.77,Yes
CUST-02818,Female,0,Yes,No,40,No,No phone service,DSL,No,No,Yes,No,No,Yes,Two year,No,Mailed check,64.87,2563.11,No
CUST-02819,Male,0,No,No,46,Yes,No,Fiber optic,Yes,Yes,Yes,Yes,No,Yes,One year,No,Electronic check,86.43,4042.12,No
CUST-02820,Female,0,Yes,Yes,24,Yes,No,DSL,No,No,No,No,No,No,Month-to-month,Yes,Electronic check,59.6,1404.43,No
CUST-02821,Female,0,Yes,Yes,30,Yes,No,No,No internet service,No internet service,No internet service,No internet service,No internet service,No internet service,Two year,No,Credit card (automatic),22.28,590.42,No
CUST-02822,Female,0,Yes,No,22,No,No phone service,DSL,No,No,No,Yes,Yes,Yes,One year,No,Bank transfer (automatic),68.05,1524.87,No
CUST-02823,Male,1,No,No,44,Yes,Yes,Fiber optic,No,No,No,No,No,Yes,One year,Yes,Electronic check,83.11,3685.88,Yes
CUST-02824,Female,0,No,No,71,Yes,Yes,No,No internet service,No internet service,No internet service,No internet service,No internet service,No internet service,Two year,Yes,Mailed check,23.58,1677.55,No
CUST-02825,Female,0,No,No,60,Yes,Yes,No,No internet service,No internet service,No internet service,No internet service,No internet service,No internet service,Two year,No,Electronic check,35.58,2135.36,No
CUST-02826,Female,0,No,No,3,Yes,Yes,Fiber optic,No,No,Yes,No,Yes,Yes,Month-to-month,No,Bank transfer (automatic),82.5,237.3,No
CUST-02827,Male,1,No,Yes,2,Yes,Yes,Fiber optic,No,Yes,Yes,Yes,No,Yes,Month-to-month,Yes,Credit card (automatic),101.97,191.93,Yes
CUST-02828,Female,0,Yes,No,37,Yes,No,Fiber optic,Yes,No,No,No,No,No,One year,Yes,Credit card (automatic),82.56,3046.81,No
CUST-02829,Female,0,Yes,No,24,No,No phone service,Fiber optic,No,No,No,No,No,No,One year,Yes,Electronic check,77.0,1848.87,No
CUST-02830,Male,0,No,No,24,Yes,No,No,No internet service,No internet service,No internet service,No internet service,No internet service,No internet service,One year,Yes,Bank transfer (automatic),28.66,677.7,No
CUST-02831,Female,0,Yes,Yes,58,Yes,Yes,Fiber optic,No,No,Yes,Yes,No,No,Month-to-month,Yes,Electronic check,89.6,5121.64,Yes
CUST-02832,Female,1,Yes,Yes,42,Yes,No,Fiber optic,No,No,No,No,No,Yes,One year,No,Credit card (automatic),80.85,3351.75,No
CUST-02833,Male,0,Yes,No,40,Yes,No,No,No internet service,No internet service,No internet service,No internet service,No internet service,No internet service,Month-to-month,No,Electronic check,27.77,1117.21,Yes
CUST-02834,Female,0,Yes,Yes,64,Yes,Yes,DSL,Yes,No,No,No,No,Yes,Two year,No,Electronic check,61.71,3904.36,No
CUST-02835,Male,0,No,Yes,52,Yes,No,Fiber optic,Yes,No,Yes,No,Yes,Yes,Two year,Yes,Electronic check,85.39,4403.69,No
CUST-02836,Female,0,Yes,No,5,Yes,No,DSL,No,No,No,No,Yes,Yes,Month-to-month,Yes,Electronic check,64.63,350.28,Yes
CUST-02837,Female,0,Yes,No,39,Yes,No,Fiber optic,Yes,No,No,No,No,Yes,One year,No,Electronic check,91.46,3497.96,No
CUST-02838,Female,0,No,Yes,53,Yes,No,Fiber optic,No,No,Yes,No,No,Yes,One year,Yes,Bank transfer (automatic),88.71,4657.68,No
CUST-02839,Male,0,No,No,14,Yes,No,Fiber optic,Yes,No,Yes,No,No,Yes,Month-to-month,No,Bank transfer (automatic),91.21,1299.24,No
CUST-02840,Female,0,Yes,Yes,21,Yes,No,DSL,Yes,No,No,No,No,Yes,Month-to-month,No,Electronic check,60.69,1241.78,No
CUST-02841,Male,1,Yes,No,23,Yes,No,No,No internet service,No internet service,No internet service,No internet service,No internet service,No internet service,One year,Yes,Mailed check,27.32,622.67,No
CUST-02842,Female,1,Yes,No,34,Yes,No,DSL,Yes,Yes,No,Yes,No,No,One year,Yes,Mailed check,66.29,2145.69,No
CUST-02843,Female,1,Yes,No,12,Yes,No,Fiber optic,Yes,No,No,Yes,No,No,Month-to-month,Yes,Mailed check,100.01,1236.86,No
CUST-02844,Male,0,Yes,Yes,54,Yes,No,DSL,No,Yes,No,No,No,Yes,Two year,Yes,Electronic check,42.42,2327.08,No
CUST-02845,Male,0,Yes,No,50,Yes,No,No,No internet service,No internet service,No internet service,No internet service,No internet service,No internet service,Two year,Yes,Bank transfer (automatic),21.96,1095.54,No
CUST-02846,Male,0,No,No,43,Yes,Yes,Fiber optic,Yes,Yes,No,No,No,Yes,Two year,Yes,Mailed check,84.77,3598.37,Yes
CUST-02847,Female,1,No,No,72,No,No phone service,No,No internet service,No internet service,No internet service,No internet service,No internet service,No internet service,Two year,No,Electronic check,25.15,1870.91,No
CUST-02848,Male,0,No,No,17,Yes,Yes,Fiber optic,No,Yes,No,No,No,Yes,Month-to-month,Yes,Credit card (automatic),80.08,1450.64,No
CUST-02849,Male,0,No,Yes,40,Yes,Yes,DSL,Yes,Yes,No,No,No,No,Two year,Yes,Mailed check,60.78,2496.75,No
CUST-02850,Male,0,No,Yes,53,Yes,Yes,DSL,No,No,No,Yes,Yes,Yes,Two year,No,Mailed check,69.75,3729.72,No
CUST-02851,Male,0,No,No,27,Yes,No,Fiber optic,No,Yes,No,No,Yes,Yes,One year,No,Bank transfer (automatic),87.3,2361.62,Yes
CUST-02852,Male,1,No,No,15,Yes,Yes,No,No internet service,No internet service,No internet service,No internet service,No internet service,No internet service,Month-to-month,No,Electronic check,40.64,593.35,No
CUST-02853,Male,0,No,No,31,Yes,No,Fiber optic,No,Yes,No,No,No,No,Month-to-month,Yes,Mailed check,95.66,3017.33,Yes
CUST-02854,Male,0,No,Yes,2,Yes,No,DSL,No,No,Yes,No,No,Yes,Month-to-month,Yes,Mailed check,64.95,123.33,Yes
CUST-02855,Female,0,No,Yes,19,Yes,Yes,Fiber optic,No,No,No,Yes,Yes,Yes,One year,No,Electronic check,86.99,1532.63,No
CUST-02856,Male,0,No,Yes,24,Yes,No,Fiber optic,Yes,No,Yes,Yes,No,Yes,Month-to-month,Yes,Bank transfer (automatic),83.83,2011.2,Yes
CUST-02857,Female,0,Yes,Yes,40,Yes,Yes,Fiber optic,No,Yes,No,Yes,Yes,No,One year,No,Electronic check,90.68,3618.68,No
CUST-02858,Female,1,Yes,No,35,Yes,No,Fiber optic,No,No,Yes,No,Yes,No,One year,No,Mailed check,94.13,3267.11,No
CUST-02859,Female,0,Yes,Yes,25,Yes,No,Fiber optic,Yes,Yes,No,No,Yes,No,Month-to-month,Yes,Mailed check,92.25,2338.6,No
CUST-02860,Male,0,Yes,No,7,Yes,Yes,No,No internet service,No internet service,No internet service,No internet service,No internet service,No internet service,Month-to-month,No,Credit card (automatic),37.79,236.73,Yes
CUST-02861,Male,0,Yes,Yes,14,Yes,Yes,Fiber optic,No,No,Yes,No,No,No,One year,Yes,Credit card (automatic),98.47,1386.14,No
CUST-02862,Female,0,Yes,No,14,Yes,Yes,DSL,No,Yes,No,No,No,No,Month-to-month,Yes,Credit card (automatic),64.04,797.82,No
CUST-02863,Female,0,Yes,No,36,Yes,No,Fiber optic,No,No,No,Yes,No,No,Two year,Yes,Mailed check,84.86,3012.69,No
CUST-02864,Female,0,No,Yes,53,No,No phone service,No,No internet service,No internet service,No internet service,No internet service,No internet service,No internet service,Two year,No,Electronic check,24.27,1273.16,No
CUST-02865,Male,1,Yes,Yes,9,No,No phone service,DSL,No,No,Yes,Yes,No,Yes,Month-to-month,No,Credit card (automatic),60.42,461.49,Yes
CUST-02866,Male,0,Yes,No,16,Yes,Yes,DSL,Yes,Yes,Yes,No,No,No,One year,No,Bank transfer (automatic),69.15,1067.3,No
CUST-02867,Male,0,Yes,Yes,57,Yes,No,Fiber optic,No,No,No,No,Yes,Yes,Two year,Yes,Mailed check,83.93,4812.44,No
CUST-02868,Male,0,Yes,Yes,64,Yes,No,Fiber optic,No,No,Yes,No,Yes,Yes,Two year,Yes,Credit card (automatic),86.7,5530.8,No
CUST-02869,Female,0,No,No,15,Yes,Yes,DSL,No,No,Yes,No,No,No,One year,Yes,Electronic check,54.54,873.93,No
CUST-02870,Male,0,No,No,48,Yes,Yes,No,No internet service,No internet service,No internet service,No internet service,No internet service,No internet service,Two year,No,Credit card (automatic),29.99,1451.32,No
CUST-02871,Male,1,Yes,No,32,No,No phone service,DSL,Yes,No,Yes,No,No,Yes,Month-to-month,No,Electronic check,61.46,1915.12,Yes
CUST-02872,Female,0,No,Yes,4,Yes,Yes,Fiber optic,No,No,No,No,No,Yes,Month-to-month,Yes,Electronic check,93.3,426.01,No
CUST-02873,Female,1,Yes,Yes,10,Yes,No,DSL,No,Yes,Yes,No,Yes,No,One year,Yes,Credit card (automatic),57.63,601.96,Yes
CUST-02874,Male,0,No,No,23,Yes,No,Fiber optic,Yes,No,No,No,No,Yes,One year,No,Mailed check,95.52,2207.06,No
CUST-02875,Male,0,No,No,46,Yes,No,Fiber optic,No,No,Yes,No,Yes,No,Two year,Yes,Mailed check,81.77,3800.66,Yes
CUST-02876,Female,0,No,Yes,17,Yes,No,DSL,Yes,Yes,No,No,No,No,Month-to-month,No,Bank transfer (automatic),52.19,848.18,Yes
CUST-02877,Female,0,Yes,No,0,Yes,Yes,No,No internet service,No internet service,No internet service,No internet service,No internet service,No internet service,Month-to-month,Yes,Credit card (automatic),30.23,0.0,No
CUST-02878,Female,1,No,No,51,Yes,Yes,Fiber optic,No,No,No,No,No,No,One year,No,Mailed check,88.75,4494.82,No
CUST-02879,Female,0,No,No,49,No,No phone service,No,No internet service,No internet service,No internet service,No internet service,No internet service,No internet service,Two year,Yes,Electronic check,29.39,1469.2,No
CUST-02880,Female,0,No,No,5,Yes,No,DSL,No,No,Yes,No,No,No,One year,No,Mailed check,58.87,245.75,No
CUST-02881,Male,0,Yes,No,15,No,No phone service,Fiber optic,Yes,No,No,Yes,No,Yes,Month-to-month,Yes,Electronic check,92.11,1386.46,No
CUST-02882,Male,1,Yes,No,72,Yes,Yes,No,No internet service,No internet service,No internet service,No internet service,No internet service,No internet service,Two year,No,Mailed check,30.68,2252.17,No
CUST-02883,Female,0,Yes,Yes,27,Yes,Yes,Fiber optic,Yes,No,Yes,Yes,No,No,One year,No,Electronic check,84.62,2272.33,No
CUST-02884,Male,0,Yes,No,46,Yes,No,No,No internet service,No internet service,No internet service,No internet service,No internet service,No internet service,Two year,Yes,Bank transfer (automatic),21.57,1043.82,No
CUST-02885,Male,0,No,No,48,Yes,Yes,Fiber optic,Yes,No,Yes,No,No,No,Two year,No,Bank transfer (automatic),89.3,4261.29,No
CUST-02886,Male,1,Yes,No,23,Yes,Yes,Fiber optic,No,No,Yes,No,Yes,No,Month-to-month,Yes,Credit card (automatic),93.08,2092.9,No
CUST-02887,Female,0,Yes,No,48,Yes,No,Fiber optic,No,No,No,Yes,Yes,No,Two year,No,Bank transfer (automatic),92.17,4434.27,No
CUST-02888,Male,0,No,Yes,28,Yes,No,DSL,No,No,No,Yes,Yes,Yes,Month-to-month,No,Credit card (automatic),58.5,1632.67,No
CUST-02889,Male,1,No,No,43,Yes,No,Fiber optic,Yes,Yes,No,No,No,No,Two year,Yes,Electronic check,96.56,4198.71,No
CUST-02890,Male,0,No,No,4,Yes,No,Fiber optic,No,No,No,No,No,No,Month-to-month,Yes,Mailed check,93.24,338.73,No
CUST-02891,Male,0,No,No,37,No,No phone service,No,No internet service,No internet service,No internet service,No internet service,No internet service,No internet service,One year,Yes,Electronic check,27.69,1062.57,No
CUST-02892,Female,0,No,No,8,Yes,No,Fiber optic,No,No,No,No,No,No,Month-to-month,Yes,Electronic check,73.0,586.29,No
CUST-02893,Male,0,No,Yes,7,Yes,No,No,No internet service,No internet service,No internet service,No internet service,No internet service,No internet service,Month-to-month,No,Bank transfer (automatic),21.06,185.81,Yes
CUST-02894,Female,0,Yes,No,52,Yes,No,Fiber optic,Yes,No,No,Yes,No,No,Two year,Yes,Credit card (automatic),83.57,4313.39,No
CUST-02895,Male,0,Yes,No,6,Yes,Yes,No,No internet service,No internet service,No internet service,No internet service,No internet service,No internet service,Month-to-month,Yes,Electronic check,18.0,93.48,No
CUST-02896,Female,0,No,No,0,Yes,No,Fiber optic,No,Yes,No,No,Yes,Yes,Month-to-month,Yes,Electronic check,90.13,0.0,Yes
CUST-02897,Female,0,Yes,Yes,57,Yes,No,Fiber optic,Yes,Yes,No,No,No,No,Two year,Yes,Electronic check,89.39,5142.06,No
CUST-02898,Female,0,Yes,No,20,Yes,Yes,DSL,Yes,No,Yes,No,Yes,Yes,Month-to-month,No,Electronic check,66.99,1359.32,No
CUST-02899,Female,0,No,Yes,34,Yes,Yes,Fiber optic,No,No,No,Yes,No,No,One year,Yes,Mailed check,75.95,2524.15,No
CUST-02900,Male,0,Yes,No,38,Yes,No,DSL,No,No,Yes,No,No,Yes,Two year,No,Electronic check,48.22,1798.45,No
CUST-02901,Female,0,Yes,Yes,29,Yes,No,Fiber optic,No,Yes,No,No,No,No,Month-to-month,Yes,Electronic check,88.62,2564.94,Yes
CUST-02902,Female,0,Yes,No,26,Yes,No,Fiber optic,Yes,No,No,Yes,No,Yes,Month-to-month,Yes,Mailed check,102.55,2637.01,No
CUST-02903,Female,0,Yes,Yes,49,Yes,No,No,No internet service,No internet service,No internet service,No internet service,No internet service,No internet service,One year,No,Bank transfer (automatic),36.52,1857.06,No
CUST-02904,Female,0,No,Yes,5,Yes,Yes,No,No internet service,No internet service,No internet service,No internet service,No internet service,No internet service,One year,Yes,Electronic check,27.83,110.83,No
CUST-02905,Female,0,Yes,No,13,Yes,Yes,Fiber optic,No,No,No,Yes,No,Yes,Month-to-month,Yes,Electronic check,81.75,1015.35,No
CUST-02906,Female,0,No,No,13,Yes,No,DSL,Yes,Yes,Yes,No,No,No,Month-to-month,Yes,Electronic check,59.08,746.55,No
CUST-02907,Female,1,Yes,No,15,Yes,No,Fiber optic,Yes,No,Yes,No,No,No,Month-to-month,Yes,Electronic check,93.02,1419.1,No
CUST-02908,Female,0,No,No,1,Yes,Yes,Fiber optic,No,No,No,No,No,No,Month-to-month,Yes,Electronic check,78.56,65.49,No
CUST-02909,Male,0,Yes,No,3,Yes,Yes,Fiber optic,Yes,Yes,No,No,No,No,Month-to-month,No,Credit card (automatic),84.88,317.65,No
CUST-02910,Male,0,Yes,No,50,Yes,No,Fiber optic,No,Yes,Yes,Yes,No,No,Two year,No,Electronic check,89.13,4400.22,No
CUST-02911,Male,0,No,Yes,3,Yes,Yes,No,No internet service,No internet service,No internet service,No internet service,No internet service,No internet service,Month-to-month,No,Electronic check,35.04,94.82,Yes
CUST-02912,Male,0,Yes,Yes,4,Yes,Yes,DSL,No,Yes,No,No,No,No,Month-to-month,Yes,Bank transfer (automatic),65.41,365.42,Yes
CUST-02913,Male,0,No,No,51,Yes,No,Fiber optic,No,Yes,No,Yes,Yes,Yes,Two year,Yes,Mailed check,100.72,5159.36,No
CUST-02914,Male,1,Yes,No,10,Yes,No,No,No internet service,No internet service,No internet service,No internet service,No internet service,No internet service,Month-to-month,Yes,Bank transfer (automatic),23.29,203.47,Yes
CUST-02915,Male,0,Yes,Yes,41,Yes,No,Fiber optic,No,Yes,Yes,No,No,Yes,Two year,Yes,Mailed check,87.84,3534.82,No
CUST-02916,Male,0,Yes,No,57,No,No phone service,No,No internet service,No internet service,No internet service,No internet service,No internet service,No internet service,Two year,No,Electronic check,30.41,1696.11,No
CUST-02917,Female,0,No,No,59,Yes,No,Fiber optic,No,No,Yes,No,No,No,Month-to-month,Yes,Mailed check,81.18,4789.44,No
CUST-02918,Female,0,Yes,No,24,Yes,No,Fiber optic,No,Yes,Yes,Yes,No,Yes,Month-to-month,No,Credit card (automatic),88.46,2167.95,Yes
CUST-02919,Female,1,Yes,Yes,2,Yes,No,No,No internet service,No internet service,No internet service,No internet service,No internet service,No internet service,Month-to-month,Yes,Electronic check,40.3,36.24,No
CUST-02920,Male,0,No,No,0,Yes,No,DSL,No,No,No,Yes,No,No,Month-to-month,Yes,Electronic check,71.74,0.0,Yes
CUST-02921,Male,0,Yes,No,0,Yes,No,DSL,Yes,Yes,No,No,No,No,Month-to-month,Yes,Credit card (automatic),54.58,0.0,Yes
CUST-02922,Female,0,No,No,6,Yes,Yes,DSL,No,No,No,Yes,Yes,No,Month-to-month,Yes,Bank transfer (automatic),54.96,399.77,Yes
CUST-02923,Male,0,No,No,31,Yes,No,No,No internet service,No internet service,No internet service,No internet service,No internet service,No internet service,Month-to-month,No,Bank transfer (automatic),21.33,706.72,Yes
CUST-02924,Female,0,No,Yes,63,Yes,No,DSL,No,Yes,No,Yes,Yes,Yes,Two year,No,Electronic check,63.16,3906.62,Yes
CUST-02925,Male,0,Yes,No,2,Yes,Yes,DSL,No,Yes,No,No,No,Yes,Month-to-month,Yes,Electronic check,70.31,134.79,Yes
CUST-02926,Male,0,Yes,No,9,Yes,No,DSL,No,No,No,Yes,Yes,No,Month-to-month,Yes,Mailed check,55.91,520.51,No
CUST-02927,Female,0,No,No,64,Yes,Yes,Fiber optic,No,No,No,Yes,No,Yes,Month-to-month,No,Electronic check,88.19,5641.38,No
CUST-02928,Male,0,No,No,4,Yes,Yes,DSL,No,No,No,No,No,No,Month-to-month,Yes,Electronic check,69.63,232.49,Yes
CUST-02929,Male,0,Yes,No,20,Yes,Yes,DSL,Yes,Yes,No,No,No,Yes,One year,Yes,Bank transfer (automatic),64.94,1336.35,No
CUST-02930,Female,0,No,Yes,21,No,No phone service,Fiber optic,Yes,No,No,No,Yes,No,One year,Yes,Electronic check,92.76,1974.65,Yes
CUST-02931,Male,0,No,Yes,2,Yes,Yes,Fiber optic,No,No,Yes,No,No,Yes,Month-to-month,No,Credit card (automatic),83.76,223.63,Yes
CUST-02932,Female,0,Yes,No,4,Yes,No,Fiber optic,Yes,No,No,No,Yes,No,One year,Yes,Mailed check,85.48,348.84,Yes
CUST-02933,Male,0,Yes,No,35,Yes,Yes,Fiber optic,No,No,No,No,Yes,Yes,Month-to-month,Yes,Electronic check,90.83,3161.14,Yes
CUST-02934,Male,1,No,No,54,Yes,Yes,Fiber optic,No,No,Yes,Yes,No,Yes,Two year,Yes,Bank transfer (automatic),98.86,5356.1,No
CUST-02935,Female,0,No,No,16,Yes,Yes,No,No internet service,No internet service,No internet service,No internet service,No internet service,No internet service,Month-to-month,No,Mailed check,19.13,274.03,No
CUST-02936,Male,0,No,No,22,Yes,No,Fiber optic,Yes,No,No,No,Yes,Yes,One year,Yes,Credit card (automatic),91.19,2040.88,No
CUST-02937,Female,0,Yes,No,6,Yes,Yes,Fiber optic,No,Yes,No,Yes,Yes,No,Month-to-month,Yes,Credit card (automatic),87.22,591.31,Yes
CUST-02938,Female,0,Yes,No,3,No,No phone service,Fiber optic,No,Yes,No,No,Yes,No,Month-to-month,No,Electronic check,77.21,189.41,Yes
CUST-02939,Female,1,Yes,No,56,Yes,No,No,No internet service,No internet service,No internet service,No internet service,No internet service,No internet service,Month-to-month,Yes,Mailed check,28.08,1540.19,No
CUST-02940,Male,0,Yes,Yes,45,Yes,No,No,No internet service,No internet service,No internet service,No internet service,No internet service,No internet service,Month-to-month,Yes,Electronic check,30.44,1433.44,No
CUST-02941,Female,0,No,No,30,Yes,No,Fiber optic,Yes,Yes,No,No,No,No,One year,No,Mailed check,87.91,2670.24,No
CUST-02942,Female,1,Yes,No,32,Yes,No,Fiber optic,No,No,Yes,No,Yes,No,One year,No,Bank transfer (automatic),95.87,3068.28,Yes
CUST-02943,Female,0,Yes,No,12,Yes,No,DSL,No,Yes,No,Yes,Yes,No,Month-to-month,No,Credit card (automatic),65.77,729.55,No
CUST-02944,Male,0,No,No,45,Yes,No,No,No internet service,No internet service,No internet service,No internet service,No internet service,No internet service,Two year,Yes,Credit card (automatic),22.5,1002.07,No
CUST-02945,Female,0,Yes,Yes,0,Yes,Yes,DSL,No,No,No,No,Yes,Yes,Month-to-month,Yes,Mailed check,55.66,0.0,No
CUST-02946,Male,0,Yes,No,63,Yes,No,Fiber optic,No,No,No,No,Yes,Yes,Two year,Yes,Bank transfer (automatic),93.11,5843.79,No
CUST-02947,Female,0,No,Yes,18,Yes,No,DSL,Yes,Yes,Yes,Yes,Yes,Yes,Month-to-month,Yes,Credit card (automatic),74.13,1340.66,No
CUST-02948,Male,0,Yes,Yes,4,Yes,No,DSL,No,No,Yes,No,Yes,Yes,Month-to-month,No,Bank transfer (automatic),67.81,196.69,No
CUST-02949,Female,0,No,No,11,Yes,No,Fiber optic,No,No,Yes,No,Yes,No,Month-to-month,Yes,Mailed check,85.2,941.94,Yes
CUST-02950,Female,0,Yes,No,21,Yes,No,Fiber optic,No,No,Yes,No,Yes,Yes,One year,No,Bank transfer (automatic),99.26,2095.71,Yes
CUST-02951,Male,0,Yes,No,16,Yes,Yes,DSL,No,No,No,No,Yes,No,One year,No,Electronic check,57.55,902.33,No
CUST-02952,Female,0,No,No,25,Yes,Yes,DSL,No,No,No,Yes,No,No,One year,Yes,Electronic check,73.88,1895.64,No
CUST-02953,Female,0,Yes,Yes,13,Yes,Yes,Fiber optic,Yes,Yes,No,No,No,Yes,Month-to-month,Yes,Electronic check,90.5,1144.39,Yes
CUST-02954,Male,0,No,No,22,No,No phone service,Fiber optic,No,Yes,No,Yes,No,No,Month-to-month,Yes,Credit card (automatic),89.35,1985.26,No
CUST-02955,Male,0,Yes,Yes,28,Yes,No,Fiber optic,Yes,No,Yes,No,Yes,No,One year,Yes,Mailed check,98.07,2799.46,No
CUST-02956,Female,0,No,No,49,Yes,Yes,No,No internet service,No internet service,No internet service,No internet service,No internet service,No internet service,Two year,Yes,Electronic check,22.79,1141.84,No
CUST-02957,Male,0,Yes,No,27,Yes,Yes,DSL,No,No,No,No,No,Yes,Month-to-month,Yes,Bank transfer (automatic),57.8,1506.65,No
CUST-02958,Male,0,No,No,60,Yes,No,Fiber optic,Yes,No,Yes,No,Yes,Yes,Two year,No,Electronic check,86.78,5278.47,No
CUST-02959,Female,0,No,No,39,Yes,No,Fiber optic,No,Yes,No,No,Yes,No,One year,Yes,Electronic check,87.8,3419.94,Yes
CUST-02960,Male,0,No,No,24,Yes,No,DSL,Yes,No,Yes,No,No,No,Month-to-month,Yes,Electronic check,51.26,1266.45,Yes
CUST-02961,Female,0,Yes,No,22,Yes,Yes,No,No internet service,No internet service,No internet service,No internet service,No internet service,No internet service,One year,No,Bank transfer (automatic),36.35,808.07,No
CUST-02962,Male,0,No,No,0,Yes,No,DSL,Yes,No,No,No,No,No,Month-to-month,No,Mailed check,62.52,0.0,Yes
CUST-02963,Female,0,No,No,0,Yes,No,Fiber optic,No,No,No,No,Yes,No,Month-to-month,No,Credit card (automatic),82.99,0.0,Yes
CUST-02964,Male,0,Yes,No,29,Yes,Yes,DSL,No,No,Yes,No,No,No,One year,Yes,Electronic check,60.72,1748.82,No
CUST-02965,Female,0,No,Yes,37,Yes,Yes,Fiber optic,No,No,Yes,No,No,No,Two year,Yes,Credit card (automatic),87.45,3222.5,No
CUST-02966,Female,1,Yes,No,18,Yes,No,Fiber optic,No,Yes,Yes,No,No,Yes,Month-to-month,Yes,Mailed check,96.93,1766.72,No
CUST-02967,Male,0,Yes,No,4,Yes,No,Fiber optic,No,Yes,No,Yes,No,Yes,Month-to-month,Yes,Mailed check,84.03,321.12,Yes
CUST-02968,Male,0,No,Yes,23,Yes,Yes,Fiber optic,No,No,No,No,No,Yes,Month-to-month,No,Electronic check,87.99,2062.07,Yes
CUST-02969,Female,1,Yes,No,47,Yes,Yes,DSL,Yes,No,No,Yes,Yes,Yes,Month-to-month,No,Credit card (automatic),62.42,2992.51,No
CUST-02970,Female,1,Yes,Yes,24,Yes,Yes,DSL,No,Yes,Yes,No,No,No,One year,Yes,Bank transfer (automatic),69.25,1678.78,No
CUST-02971,Female,0,No,No,18,Yes,No,Fiber optic,No,No,No,Yes,Yes,No,Month-to-month,No,Electronic check,89.89,1603.53,No
CUST-02972,Male,0,No,No,1,Yes,No,DSL,Yes,No,No,No,No,No,Month-to-month,Yes,Electronic check,54.69,89.86,Yes
CUST-02973,Female,1,Yes,No,38,Yes,No,Fiber optic,Yes,Yes,No,No,No,Yes,One year,No,Credit card (automatic),101.24,3897.07,No
CUST-02974,Female,0,Yes,No,3,Yes,Yes,No,No internet service,No internet service,No internet service,No internet service,No internet service,No internet service,Month-to-month,No,Bank transfer (automatic),36.53,96.74,Yes
CUST-02975,Male,0,Yes,No,16,Yes,No,Fiber optic,No,Yes,Yes,No,No,No,Month-to-month,No,Mailed check,83.17,1296.99,Yes
CUST-02976,Male,0,No,No,32,Yes,Yes,Fiber optic,Yes,No,No,Yes,Yes,Yes,One year,No,Mailed check,85.91,2706.81,Yes
CUST-02977,Male,0,Yes,No,19,Yes,No,No,No internet service,No internet service,No internet service,No internet service,No internet service,No internet service,Month-to-month,No,Credit card (automatic),22.62,393.27,No
CUST-02978,Female,0,No,No,0,Yes,No,No,No internet service,No internet service,No internet service,No internet service,No internet service,No internet service,Month-to-month,Yes,Electronic check,29.05,0.0,No
CUST-02979,Male,0,No,No,32,Yes,No,DSL,No,No,No,No,No,No,Month-to-month,Yes,Electronic check,51.6,1689.33,Yes
CUST-02980,Male,0,No,No,0,Yes,No,No,No internet service,No internet service,No internet service,No internet service,No internet service,No internet service,Month-to-month,Yes,Electronic check,29.22,0.0,No
CUST-02981,Female,0,Yes,No,59,Yes,Yes,Fiber optic,Yes,No,No,No,No,No,Two year,No,Mailed check,91.05,5403.05,No
CUST-02982,Male,0,Yes,No,72,Yes,No,Fiber optic,Yes,No,Yes,Yes,Yes,Yes,One year,Yes,Credit card (automatic),105.02,7596.9,No
CUST-02983,Female,1,Yes,Yes,11,Yes,No,Fiber optic,Yes,Yes,No,Yes,No,Yes,Month-to-month,No,Credit card (automatic),86.05,1015.64,Yes
CUST-02984,Female,0,Yes,No,0,Yes,Yes,No,No internet service,No internet service,No internet service,No internet service,No internet service,No internet service,Month-to-month,Yes,Mailed check,18.0,0.0,No
CUST-02985,Female,1,Yes,No,3,Yes,No,Fiber optic,Yes,No,Yes,Yes,No,No,Month-to-month,Yes,Credit card (automatic),90.86,336.97,Yes
CUST-02986,Female,1,No,No,50,Yes,No,Fiber optic,No,Yes,No,No,No,Yes,Two year,No,Mailed check,82.8,4148.05,No
CUST-02987,Female,0,Yes,No,40,Yes,No,Fiber optic,Yes,No,No,No,Yes,Yes,One year,Yes,Electronic check,85.59,3410.41,No
CUST-02988,Female,0,Yes,Yes,27,Yes,Yes,DSL,No,No,No,No,Yes,No,One year,Yes,Electronic check,56.47,1493.39,Yes
CUST-02989,Female,0,No,No,4,Yes,No,DSL,Yes,Yes,No,No,No,No,Month-to-month,Yes,Mailed check,64.88,253.97,Yes
CUST-02990,Male,1,No,No,57,Yes,No,Fiber optic,No,No,No,Yes,Yes,No,Two year,Yes,Mailed check,90.49,5116.32,No
CUST-02991,Male,0,Yes,Yes,59,No,No phone service,Fiber optic,No,No,Yes,No,Yes,No,Two year,No,Electronic check,83.45,4911.92,No
CUST-02992,Female,0,No,No,0,Yes,No,Fiber optic,No,Yes,No,No,Yes,No,Month-to-month,Yes,Electronic check,88.4,0.0,Yes
CUST-02993,Male,1,No,No,6,Yes,No,Fiber optic,No,No,Yes,No,Yes,No,Month-to-month,Yes,Mailed check,89.68,465.97,Yes
CUST-02994,Female,0,Yes,No,26,No,No phone service,DSL,No,No,No,No,Yes,Yes,Month-to-month,Yes,Electronic check,58.06,1528.07,Yes
CUST-02995,Female,1,No,Yes,29,Yes,No,DSL,Yes,No,No,No,Yes,No,One year,Yes,Electronic check,57.04,1668.8,No
CUST-02996,Female,0,Yes,No,6,Yes,No,DSL,Yes,Yes,Yes,Yes,Yes,Yes,Month-to-month,Yes,Electronic check,67.63,391.12,No
CUST-02997,Male,0,Yes,No,6,Yes,No,Fiber optic,Yes,No,Yes,No,No,No,Month-to-month,Yes,Electronic check,90.42,562.07,Yes
CUST-02998,Male,0,Yes,No,26,Yes,Yes,Fiber optic,No,No,No,Yes,No,No,One year,Yes,Mailed check,88.02,2306.36,Yes
CUST-02999,Male,0,Yes,Yes,51,Yes,No,DSL,Yes,No,No,No,Yes,No,One year,No,Bank transfer (automatic),53.66,2683.69,No
CUST-03000,Female,0,No,Yes,8,Yes,Yes,DSL,Yes,Yes,Yes,Yes,No,Yes,Month-to-month,Yes,Electronic check,65.45,537.31,Yes
CUST-03001,Female,1,No,No,22,Yes,No,DSL,Yes,Yes,No,No,No,No,Month-to-month,No,Bank transfer (automatic),57.36,1273.94,Yes
CUST-03002,Female,0,Yes,Yes,9,No,No phone service,Fiber optic,Yes,Yes,No,No,No,Yes,Month-to-month,Yes,Credit card (automatic),94.56,839.6,No
CUST-03003,Female,0,No,Yes,7,Yes,Yes,No,No internet service,No internet service,No internet service,No internet service,No internet service,No internet service,Month-to-month,No,Electronic check,28.4,127.65,No
CUST-03004,Female,1,Yes,No,41,Yes,Yes,No,No internet service,No internet service,No internet service,No internet service,No internet service,No internet service,Two year,No,Electronic check,25.78,1183.29,No
CUST-03005,Female,0,Yes,No,31,Yes,No,Fiber optic,Yes,Yes,Yes,No,Yes,No,One year,No,Credit card (automatic),89.36,2751.81,No
CUST-03006,Male,0,No,No,45,Yes,Yes,Fiber optic,No,Yes,No,No,No,Yes,Two year,Yes,Credit card (automatic),73.2,3272.73,No
CUST-03007,Female,1,Yes,Yes,47,No,No phone service,Fiber optic,No,Yes,No,No,Yes,Yes,One year,Yes,Bank transfer (automatic),89.98,4239.35,No
CUST-03008,Male,0,No,No,28,Yes,Yes,DSL,Yes,Yes,Yes,Yes,No,No,One year,Yes,Electronic check,67.38,1870.66,No
CUST-03009,Female,0,Yes,No,2,Yes,No,No,No internet service,No internet service,No internet service,No internet service,No internet service,No internet service,Month-to-month,Yes,Mailed check,30.67,29.43,No
CUST-03010,Female,0,No,No,18,Yes,No,DSL,No,Yes,No,No,No,No,Month-to-month,Yes,Electronic check,53.99,1017.18,No
CUST-03011,Male,0,Yes,Yes,56,Yes,Yes,Fiber optic,No,No,No,No,Yes,Yes,Two year,Yes,Mailed check,86.55,4786.87,No
CUST-03012,Female,0,Yes,Yes,50,Yes,No,No,No internet service,No internet service,No internet service,No internet service,No internet service,No internet service,One year,No,Electronic check,30.89,1508.84,No
CUST-03013,Male,0,No,No,39,Yes,No,DSL,No,No,Yes,Yes,Yes,No,Two year,No,Credit card (automatic),68.2,2632.84,No
CUST-03014,Female,0,No,Yes,33,Yes,No,Fiber optic,No,Yes,No,No,Yes,Yes,One year,No,Mailed check,88.04,2919.48,Yes
CUST-03015,Male,0,Yes,No,16,Yes,Yes,No,No internet service,No internet service,No internet service,No internet service,No internet service,No internet service,Month-to-month,No,Credit card (automatic),32.43,573.71,No
CUST-03016,Male,0,No,Yes,18,Yes,No,DSL,Yes,Yes,No,Yes,No,No,Month-to-month,No,Electronic check,56.52,971.45,No
CUST-03017,Female,0,Yes,Yes,4,Yes,Yes,No,No internet service,No internet service,No internet service,No internet service,No internet service,No internet service,Month-to-month,Yes,Mailed check,30.83,122.89,Yes
CUST-03018,Male,0,Yes,No,9,Yes,No,DSL,No,Yes,No,No,No,Yes,One year,No,Bank transfer (automatic),61.55,484.09,No
CUST-03019,Female,0,Yes,No,36,Yes,Yes,Fiber optic,No,Yes,No,Yes,Yes,No,Two year,Yes,Credit card (automatic),78.79,2801.06,No
CUST-03020,Female,0,No,No,61,Yes,No,DSL,No,Yes,No,No,No,Yes,Two year,Yes,Electronic check,59.33,3612.07,No
CUST-03021,Male,1,No,No,72,No,No phone service,Fiber optic,Yes,No,Yes,Yes,No,No,Month-to-month,Yes,Electronic check,100.22,7225.17,Yes
CUST-03022,Male,0,No,Yes,6,Yes,Yes,DSL,No,No,Yes,No,No,No,Month-to-month,No,Bank transfer (automatic),50.69,212.22,Yes
CUST-03023,Male,0,No,No,5,No,No phone service,Fiber optic,Yes,No,No,Yes,No,No,Month-to-month,No,Mailed check,88.5,389.11,No
CUST-03024,Male,0,Yes,Yes,4,Yes,Yes,Fiber optic,Yes,No,No,No,Yes,Yes,Month-to-month,Yes,Bank transfer (automatic),93.86,396.93,No
CUST-03025,Male,0,Yes,No,43,Yes,Yes,Fiber optic,No,Yes,Yes,Yes,No,No,Two year,No,Electronic check,95.23,4122.92,Yes
CUST-03026,Female,1,Yes,No,16,Yes,No,No,No internet service,No internet service,No internet service,No internet service,No internet service,No internet service,One year,Yes,Bank transfer (automatic),32.68,496.44,No
CUST-03027,Male,0,No,No,3,Yes,Yes,No,No internet service,No internet service,No internet service,No internet service,No internet service,No internet service,Month-to-month,No,Electronic check,25.34,53.48,No
CUST-03028,Female,0,Yes,Yes,58,Yes,Yes,Fiber optic,No,No,No,No,Yes,No,Two year,Yes,Mailed check,89.67,5172.3,No
CUST-03029,Male,0,No,No,14,Yes,Yes,Fiber optic,No,No,No,No,Yes,No,Month-to-month,Yes,Bank transfer (automatic),84.28,1231.06,Yes
CUST-03030,Female,0,No,No,57,Yes,Yes,DSL,No,Yes,No,No,No,No,Two year,No,Electronic check,50.02,2878.83,No
CUST-03031,Female,0,No,No,26,Yes,No,DSL,No,No,No,No,No,Yes,One year,Yes,Mailed check,56.55,1532.57,No
CUST-03032,Male,1,Yes,Yes,17,Yes,Yes,DSL,No,No,Yes,Yes,Yes,No,Month-to-month,Yes,Electronic check,54.91,984.54,No
CUST-03033,Female,0,Yes,No,35,No,No phone service,Fiber optic,No,No,No,Yes,Yes,No,One year,Yes,Mailed check,87.77,3067.83,No
CUST-03034,Male,0,No,No,6,Yes,Yes,DSL,Yes,No,Yes,No,Yes,Yes,Month-to-month,No,Bank transfer (automatic),64.38,376.58,No
CUST-03035,Male,0,No,No,16,Yes,Yes,DSL,No,No,No,Yes,No,Yes,One year,Yes,Mailed check,53.01,853.64,Yes
CUST-03036,Female,0,Yes,No,3,Yes,Yes,Fiber optic,No,No,Yes,No,No,No,Month-to-month,Yes,Bank transfer (automatic),98.61,293.14,No
CUST-03037,Female,0,No,No,4,Yes,Yes,DSL,No,Yes,No,Yes,Yes,No,Month-to-month,No,Mailed check,55.75,248.39,No
CUST-03038,Male,0,No,No,37,Yes,Yes,DSL,No,Yes,No,No,No,No,One year,Yes,Electronic check,59.52,2220.45,No
CUST-03039,Male,0,Yes,No,0,Yes,Yes,Fiber optic,No,No,No,Yes,Yes,Yes,Month-to-month,No,Bank transfer (automatic),88.98,0.0,Yes
CUST-03040,Male,0,No,Yes,30,Yes,No,DSL,Yes,No,Yes,No,No,Yes,Month-to-month,No,Mailed check,59.07,1740.76,No
CUST-03041,Male,1,Yes,Yes,57,No,No phone service,Fiber optic,Yes,No,No,Yes,No,No,Two year,Yes,Electronic check,87.79,5020.0,No
CUST-03042,Male,0,No,No,9,Yes,No,No,No internet service,No internet service,No internet service,No internet service,No internet service,No internet service,Month-to-month,No,Mailed check,23.61,194.08,No
CUST-03043,Male,1,Yes,No,38,Yes,No,Fiber optic,Yes,No,No,No,Yes,No,One year,Yes,Mailed check,92.23,3543.97,No
CUST-03044,Female,0,Yes,No,31,Yes,Yes,DSL,Yes,No,Yes,Yes,No,No,One year,Yes,Electronic check,71.76,2144.04,Yes
CUST-03045,Male,0,Yes,Yes,22,Yes,Yes,Fiber optic,No,Yes,No,Yes,No,No,Month-to-month,No,Bank transfer (automatic),98.1,2184.6,Yes
CUST-03046,Female,1,No,No,31,Yes,No,Fiber optic,No,No,No,Yes,Yes,No,Two year,No,Electronic check,93.76,2865.63,Yes
CUST-03047,Female,0,No,No,14,Yes,No,Fiber optic,Yes,Yes,Yes,No,Yes,No,Month-to-month,Yes,Electronic check,87.68,1225.08,Yes
CUST-03048,Female,0,Yes,No,9,Yes,Yes,Fiber optic,Yes,No,No,No,No,No,Month-to-month,Yes,Credit card (automatic),87.23,791.35,Yes
CUST-03049,Male,0,Yes,No,6,Yes,No,Fiber optic,No,No,Yes,No,Yes,Yes,Month-to-month,Yes,Credit card (automatic),90.31,511.32,Yes
CUST-03050,Female,0,Yes,No,43,Yes,Yes,Fiber optic,No,No,No,No,Yes,Yes,One year,Yes,Credit card (automatic),89.45,3827.07,No
CUST-03051,Female,1,Yes,Yes,17,Yes,Yes,DSL,No,No,No,No,No,No,Month-to-month,Yes,Mailed check,49.79,856.96,No
CUST-03052,Male,0,No,No,30,Yes,No,Fiber optic,No,No,Yes,No,No,No,Month-to-month,No,Mailed check,74.58,2227.79,No
CUST-03053,Female,0,Yes,No,60,Yes,No,DSL,No,No,No,Yes,No,No,Month-to-month,Yes,Electronic check,64.9,3906.66,No
CUST-03054,Male,0,No,No,29,No,No phone service,Fiber optic,Yes,No,No,Yes,Yes,No,One year,Yes,Bank transfer (automatic),88.91,2617.42,No
CUST-03055,Female,0,No,Yes,13,Yes,No,No,No internet service,No internet service,No internet service,No internet service,No internet service,No internet service,Month-to-month,Yes,Electronic check,25.7,326.06,No
CUST-03056,Male,0,Yes,No,3,Yes,Yes,Fiber optic,No,Yes,Yes,No,No,No,Month-to-month,Yes,Mailed check,88.15,302.81,No
CUST-03057,Female,1,No,Yes,0,No,No phone service,DSL,No,Yes,Yes,No,No,Yes,Month-to-month,Yes,Credit card (automatic),56.73,0.0,Yes
CUST-03058,Male,0,No,No,17,Yes,Yes,Fiber optic,No,No,Yes,No,Yes,Yes,Month-to-month,Yes,Electronic check,98.76,1762.98,Yes
CUST-03059,Male,1,No,No,28,Yes,No,No,No internet service,No internet service,No internet service,No internet service,No internet service,No internet service,One year,No,Electronic check,23.4,603.59,No
CUST-03060,Male,0,No,No,11,Yes,No,DSL,No,No,Yes,Yes,No,Yes,Month-to-month,Yes,Mailed check,52.56,548.18,Yes
CUST-03061,Male,0,Yes,No,6,Yes,Yes,Fiber optic,No,Yes,No,Yes,Yes,Yes,Month-to-month,Yes,Mailed check,99.73,642.72,No
CUST-03062,Male,0,Yes,No,2,No,No phone service,DSL,No,No,No,Yes,No,Yes,Month-to-month,Yes,Mailed check,76.93,181.0,Yes
CUST-03063,Male,0,No,No,52,No,No phone service,No,No internet service,No internet service,No internet service,No internet service,No internet service,No internet service,One year,No,Electronic check,21.37,1128.33,No
CUST-03064,Male,1,Yes,No,33,No,No phone service,DSL,No,No,No,No,Yes,Yes,One year,Yes,Electronic check,65.65,2164.89,Yes
CUST-03065,Female,0,No,No,21,Yes,Yes,Fiber optic,No,No,No,No,Yes,Yes,Month-to-month,Yes,Mailed check,105.36,2180.96,Yes
CUST-03066,Female,0,No,Yes,32,Yes,No,Fiber optic,No,No,No,No,No,No,One year,Yes,Electronic check,71.83,2243.07,No
CUST-03067,Female,0,Yes,No,49,Yes,Yes,Fiber optic,No,Yes,No,No,No,No,One year,No,Mailed check,85.16,4195.02,Yes
CUST-03068,Female,0,Yes,No,15,Yes,No,No,No internet service,No internet service,No internet service,No internet service,No internet service,No internet service,Month-to-month,No,Bank transfer (automatic),34.33,543.16,Yes
CUST-03069,Male,0,Yes,No,21,Yes,Yes,No,No internet service,No internet service,No internet service,No internet service,No internet service,No internet service,Month-to-month,Yes,Electronic check,24.83,541.09,Yes
CUST-03070,Male,1,No,No,36,Yes,Yes,DSL,No,No,No,No,No,No,Month-to-month,No,Credit card (automatic),65.93,2365.51,No
CUST-03071,Male,0,Yes,No,65,Yes,Yes,DSL,Yes,No,Yes,No,No,Yes,Two year,No,Electronic check,66.25,4374.61,No
CUST-03072,Male,0,Yes,Yes,0,Yes,Yes,Fiber optic,No,Yes,No,Yes,Yes,No,Month-to-month,No,Bank transfer (automatic),83.04,0.0,No
CUST-03073,Male,0,No,No,8,Yes,Yes,DSL,No,Yes,No,No,No,No,Month-to-month,No,Electronic check,49.82,404.76,Yes
CUST-03074,Female,0,No,No,15,Yes,No,DSL,Yes,No,No,Yes,No,Yes,Month-to-month,No,Electronic check,58.59,892.68,Yes
CUST-03075,Female,0,No,No,2,No,No phone service,DSL,No,No,No,Yes,Yes,Yes,Month-to-month,No,Electronic check,59.7,199.4,No
CUST-03076,Female,0,No,Yes,51,Yes,Yes,DSL,Yes,No,Yes,Yes,No,No,Two year,Yes,Credit card (automatic),62.8,3171.5,No
CUST-03077,Male,0,Yes,No,65,Yes,Yes,Fiber optic,No,Yes,No,Yes,Yes,Yes,Month-to-month,Yes,Mailed check,103.64,6706.73,No
CUST-03078,Female,0,No,No,4,No,No phone service,DSL,No,Yes,No,No,Yes,Yes,Month-to-month,No,Credit card (automatic),59.27,243.5,Yes
CUST-03079,Male,1,No,Yes,0,Yes,Yes,DSL,Yes,Yes,No,No,Yes,Yes,One year,No,Bank transfer (automatic),68.72,0.0,No
CUST-03080,Male,1,Yes,No,31,Yes,Yes,No,No internet service,No internet service,No internet service,No internet service,No internet service,No internet service,One year,Yes,Credit card (automatic),41.82,1327.13,Yes
CUST-03081,Male,0,Yes,Yes,53,No,No phone service,DSL,Yes,Yes,No,No,No,Yes,Two year,No,Electronic check,68.4,3629.17,No
CUST-03082,Female,0,Yes,No,59,Yes,No,DSL,No,Yes,No,No,No,No,One year,Yes,Electronic check,57.77,3438.62,Yes
CUST-03083,Male,0,No,Yes,16,Yes,Yes,Fiber optic,Yes,No,Yes,Yes,Yes,Yes,Month-to-month,Yes,Electronic check,93.03,1535.79,Yes
CUST-03084,Male,0,No,Yes,18,Yes,Yes,No,No internet service,No internet service,No internet service,No internet service,No internet service,No internet service,Month-to-month,Yes,Mailed check,18.4,325.95,No
CUST-03085,Male,0,No,No,53,Yes,No,No,No internet service,No internet service,No internet service,No internet service,No internet service,No internet service,Two year,No,Electronic check,26.54,1474.92,No
CUST-03086,Male,0,No,Yes,31,Yes,Yes,DSL,No,No,No,Yes,Yes,No,One year,No,Mailed check,73.89,2288.91,No
CUST-03087,Male,0,Yes,Yes,13,Yes,No,Fiber optic,No,Yes,Yes,No,No,No,Month-to-month,Yes,Bank transfer (automatic),82.8,1102.99,Yes
CUST-03088,Male,1,No,No,2,Yes,Yes,Fiber optic,No,Yes,No,Yes,Yes,Yes,Month-to-month,No,Electronic check,101.36,200.42,No
CUST-03089,Male,1,No,Yes,20,Yes,Yes,Fiber optic,Yes,Yes,Yes,No,No,Yes,One year,No,Credit card (automatic),90.87,1774.69,No
CUST-03090,Male,0,No,Yes,19,No,No phone service,Fiber optic,No,Yes,No,No,Yes,No,Month-to-month,No,Mailed check,91.96,1735.06,Yes
CUST-03091,Male,0,Yes,No,33,Yes,Yes,DSL,No,Yes,Yes,No,Yes,No,One year,Yes,Mailed check,68.68,2333.69,No
CUST-03092,Male,0,No,No,26,Yes,Yes,No,No internet service,No internet service,No internet service,No internet service,No internet service,No internet service,One year,No,Mailed check,24.79,586.45,No
CUST-03093,Female,0,No,No,6,Yes,No,Fiber optic,No,Yes,Yes,No,Yes,Yes,Month-to-month,No,Credit card (automatic),88.14,577.89,Yes
CUST-03094,Male,0,Yes,No,62,Yes,No,Fiber optic,Yes,Yes,No,No,Yes,Yes,Two year,Yes,Bank transfer (automatic),95.79,5868.31,No
CUST-03095,Female,1,No,No,57,Yes,Yes,Fiber optic,Yes,Yes,Yes,No,Yes,No,Two year,Yes,Electronic check,99.34,5671.94,No
CUST-03096,Female,0,Yes,No,52,Yes,No,Fiber optic,No,Yes,No,No,Yes,Yes,Month-to-month,Yes,Bank transfer (automatic),94.73,4974.88,No
CUST-03097,Male,0,Yes,No,10,Yes,Yes,No,No internet service,No internet service,No internet service,No internet service,No internet service,No internet service,Month-to-month,No,Electronic check,28.17,220.29,Yes
CUST-03098,Male,0,No,No,51,Yes,No,DSL,No,No,Yes,No,No,Yes,Two year,Yes,Credit card (automatic),53.56,2700.93,No
CUST-03099,Male,0,Yes,No,0,Yes,Yes,DSL,No,Yes,Yes,No,No,No,Month-to-month,Yes,Credit card (automatic),59.42,0.0,No
CUST-03100,Male,0,No,No,37,Yes,Yes,Fiber optic,No,No,Yes,No,Yes,No,Two year,No,Electronic check,80.44,2954.14,No
CUST-03101,Male,0,No,No,1,Yes,Yes,DSL,Yes,Yes,No,No,No,No,Month-to-month,No,Credit card (automatic),63.39,55.11,No
CUST-03102,Male,0,Yes,No,37,Yes,No,DSL,Yes,No,No,Yes,Yes,Yes,One year,Yes,Bank transfer (automatic),58.54,2154.2,No
CUST-03103,Male,0,Yes,Yes,49,Yes,Yes,DSL,No,No,Yes,No,Yes,No,One year,No,Electronic check,55.19,2653.38,No
CUST-03104,Male,0,Yes,No,9,Yes,No,Fiber optic,No,Yes,No,No,Yes,No,Month-to-month,No,Electronic check,85.95,783.77,Yes
CUST-03105,Female,0,Yes,No,29,Yes,Yes,No,No internet service,No internet service,No internet service,No internet service,No internet service,No internet service,One year,Yes,Mailed check,36.16,1102.51,No
CUST-03106,Male,0,No,No,9,Yes,No,Fiber optic,Yes,No,No,No,Yes,No,Month-to-month,No,Bank transfer (automatic),79.71,725.58,Yes
CUST-03107,Female,1,Yes,No,62,Yes,No,Fiber optic,Yes,Yes,No,Yes,No,Yes,Month-to-month,No,Credit card (automatic),90.93,5688.21,No
CUST-03108,Male,0,No,Yes,24,Yes,Yes,No,No internet service,No internet service,No internet service,No internet service,No internet service,No internet service,Month-to-month,No,Credit card (automatic),24.97,588.51,No
CUST-03109,Female,0,Yes,Yes,8,Yes,No,No,No internet service,No internet service,No internet service,No internet service,No internet service,No internet service,Month-to-month,No,Electronic check,30.6,256.02,No
CUST-03110,Male,0,Yes,No,11,Yes,Yes,DSL,Yes,Yes,Yes,No,Yes,No,Month-to-month,Yes,Electronic check,59.49,693.39,No
CUST-03111,Female,0,No,No,1,Yes,No,DSL,Yes,Yes,No,No,No,No,Month-to-month,No,Credit card (automatic),52.56,60.21,No
CUST-03112,Female,0,No,No,4,Yes,Yes,Fiber optic,No,No,No,No,No,No,Month-to-month,No,Bank transfer (automatic),77.23,267.37,No
CUST-03113,Male,0,No,Yes,27,Yes,Yes,No,No internet service,No internet service,No internet service,No internet service,No internet service,No internet service,Month-to-month,Yes,Electronic check,30.1,783.35,No
CUST-03114,Female,0,No,Yes,13,Yes,No,No,No internet service,No internet service,No internet service,No internet service,No internet service,No internet service,Month-to-month,No,Credit card (automatic),18.26,240.64,No
CUST-03115,Male,1,No,No,51,Yes,Yes,DSL,Yes,Yes,No,Yes,No,No,Two year,Yes,Credit card (automatic),71.76,3693.48,No
CUST-03116,Male,0,Yes,Yes,56,Yes,Yes,No,No internet service,No internet service,No internet service,No internet service,No internet service,No internet service,Month-to-month,No,Mailed check,32.34,1804.54,No
CUST-03117,Female,0,Yes,No,35,Yes,Yes,DSL,Yes,Yes,Yes,Yes,Yes,No,One year,No,Electronic check,71.49,2541.8,No
CUST-03118,Female,1,No,No,22,Yes,No,Fiber optic,Yes,No,No,No,Yes,No,Month-to-month,Yes,Electronic check,92.51,2109.9,No
CUST-03119,Male,0,Yes,No,20,Yes,No,No,No internet service,No internet service,No internet service,No internet service,No internet service,No internet service,Month-to-month,Yes,Credit card (automatic),28.51,616.01,No
CUST-03120,Female,0,No,No,0,Yes,No,Fiber optic,Yes,No,No,No,Yes,No,Month-to-month,Yes,Electronic check,82.1,0.0,Yes
CUST-03121,Female,0,No,No,30,Yes,No,Fiber optic,No,No,No,No,No,No,Month-to-month,No,Credit card (automatic),79.26,2365.83,No
CUST-03122,Female,0,No,No,9,Yes,No,DSL,Yes,Yes,No,No,No,No,Month-to-month,Yes,Electronic check,57.05,567.82,Yes
CUST-03123,Male,0,No,No,9,Yes,No,No,No internet service,No internet service,No internet service,No internet service,No internet service,No internet service,One year,Yes,Electronic check,19.2,183.93,Yes
CUST-03124,Female,0,No,No,0,Yes,No,DSL,No,No,No,No,No,No,Month-to-month,Yes,Credit card (automatic),63.62,0.0,No
CUST-03125,Male,0,Yes,No,9,Yes,No,Fiber optic,No,Yes,No,Yes,No,No,Month-to-month,Yes,Bank transfer (automatic),79.55,708.89,No
CUST-03126,Female,1,No,Yes,44,Yes,No,DSL,No,No,No,No,No,No,Two year,Yes,Electronic check,55.06,2388.81,No
CUST-03127,Female,0,No,Yes,26,Yes,Yes,DSL,Yes,No,No,Yes,No,Yes,Month-to-month,Yes,Credit card (automatic),60.51,1535.08,No
CUST-03128,Female,0,Yes,No,18,Yes,No,DSL,No,No,Yes,Yes,No,Yes,One year,Yes,Credit card (automatic),64.39,1141.27,No
CUST-03129,Female,0,No,No,19,Yes,No,DSL,No,No,No,Yes,No,No,One year,No,Electronic check,54.81,1023.43,No
CUST-03130,Female,0,Yes,No,26,Yes,Yes,DSL,No,Yes,No,Yes,Yes,No,Month-to-month,Yes,Electronic check,58.16,1536.36,No
CUST-03131,Male,0,Yes,No,22,Yes,No,DSL,No,No,No,No,No,No,Month-to-month,No,Credit card (automatic),60.77,1323.67,No
CUST-03132,Male,0,No,No,3,Yes,No,No,No internet service,No internet service,No internet service,No internet service,No internet service,No internet service,Month-to-month,No,Mailed check,47.64,143.64,No
CUST-03133,Female,1,No,No,25,Yes,No,DSL,No,No,No,No,No,Yes,One year,No,Electronic check,73.22,1813.55,Yes
CUST-03134,Male,0,Yes,No,56,Yes,No,Fiber optic,No,Yes,Yes,No,Yes,No,Two year,No,Electronic check,89.97,5025.15,No
CUST-03135,Female,0,No,Yes,3,Yes,Yes,Fiber optic,No,No,No,No,No,No,Month-to-month,Yes,Electronic check,71.89,227.31,Yes
CUST-03136,Male,0,Yes,No,57,Yes,No,No,No internet service,No internet service,No internet service,No internet service,No internet service,No internet service,Two year,No,Electronic check,18.0,916.96,No
CUST-03137,Female,0,Yes,Yes,1,No,No phone service,Fiber optic,No,No,Yes,No,No,No,Month-to-month,No,Bank transfer (automatic),90.27,143.86,Yes
CUST-03138,Male,0,Yes,Yes,1,Yes,Yes,DSL,No,No,No,No,Yes,Yes,Month-to-month,Yes,Mailed check,60.28,54.1,No
CUST-03139,Male,0,No,Yes,11,Yes,No,DSL,No,No,No,No,No,No,Month-to-month,No,Electronic check,55.94,576.18,No
CUST-03140,Male,0,Yes,No,41,Yes,No,DSL,Yes,No,No,No,No,No,Two year,No,Electronic check,59.27,2384.33,Yes
CUST-03141,Male,0,Yes,No,3,Yes,No,Fiber optic,Yes,No,No,No,Yes,No,Month-to-month,Yes,Electronic check,82.82,251.25,Yes
CUST-03142,Male,0,No,No,48,Yes,No,Fiber optic,Yes,No,No,Yes,No,No,One year,Yes,Bank transfer (automatic),86.91,4055.43,No
CUST-03143,Male,0,Yes,No,0,Yes,No,Fiber optic,Yes,No,Yes,No,Yes,Yes,Month-to-month,Yes,Electronic check,95.21,0.0,Yes
CUST-03144,Female,0,Yes,No,56,Yes,No,No,No internet service,No internet service,No internet service,No internet service,No internet service,No internet service,Two year,Yes,Electronic check,37.7,2078.74,No
CUST-03145,Female,0,Yes,No,59,Yes,No,No,No internet service,No internet service,No internet service,No internet service,No internet service,No internet service,Two year,Yes,Bank transfer (automatic),37.96,2291.57,No
CUST-03146,Female,0,No,Yes,28,Yes,Yes,DSL,No,Yes,No,No,No,No,One year,No,Electronic check,61.84,1754.92,No
CUST-03147,Female,0,No,No,9,Yes,No,Fiber optic,No,Yes,Yes,Yes,Yes,No,One year,Yes,Mailed check,89.19,798.9,Yes
CUST-03148,Female,0,No,No,6,Yes,No,DSL,No,Yes,Yes,Yes,No,Yes,Month-to-month,Yes,Credit card (automatic),66.21,427.9,No
CUST-03149,Female,1,Yes,No,51,No,No phone service,No,No internet service,No internet service,No internet service,No internet service,No internet service,No internet service,Two year,Yes,Bank transfer (automatic),38.37,1931.42,No
CUST-03150,Male,0,Yes,Yes,17,Yes,Yes,Fiber optic,No,No,No,Yes,No,No,One year,Yes,Bank transfer (automatic),95.76,1616.07,No
CUST-03151,Female,0,No,Yes,28,Yes,No,Fiber optic,Yes,No,No,Yes,Yes,Yes,Month-to-month,No,Electronic check,99.85,2868.46,No
CUST-03152,Male,1,Yes,No,51,Yes,Yes,Fiber optic,Yes,No,No,No,No,No,Two year,Yes,Electronic check,84.37,4327.94,No
CUST-03153,Male,0,Yes,No,10,Yes,Yes,Fiber optic,No,No,No,No,Yes,Yes,One year,Yes,Mailed check,94.06,974.37,No
CUST-03154,Female,0,Yes,No,27,Yes,Yes,Fiber optic,No,No,No,No,No,No,One year,No,Credit card (automatic),78.48,2117.8,No
CUST-03155,Male,0,Yes,No,26,No,No phone service,No,No internet service,No internet service,No internet service,No internet service,No internet service,No internet service,One year,Yes,Credit card (automatic),34.51,861.2,No
CUST-03156,Female,0,Yes,No,9,Yes,No,DSL,Yes,Yes,No,Yes,No,No,Month-to-month,No,Electronic check,70.27,626.03,No
CUST-03157,Female,0,No,No,11,Yes,No,Fiber optic,Yes,No,No,Yes,No,No,Month-to-month,Yes,Electronic check,91.97,964.26,Yes
CUST-03158,Female,1,No,No,16,Yes,No,Fiber optic,No,No,Yes,Yes,No,No,Month-to-month,No,Electronic check,86.62,1326.1,No
CUST-03159,Female,0,No,Yes,43,Yes,No,DSL,Yes,No,Yes,Yes,No,Yes,Two year,No,Credit card (automatic),58.66,2524.29,No
CUST-03160,Female,0,Yes,No,42,Yes,Yes,Fiber optic,Yes,Yes,No,Yes,No,No,One year,No,Electronic check,87.64,3650.45,No
CUST-03161,Male,0,No,No,49,Yes,No,DSL,No,Yes,No,No,No,Yes,Two year,Yes,Electronic check,63.64,3136.09,No
CUST-03162,Female,1,No,No,40,Yes,Yes,Fiber optic,No,No,Yes,No,Yes,Yes,Month-to-month,Yes,Mailed check,87.63,3480.54,Yes
CUST-03163,Male,0,No,No,44,Yes,No,DSL,No,No,Yes,No,No,No,Two year,No,Credit card (automatic),46.82,1988.37,No
CUST-03164,Male,1,Yes,Yes,10,Yes,Yes,Fiber optic,No,No,No,No,No,No,Month-to-month,Yes,Electronic check,93.69,964.6,No
CUST-03165,Male,0,No,No,6,Yes,Yes,Fiber optic,No,Yes,No,No,Yes,Yes,Month-to-month,Yes,Electronic check,81.87,516.56,No
CUST-03166,Male,0,Yes,No,57,No,No phone service,DSL,Yes,No,Yes,No,No,No,Two year,No,Credit card (automatic),61.26,3512.29,No
CUST-03167,Female,0,No,No,46,Yes,No,Fiber optic,Yes,No,No,Yes,No,Yes,One year,No,Bank transfer (automatic),91.76,4204.65,No
CUST-03168,Male,0,No,No,55,Yes,No,No,No internet service,No internet service,No internet service,No internet service,No internet service,No internet service,Two year,Yes,Electronic check,23.27,1326.43,No
CUST-03169,Female,0,No,No,62,Yes,No,DSL,No,No,No,Yes,Yes,Yes,One year,No,Mailed check,61.44,3804.28,No
CUST-03170,Female,1,No,No,1,Yes,Yes,Fiber optic,No,Yes,Yes,No,No,Yes,Month-to-month,Yes,Electronic check,101.9,105.74,Yes
CUST-03171,Female,0,No,No,14,No,No phone service,No,No internet service,No internet service,No internet service,No internet service,No internet service,No internet service,Month-to-month,No,Credit card (automatic),18.0,272.15,No
CUST-03172,Female,0,No,Yes,45,Yes,Yes,DSL,No,Yes,Yes,No,No,No,Two year,Yes,Bank transfer (automatic),66.57,2945.69,No
CUST-03173,Male,0,Yes,No,13,Yes,No,No,No internet service,No internet service,No internet service,No internet service,No internet service,No internet service,Month-to-month,Yes,Mailed check,28.23,366.78,No
CUST-03174,Male,0,Yes,Yes,39,Yes,Yes,No,No internet service,No internet service,No internet service,No internet service,No internet service,No internet service,One year,Yes,Credit card (automatic),23.14,898.83,No
CUST-03175,Female,0,No,No,8,Yes,Yes,Fiber optic,Yes,No,Yes,Yes,No,Yes,Month-to-month,Yes,Electronic check,94.28,774.98,No
CUST-03176,Female,0,No,No,2,Yes,No,Fiber optic,No,Yes,No,Yes,Yes,Yes,Month-to-month,No,Bank transfer (automatic),89.41,193.94,No
CUST-03177,Female,0,No,No,13,Yes,No,No,No internet service,No internet service,No internet service,No internet service,No internet service,No internet service,Two year,No,Electronic check,28.85,422.87,No
CUST-03178,Male,1,Yes,No,51,Yes,Yes,DSL,No,No,Yes,No,No,Yes,Two year,Yes,Electronic check,67.7,3515.62,No
CUST-03179,Male,0,No,No,49,Yes,No,DSL,Yes,Yes,No,No,Yes,No,Month-to-month,Yes,Electronic check,67.7,3304.84,No
CUST-03180,Male,0,Yes,No,0,Yes,No,DSL,No,No,No,No,No,No,Month-to-month,Yes,Credit card (automatic),52.46,0.0,No
CUST-03181,Male,0,Yes,No,10,Yes,Yes,Fiber optic,No,No,Yes,No,No,No,Month-to-month,Yes,Electronic check,89.24,808.13,No
CUST-03182,Male,1,Yes,No,1,Yes,No,Fiber optic,No,No,Yes,Yes,Yes,No,Month-to-month,Yes,Bank transfer (automatic),104.56,148.8,Yes
CUST-03183,Female,0,Yes,No,54,Yes,No,No,No internet service,No internet service,No internet service,No internet service,No internet service,No internet service,Two year,Yes,Bank transfer (automatic),20.81,1082.35,No
CUST-03184,Male,0,No,No,4,Yes,No,DSL,No,Yes,No,Yes,Yes,No,Month-to-month,Yes,Bank transfer (automatic),57.59,217.33,Yes
CUST-03185,Female,0,Yes,Yes,20,Yes,Yes,Fiber optic,No,No,No,No,No,Yes,Month-to-month,No,Mailed check,75.63,1553.63,No
CUST-03186,Female,0,Yes,No,51,Yes,No,Fiber optic,No,No,No,No,No,No,One year,Yes,Mailed check,92.58,4730.36,No
CUST-03187,Female,1,No,No,20,Yes,No,DSL,Yes,No,Yes,Yes,Yes,No,One year,Yes,Mailed check,68.11,1450.54,No
CUST-03188,Male,1,Yes,No,16,Yes,No,No,No internet service,No internet service,No internet service,No internet service,No internet service,No internet service,Month-to-month,Yes,Electronic check,29.86,513.99,Yes
CUST-03189,Male,0,Yes,No,72,Yes,No,DSL,No,No,Yes,No,Yes,Yes,Two year,No,Electronic check,65.98,4728.13,No
CUST-03190,Female,0,Yes,No,24,Yes,Yes,DSL,No,No,Yes,Yes,No,Yes,Month-to-month,Yes,Mailed check,67.98,1606.12,No
CUST-03191,Male,0,Yes,No,7,Yes,No,DSL,No,No,No,Yes,No,No,Month-to-month,Yes,Mailed check,58.72,448.3,Yes
CUST-03192,Female,0,No,Yes,54,Yes,No,Fiber optic,No,No,No,Yes,No,No,Two year,Yes,Electronic check,92.81,4998.7,No
CUST-03193,Female,1,Yes,Yes,6,Yes,Yes,Fiber optic,No,No,No,Yes,Yes,No,Month-to-month,Yes,Mailed check,89.28,563.69,No
CUST-03194,Male,0,Yes,No,46,Yes,No,No,No internet service,No internet service,No internet service,No internet service,No internet service,No internet service,Two year,No,Electronic check,20.81,1029.22,Yes
CUST-03195,Female,0,Yes,No,31,Yes,Yes,Fiber optic,No,No,Yes,No,No,No,One year,Yes,Electronic check,93.45,2847.93,No
CUST-03196,Male,0,Yes,No,40,Yes,No,No,No internet service,No internet service,No internet service,No internet service,No internet service,No internet service,Two year,Yes,Electronic check,26.83,1032.06,No
CUST-03197,Male,0,Yes,No,36,Yes,Yes,Fiber optic,No,No,No,No,No,Yes,Month-to-month,Yes,Mailed check,74.46,2622.05,No
CUST-03198,Female,0,Yes,No,19,Yes,No,No,No internet service,No internet service,No internet service,No internet service,No internet service,No internet service,Month-to-month,Yes,Bank transfer (automatic),18.0,286.67,No
CUST-03199,Female,0,Yes,No,51,Yes,Yes,No,No internet service,No internet service,No internet service,No internet service,No internet service,No internet service,Two year,No,Electronic check,18.96,936.68,No
CUST-03200,Male,0,Yes,No,56,Yes,No,Fiber optic,No,No,No,Yes,Yes,Yes,Two year,Yes,Electronic check,85.54,4778.14,No
CUST-03201,Female,0,No,No,55,Yes,No,DSL,No,No,No,No,No,Yes,Two year,Yes,Electronic check,57.52,3143.7,No
CUST-03202,Female,0,Yes,No,39,Yes,Yes,No,No internet service,No internet service,No internet service,No internet service,No internet service,No internet service,Month-to-month,No,Electronic check,29.74,1167.25,No
CUST-03203,Female,1,Yes,No,20,Yes,Yes,Fiber optic,No,No,No,Yes,No,Yes,One year,Yes,Credit card (automatic),80.79,1604.74,No
CUST-03204,Male,0,No,No,4,Yes,No,Fiber optic,No,No,Yes,No,No,Yes,Month-to-month,No,Credit card (automatic),84.93,377.01,Yes
CUST-03205,Male,0,Yes,No,3,Yes,Yes,Fiber optic,No,No,No,No,No,No,Month-to-month,Yes,Credit card (automatic),77.97,357.02,Yes
CUST-03206,Female,0,No,No,6,No,No phone service,Fiber optic,Yes,No,No,No,Yes,No,Month-to-month,Yes,Mailed check,89.33,529.66,Yes
CUST-03207,Female,0,Yes,No,43,Yes,No,Fiber optic,Yes,Yes,Yes,No,Yes,Yes,One year,Yes,Bank transfer (automatic),99.41,4255.01,No
CUST-03208,Female,0,Yes,Yes,6,Yes,No,Fiber optic,No,No,No,Yes,No,No,Month-to-month,No,Mailed check,93.94,530.76,No
CUST-03209,Male,0,No,No,55,Yes,Yes,Fiber optic,No,Yes,Yes,No,No,No,Month-to-month,No,Bank transfer (automatic),95.15,5167.71,Yes
CUST-03210,Male,0,Yes,No,50,Yes,Yes,No,No internet service,No internet service,No internet service,No internet service,No internet service,No internet service,Two year,Yes,Credit card (automatic),19.74,962.48,No
CUST-03211,Female,0,Yes,No,40,No,No phone service,Fiber optic,No,No,No,No,No,No,Two year,No,Electronic check,82.96,3323.23,No
CUST-03212,Male,1,No,No,20,Yes,No,Fiber optic,No,No,Yes,No,Yes,Yes,Month-to-month,No,Electronic check,90.85,1812.83,Yes
CUST-03213,Male,0,No,No,61,Yes,No,DSL,No,No,No,No,No,No,Two year,Yes,Mailed check,53.95,3360.12,No
CUST-03214,Female,0,Yes,No,57,Yes,No,Fiber optic,Yes,No,Yes,Yes,No,Yes,Two year,Yes,Electronic check,91.44,5230.55,No
CUST-03215,Female,0,No,No,13,Yes,No,DSL,No,No,No,No,No,No,Month-to-month,Yes,Credit card (automatic),64.55,887.08,No
CUST-03216,Male,0,Yes,Yes,14,Yes,No,Fiber optic,No,No,Yes,No,Yes,Yes,One year,No,Bank transfer (automatic),93.68,1294.68,No
CUST-03217,Male,0,No,No,54,Yes,No,Fiber optic,Yes,No,No,No,Yes,No,Two year,Yes,Mailed check,87.26,4649.53,No
CUST-03218,Male,1,Yes,No,11,Yes,No,DSL,No,Yes,Yes,No,No,No,One year,Yes,Bank transfer (automatic),63.84,734.22,No
CUST-03219,Female,0,No,No,39,Yes,Yes,Fiber optic,No,No,Yes,No,No,No,Month-to-month,No,Electronic check,77.14,3043.74,Yes
CUST-03220,Male,0,Yes,Yes,20,Yes,Yes,DSL,Yes,Yes,No,No,Yes,Yes,One year,Yes,Bank transfer (automatic),68.79,1334.76,No
CUST-03221,Female,0,No,Yes,44,Yes,Yes,No,No internet service,No internet service,No internet service,No internet service,No internet service,No internet service,One year,Yes,Mailed check,26.42,1084.43,No
CUST-03222,Male,0,Yes,No,24,Yes,Yes,DSL,No,Yes,No,No,Yes,No,One year,Yes,Credit card (automatic),55.2,1256.78,No
CUST-03223,Female,0,No,Yes,2,Yes,No,No,No internet service,No internet service,No internet service,No internet service,No internet service,No internet service,Month-to-month,No,Electronic check,20.15,79.89,No
CUST-03224,Female,0,No,Yes,11,Yes,No,Fiber optic,Yes,Yes,No,No,Yes,No,Month-to-month,Yes,Bank transfer (automatic),100.96,1115.17,No
CUST-03225,Female,0,No,No,57,Yes,No,No,No internet service,No internet service,No internet service,No internet service,No internet service,No internet service,Two year,Yes,Bank transfer (automatic),25.04,1422.24,No
CUST-03226,Female,0,No,No,0,No,No phone service,Fiber optic,No,No,Yes,No,No,No,Month-to-month,No,Electronic check,89.76,0.0,Yes
CUST-03227,Female,0,Yes,No,53,Yes,Yes,Fiber optic,No,No,No,Yes,Yes,Yes,Two year,Yes,Electronic check,91.44,4836.07,No
CUST-03228,Male,0,No,No,4,No,No phone service,Fiber optic,Yes,No,No,Yes,No,No,Month-to-month,No,Mailed check,94.45,309.46,No
CUST-03229,Female,0,Yes,No,41,Yes,Yes,Fiber optic,No,No,No,No,No,No,Two year,No,Electronic check,72.3,2940.03,No
CUST-03230,Female,0,No,No,31,Yes,No,DSL,Yes,Yes,Yes,Yes,No,No,Month-to-month,Yes,Electronic check,72.84,2372.06,No
CUST-03231,Female,0,No,No,62,Yes,Yes,No,No internet service,No internet service,No internet service,No internet service,No internet service,No internet service,Two year,No,Electronic check,37.07,2347.8,No
CUST-03232,Male,0,Yes,Yes,56,No,No phone service,Fiber optic,No,No,No,No,Yes,Yes,Two year,Yes,Electronic check,81.15,4558.75,No
CUST-03233,Female,1,Yes,No,12,Yes,Yes,Fiber optic,Yes,No,No,No,Yes,Yes,Month-to-month,No,Electronic check,97.2,1137.74,Yes
CUST-03234,Male,0,No,No,0,Yes,No,DSL,No,No,Yes,Yes,Yes,Yes,Month-to-month,Yes,Electronic check,59.26,0.0,No
CUST-03235,Female,0,No,Yes,47,Yes,Yes,Fiber optic,Yes,No,No,No,No,Yes,Two year,Yes,Credit card (automatic),84.97,4036.71,No
CUST-03236,Female,1,No,No,28,Yes,Yes,DSL,No,Yes,Yes,Yes,No,Yes,One year,Yes,Electronic check,61.91,1750.12,No
CUST-03237,Male,0,No,No,13,Yes,No,DSL,No,No,No,No,No,No,One year,Yes,Credit card (automatic),58.21,756.91,No
CUST-03238,Female,0,Yes,No,9,Yes,Yes,Fiber optic,No,No,No,No,No,No,Month-to-month,Yes,Bank transfer (automatic),80.06,706.42,No
CUST-03239,Female,0,No,No,72,No,No phone service,DSL,No,Yes,Yes,No,No,Yes,Two year,Yes,Credit card (automatic),62.35,4534.64,Yes
CUST-03240,Male,0,No,No,20,Yes,No,Fiber optic,No,Yes,No,No,No,Yes,One year,No,Credit card (automatic),80.8,1617.07,No
CUST-03241,Male,0,No,No,23,Yes,No,Fiber optic,Yes,Yes,No,No,No,Yes,Month-to-month,No,Credit card (automatic),94.87,2174.02,No
CUST-03242,Male,0,No,No,1,Yes,No,Fiber optic,No,No,No,Yes,Yes,No,Month-to-month,No,Bank transfer (automatic),85.47,78.66,No
CUST-03243,Female,0,No,Yes,0,Yes,Yes,Fiber optic,Yes,No,Yes,No,No,No,Month-to-month,Yes,Bank transfer (automatic),87.61,0.0,Yes
CUST-03244,Female,0,No,Yes,26,No,No phone service,Fiber optic,No,Yes,No,Yes,No,No,Two year,No,Electronic check,83.64,2182.61,Yes
CUST-03245,Female,0,No,Yes,70,Yes,No,Fiber optic,Yes,No,No,No,No,No,Two year,No,Credit card (automatic),74.09,5115.96,No
CUST-03246,Female,0,No,No,6,Yes,No,No,No internet service,No internet service,No internet service,No internet service,No internet service,No internet service,Month-to-month,No,Electronic check,22.35,110.69,No
CUST-03247,Female,0,No,Yes,6,Yes,No,DSL,Yes,No,No,Yes,Yes,Yes,Month-to-month,No,Bank transfer (automatic),63.52,351.06,No
CUST-03248,Male,0,Yes,Yes,4,Yes,Yes,Fiber optic,No,No,Yes,Yes,No,Yes,Month-to-month,Yes,Electronic check,88.4,382.76,Yes
CUST-03249,Male,0,Yes,No,16,Yes,No,Fiber optic,No,No,No,No,Yes,No,Month-to-month,No,Electronic check,93.46,1510.98,No
CUST-03250,Male,0,No,No,72,Yes,No,DSL,No,No,Yes,No,No,No,Two year,Yes,Bank transfer (automatic),66.73,4901.68,No
CUST-03251,Male,0,No,No,22,Yes,No,Fiber optic,Yes,No,Yes,No,No,No,One year,Yes,Mailed check,91.05,1993.46,No
CUST-03252,Female,0,No,No,0,Yes,Yes,DSL,No,Yes,No,No,Yes,Yes,Month-to-month,No,Bank transfer (automatic),74.33,0.0,Yes
CUST-03253,Male,0,No,Yes,26,Yes,No,DSL,Yes,No,No,No,Yes,Yes,Month-to-month,Yes,Credit card (automatic),59.55,1468.96,No
CUST-03254,Male,1,Yes,No,0,Yes,No,DSL,Yes,Yes,Yes,No,No,No,Month-to-month,Yes,Electronic check,69.57,0.0,No
CUST-03255,Male,0,Yes,No,45,Yes,Yes,Fiber optic,No,Yes,No,No,No,Yes,One year,No,Credit card (automatic),89.08,3983.66,No
CUST-03256,Male,0,No,No,13,Yes,No,DSL,No,No,Yes,No,No,Yes,Month-to-month,Yes,Electronic check,62.54,762.98,No
CUST-03257,Male,0,No,No,3,Yes,No,DSL,Yes,No,Yes,No,No,No,Month-to-month,No,Credit card (automatic),54.39,171.63,No
CUST-03258,Male,1,Yes,No,25,Yes,No,DSL,No,Yes,No,Yes,No,No,Two year,Yes,Bank transfer (automatic),63.47,1656.08,No
CUST-03259,Female,0,Yes,Yes,28,Yes,Yes,Fiber optic,No,No,No,No,Yes,Yes,One year,Yes,Mailed check,84.47,2379.5,Yes
CUST-03260,Male,0,Yes,Yes,52,Yes,Yes,DSL,No,Yes,No,No,Yes,No,Two year,No,Mailed check,53.45,2721.73,No
CUST-03261,Male,0,Yes,Yes,3,Yes,No,Fiber optic,No,No,No,Yes,No,No,Month-to-month,Yes,Electronic check,87.57,182.03,Yes
CUST-03262,Male,0,No,No,10,Yes,No,DSL,Yes,No,Yes,No,No,No,Month-to-month,Yes,Mailed check,49.67,504.1,No
CUST-03263,Female,1,Yes,Yes,60,Yes,No,DSL,Yes,Yes,No,No,Yes,No,Two year,No,Electronic check,72.96,4353.34,No
CUST-03264,Female,0,Yes,No,64,No,No phone service,No,No internet service,No internet service,No internet service,No internet service,No internet service,No internet service,Two year,Yes,Bank transfer (automatic),28.37,1763.02,No
CUST-03265,Female,0,No,Yes,29,Yes,Yes,Fiber optic,No,No,Yes,No,Yes,No,One year,Yes,Bank transfer (automatic),80.15,2349.94,Yes
CUST-03266,Female,0,No,No,47,No,No phone service,Fiber optic,No,Yes,No,Yes,Yes,No,One year,No,Credit card (automatic),87.55,4166.76,No
CUST-03267,Female,0,No,No,3,Yes,Yes,No,No internet service,No internet service,No internet service,No internet service,No internet service,No internet service,Month-to-month,Yes,Bank transfer (automatic),27.82,19.81,Yes
CUST-03268,Female,0,Yes,Yes,45,Yes,Yes,No,No internet service,No internet service,No internet service,No internet service,No internet service,No internet service,One year,Yes,Credit card (automatic),34.44,1589.27,No
CUST-03269,Male,0,Yes,Yes,23,Yes,No,No,No internet service,No internet service,No internet service,No internet service,No internet service,No internet service,Month-to-month,No,Electronic check,36.12,802.87,No
CUST-03270,Female,0,Yes,No,1,Yes,No,DSL,No,No,No,Yes,Yes,Yes,Month-to-month,Yes,Bank transfer (automatic),61.39,57.05,No
CUST-03271,Male,0,No,Yes,2,Yes,Yes,DSL,No,Yes,Yes,No,No,Yes,Month-to-month,Yes,Electronic check,62.01,165.72,Yes
CUST-03272,Male,0,Yes,Yes,12,Yes,No,No,No internet service,No internet service,No internet service,No internet service,No internet service,No internet service,Month-to-month,No,Electronic check,39.33,438.4,No
CUST-03273,Female,0,No,No,1,Yes,No,Fiber optic,No,No,Yes,Yes,Yes,Yes,Month-to-month,Yes,Mailed check,82.43,78.1,No
CUST-03274,Male,1,No,No,3,Yes,No,Fiber optic,No,No,Yes,No,No,Yes,Month-to-month,Yes,Mailed check,81.25,204.62,No
CUST-03275,Male,0,No,No,14,Yes,Yes,Fiber optic,Yes,No,No,Yes,Yes,No,Month-to-month,Yes,Credit card (automatic),98.15,1387.1,Yes
CUST-03276,Female,0,Yes,No,57,No,No phone service,Fiber optic,No,No,Yes,No,Yes,Yes,Two year,Yes,Bank transfer (automatic),88.2,5045.3,No
CUST-03277,Male,0,Yes,No,67,No,No phone service,Fiber optic,No,No,No,No,Yes,No,Two year,No,Mailed check,88.56,5875.12,No
CUST-03278,Male,0,No,No,8,Yes,Yes,DSL,No,No,Yes,No,No,No,Month-to-month,Yes,Bank transfer (automatic),66.04,495.14,Yes
CUST-03279,Female,0,Yes,No,0,Yes,Yes,DSL,No,No,Yes,No,Yes,No,Month-to-month,Yes,Electronic check,48.54,0.0,No
CUST-03280,Female,0,No,No,42,Yes,Yes,DSL,No,Yes,No,No,No,No,Two year,Yes,Credit card (automatic),65.29,2765.99,No
CUST-03281,Male,0,Yes,No,2,No,No phone service,No,No internet service,No internet service,No internet service,No internet service,No internet service,No internet service,Month-to-month,Yes,Electronic check,32.51,72.67,No
CUST-03282,Female,0,No,No,33,Yes,Yes,Fiber optic,No,No,Yes,No,No,Yes,One year,Yes,Electronic check,78.14,2617.84,Yes
CUST-03283,Female,0,No,No,6,Yes,No,No,No internet service,No internet service,No internet service,No internet service,No internet service,No internet service,Month-to-month,Yes,Mailed check,24.86,116.88,Yes
CUST-03284,Male,0,Yes,No,31,No,No phone service,Fiber optic,Yes,No,Yes,Yes,Yes,Yes,One year,No,Mailed check,94.73,2921.96,No
CUST-03285,Male,0,No,No,6,Yes,Yes,No,No internet service,No internet service,No internet service,No internet service,No internet service,No internet service,Month-to-month,Yes,Bank transfer (automatic),31.92,155.18,Yes
CUST-03286,Male,0,No,No,24,Yes,No,No,No internet service,No internet service,No internet service,No internet service,No internet service,No internet service,One year,Yes,Bank transfer (automatic),21.79,461.68,No
CUST-03287,Male,0,No,Yes,6,Yes,Yes,Fiber optic,Yes,Yes,Yes,No,Yes,Yes,Month-to-month,No,Electronic check,99.16,565.14,Yes
CUST-03288,Male,0,Yes,No,12,Yes,No,Fiber optic,No,Yes,Yes,No,Yes,No,Month-to-month,Yes,Bank transfer (automatic),90.04,1077.94,Yes
CUST-03289,Male,0,Yes,No,8,Yes,Yes,Fiber optic,No,No,Yes,No,No,Yes,Month-to-month,No,Electronic check,81.94,678.27,Yes
CUST-03290,Male,1,No,No,16,Yes,No,DSL,No,Yes,No,No,Yes,No,Month-to-month,Yes,Bank transfer (automatic),59.79,1005.02,No
CUST-03291,Male,0,Yes,No,56,Yes,No,DSL,Yes,Yes,No,No,Yes,Yes,Two year,Yes,Mailed check,67.93,3807.5,No
CUST-03292,Male,0,No,No,7,No,No phone service,Fiber optic,No,Yes,Yes,No,No,Yes,Month-to-month,Yes,Electronic check,85.8,624.88,Yes
CUST-03293,Male,0,Yes,No,36,Yes,No,No,No internet service,No internet service,No internet service,No internet service,No internet service,No internet service,Month-to-month,Yes,Electronic check,25.96,970.72,No
CUST-03294,Male,0,No,No,14,No,No phone service,DSL,Yes,No,Yes,No,No,Yes,One year,No,Credit card (automatic),60.33,882.92,No
CUST-03295,Male,0,Yes,Yes,24,Yes,No,Fiber optic,Yes,No,Yes,No,No,No,Month-to-month,Yes,Credit card (automatic),77.16,1827.16,Yes
CUST-03296,Female,0,No,No,45,Yes,Yes,No,No internet service,No internet service,No internet service,No internet service,No internet service,No internet service,Two year,No,Credit card (automatic),24.8,1088.53,No
CUST-03297,Male,0,Yes,No,67,No,No phone service,DSL,Yes,No,No,No,Yes,Yes,Two year,Yes,Bank transfer (automatic),61.07,4092.45,No
CUST-03298,Female,0,Yes,Yes,25,Yes,No,No,No internet service,No internet service,No internet service,No internet service,No internet service,No internet service,Month-to-month,No,Electronic check,28.06,784.16,No
CUST-03299,Female,0,Yes,No,16,Yes,No,DSL,No,No,Yes,No,No,Yes,One year,No,Electronic check,64.19,1063.85,No
CUST-03300,Female,0,No,No,15,Yes,No,DSL,Yes,Yes,Yes,No,No,Yes,One year,Yes,Mailed check,59.46,875.32,No
CUST-03301,Female,0,Yes,Yes,23,Yes,Yes,DSL,Yes,Yes,No,No,No,No,Month-to-month,Yes,Mailed check,65.57,1508.79,No
CUST-03302,Male,0,No,No,46,Yes,Yes,DSL,Yes,No,No,Yes,No,No,One year,Yes,Credit card (automatic),57.68,2664.43,No
CUST-03303,Female,0,Yes,No,10,No,No phone service,DSL,No,No,Yes,No,No,Yes,Month-to-month,No,Electronic check,59.51,546.26,No
CUST-03304,Male,0,No,No,3,Yes,No,Fiber optic,No,No,Yes,Yes,No,Yes,Month-to-month,No,Mailed check,79.79,208.95,Yes
CUST-03305,Male,1,No,Yes,23,Yes,No,DSL,No,Yes,No,Yes,No,Yes,One year,No,Mailed check,59.15,1378.68,No
CUST-03306,Male,0,Yes,No,18,Yes,Yes,No,No internet service,No internet service,No internet service,No internet service,No internet service,No internet service,One year,Yes,Mailed check,33.53,632.48,No
CUST-03307,Male,0,Yes,No,37,No,No phone service,DSL,No,No,No,Yes,No,Yes,One year,No,Mailed check,54.26,2001.88,No
CUST-03308,Male,1,Yes,No,0,Yes,No,Fiber optic,Yes,No,No,No,Yes,No,Month-to-month,Yes,Credit card (automatic),83.81,0.0,Yes
CUST-03309,Male,0,No,Yes,10,Yes,No,Fiber optic,Yes,Yes,Yes,No,Yes,Yes,One year,Yes,Mailed check,94.85,963.39,Yes
CUST-03310,Female,0,No,Yes,22,Yes,No,DSL,No,No,No,No,No,No,Month-to-month,No,Credit card (automatic),59.04,1259.14,No
CUST-03311,Female,0,Yes,No,47,Yes,No,Fiber optic,No,No,Yes,No,No,No,One year,Yes,Electronic check,83.61,3893.31,No
CUST-03312,Male,0,No,No,8,Yes,No,DSL,No,No,No,Yes,No,No,Month-to-month,Yes,Mailed check,45.77,482.58,Yes
CUST-03313,Female,0,No,Yes,50,Yes,No,No,No internet service,No internet service,No internet service,No internet service,No internet service,No internet service,Month-to-month,No,Mailed check,19.64,950.9,No
CUST-03314,Male,0,No,No,38,Yes,Yes,Fiber optic,No,No,No,Yes,Yes,No,Month-to-month,No,Electronic check,95.01,3645.28,Yes
CUST-03315,Male,0,No,No,10,Yes,No,DSL,No,Yes,Yes,No,Yes,Yes,Month-to-month,Yes,Credit card (automatic),68.8,672.7,No
CUST-03316,Female,0,No,No,3,Yes,Yes,Fiber optic,Yes,No,No,No,Yes,Yes,Month-to-month,Yes,Bank transfer (automatic),79.77,263.95,Yes
CUST-03317,Female,0,No,No,11,Yes,Yes,DSL,No,No,No,No,Yes,No,Month-to-month,No,Mailed check,55.8,651.33,Yes
CUST-03318,Male,0,No,No,1,Yes,Yes,No,No internet service,No internet service,No internet service,No internet service,No internet service,No internet service,Month-to-month,Yes,Electronic check,38.78,0.0,Yes
CUST-03319,Male,0,Yes,No,37,Yes,No,Fiber optic,Yes,No,No,No,No,Yes,Month-to-month,No,Credit card (automatic),86.96,3214.06,No
CUST-03320,Male,1,No,No,5,Yes,No,Fiber optic,No,No,No,No,No,Yes,Month-to-month,No,Mailed check,83.15,368.04,Yes
CUST-03321,Male,0,No,No,43,Yes,No,DSL,Yes,No,No,No,Yes,Yes,One year,Yes,Electronic check,53.84,2278.08,No
CUST-03322,Male,1,No,Yes,62,Yes,Yes,Fiber optic,No,Yes,Yes,Yes,Yes,Yes,Two year,Yes,Electronic check,94.87,5936.76,No
CUST-03323,Female,0,Yes,No,48,Yes,Yes,Fiber optic,No,No,Yes,Yes,Yes,No,Two year,Yes,Credit card (automatic),94.25,4492.0,No
CUST-03324,Female,0,No,No,39,Yes,Yes,Fiber optic,No,No,Yes,No,No,Yes,Two year,Yes,Mailed check,99.45,3849.74,No
CUST-03325,Male,0,Yes,No,29,Yes,Yes,Fiber optic,Yes,Yes,Yes,Yes,No,No,Two year,Yes,Bank transfer (automatic),99.8,2919.61,No
CUST-03326,Female,0,No,Yes,7,Yes,Yes,DSL,Yes,Yes,No,Yes,Yes,No,Month-to-month,No,Mailed check,67.72,589.96,No
CUST-03327,Male,0,Yes,No,29,Yes,Yes,No,No internet service,No internet service,No internet service,No internet service,No internet service,No internet service,Month-to-month,No,Credit card (automatic),27.37,776.35,Yes
CUST-03328,Male,1,No,No,7,Yes,No,Fiber optic,No,No,Yes,No,No,No,Month-to-month,No,Electronic check,80.84,534.92,Yes
CUST-03329,Male,0,Yes,No,9,Yes,No,Fiber optic,No,Yes,Yes,Yes,Yes,Yes,Month-to-month,No,Credit card (automatic),93.01,830.08,No
CUST-03330,Female,0,Yes,No,34,Yes,Yes,DSL,No,Yes,No,No,Yes,No,Two year,No,Bank transfer (automatic),49.34,1706.06,No
CUST-03331,Female,0,Yes,No,53,Yes,Yes,DSL,No,No,Yes,No,No,No,Two year,Yes,Credit card (automatic),62.66,3362.38,No
CUST-03332,Female,0,Yes,Yes,25,No,No phone service,DSL,No,No,No,No,No,Yes,One year,Yes,Mailed check,58.61,1413.98,No
CUST-03333,Male,0,Yes,Yes,63,No,No phone service,No,No internet service,No internet service,No internet service,No internet service,No internet service,No internet service,Two year,Yes,Electronic check,27.31,1791.13,No
CUST-03334,Female,1,No,No,41,Yes,No,Fiber optic,No,Yes,No,No,No,Yes,One year,Yes,Mailed check,81.48,3363.74,Yes
CUST-03335,Male,0,No,Yes,30,Yes,No,DSL,No,No,Yes,Yes,Yes,No,Month-to-month,Yes,Bank transfer (automatic),64.44,1901.11,No
CUST-03336,Male,0,No,No,15,Yes,Yes,Fiber optic,Yes,Yes,No,No,Yes,No,Month-to-month,No,Mailed check,87.96,1310.11,No
CUST-03337,Female,0,No,No,41,No,No phone service,Fiber optic,No,No,No,Yes,Yes,Yes,Two year,Yes,Credit card (automatic),92.14,3796.52,No
CUST-03338,Male,0,Yes,No,15,Yes,Yes,DSL,No,No,No,No,No,Yes,One year,Yes,Credit card (automatic),57.26,859.09,No
CUST-03339,Female,1,No,No,2,Yes,No,Fiber optic,No,No,No,No,No,Yes,Month-to-month,Yes,Credit card (automatic),93.57,181.21,Yes
CUST-03340,Female,1,No,No,6,No,No phone service,DSL,No,Yes,No,No,No,Yes,Month-to-month,No,Mailed check,49.38,379.31,Yes
CUST-03341,Female,0,Yes,No,26,Yes,Yes,Fiber optic,No,Yes,No,No,No,Yes,One year,No,Mailed check,88.44,2320.7,No
CUST-03342,Male,1,No,Yes,53,Yes,No,Fiber optic,Yes,No,No,No,No,No,Two year,Yes,Mailed check,92.7,4894.92,Yes
CUST-03343,Male,0,No,Yes,13,Yes,No,DSL,No,No,No,No,Yes,Yes,Month-to-month,Yes,Mailed check,61.23,781.9,No
CUST-03344,Female,0,No,No,55,Yes,No,Fiber optic,No,Yes,Yes,No,No,Yes,Two year,Yes,Electronic check,89.34,4982.75,No
CUST-03345,Female,0,No,No,71,Yes,No,DSL,Yes,No,No,Yes,No,No,Month-to-month,No,Electronic check,68.2,4856.56,No
CUST-03346,Female,0,Yes,No,60,Yes,No,No,No internet service,No internet service,No internet service,No internet service,No internet service,No internet service,Two year,No,Mailed check,20.9,1211.25,No
CUST-03347,Female,0,No,No,24,Yes,No,DSL,No,Yes,Yes,Yes,No,Yes,One year,No,Bank transfer (automatic),57.55,1371.9,No
CUST-03348,Male,0,Yes,No,34,Yes,No,DSL,Yes,Yes,No,No,No,No,One year,Yes,Credit card (automatic),59.99,2038.64,No
CUST-03349,Male,0,No,Yes,58,Yes,No,DSL,No,No,No,No,Yes,Yes,Two year,Yes,Bank transfer (automatic),64.65,3708.55,No
CUST-03350,Female,1,Yes,Yes,46,Yes,Yes,Fiber optic,No,No,Yes,No,Yes,Yes,Two year,Yes,Mailed check,94.28,4402.56,No
CUST-03351,Male,1,No,No,0,Yes,No,DSL,No,No,No,Yes,No,No,Month-to-month,No,Electronic check,67.96,0.0,No
CUST-03352,Female,0,No,No,71,Yes,No,Fiber optic,Yes,No,Yes,No,Yes,No,Two year,Yes,Credit card (automatic),99.46,7127.63,No
CUST-03353,Male,0,Yes,No,35,Yes,No,No,No internet service,No internet service,No internet service,No internet service,No internet service,No internet service,Month-to-month,Yes,Electronic check,25.23,836.0,No
CUST-03354,Female,0,Yes,No,9,Yes,Yes,DSL,No,No,Yes,No,Yes,Yes,Month-to-month,Yes,Credit card (automatic),66.34,609.08,Yes
CUST-03355,Female,0,Yes,No,21,Yes,Yes,DSL,No,No,Yes,No,No,No,One year,Yes,Electronic check,61.67,1344.81,No
CUST-03356,Male,0,No,No,16,Yes,Yes,DSL,Yes,No,No,No,No,Yes,Month-to-month,No,Mailed check,63.75,1014.26,No
CUST-03357,Male,0,No,Yes,22,Yes,No,Fiber optic,Yes,No,Yes,Yes,No,No,Month-to-month,Yes,Bank transfer (automatic),86.48,1869.66,Yes
CUST-03358,Female,0,Yes,Yes,17,Yes,No,Fiber optic,No,Yes,No,Yes,Yes,No,Month-to-month,Yes,Electronic check,86.67,1479.47,Yes
CUST-03359,Male,0,No,Yes,4,Yes,Yes,No,No internet service,No internet service,No internet service,No internet service,No internet service,No internet service,Month-to-month,No,Electronic check,27.39,125.48,Yes
CUST-03360,Female,0,No,Yes,3,Yes,No,Fiber optic,Yes,Yes,No,No,No,No,Month-to-month,No,Electronic check,93.11,333.55,Yes
CUST-03361,Female,0,Yes,No,41,Yes,No,Fiber optic,No,Yes,No,No,No,No,One year,Yes,Credit card (automatic),74.83,3020.27,No
CUST-03362,Female,1,No,No,5,No,No phone service,DSL,No,No,No,Yes,No,Yes,Month-to-month,No,Mailed check,66.28,294.63,No
CUST-03363,Male,0,Yes,Yes,31,Yes,Yes,No,No internet service,No internet service,No internet service,No internet service,No internet service,No internet service,One year,Yes,Electronic check,22.45,778.0,Yes
CUST-03364,Female,0,Yes,Yes,1,Yes,No,DSL,No,No,No,No,Yes,No,Month-to-month,No,Mailed check,61.17,70.02,Yes
CUST-03365,Male,0,Yes,Yes,16,Yes,Yes,Fiber optic,No,No,Yes,No,No,No,Month-to-month,Yes,Credit card (automatic),82.22,1332.11,No
CUST-03366,Female,0,Yes,Yes,6,Yes,Yes,No,No internet service,No internet service,No internet service,No internet service,No internet service,No internet service,Month-to-month,No,Electronic check,32.0,221.45,No
CUST-03367,Female,0,No,Yes,6,Yes,No,DSL,No,Yes,Yes,Yes,Yes,No,Month-to-month,No,Electronic check,71.55,434.24,No
CUST-03368,Male,0,No,Yes,36,Yes,Yes,DSL,Yes,No,No,No,Yes,Yes,Two year,No,Mailed check,46.34,1718.17,No
CUST-03369,Male,0,Yes,Yes,32,Yes,Yes,DSL,No,No,No,No,No,Yes,Two year,No,Bank transfer (automatic),52.69,1712.61,Yes
CUST-03370,Male,0,No,No,2,Yes,Yes,No,No internet service,No internet service,No internet service,No internet service,No internet service,No internet service,Month-to-month,No,Electronic check,27.99,58.36,Yes
CUST-03371,Female,0,Yes,No,1,Yes,No,Fiber optic,No,No,Yes,No,No,No,Month-to-month,Yes,Electronic check,81.37,21.48,No
CUST-03372,Male,0,Yes,Yes,23,Yes,No,Fiber optic,No,Yes,No,No,No,No,One year,No,Bank transfer (automatic),74.41,1752.42,Yes
CUST-03373,Male,0,No,No,9,Yes,No,Fiber optic,Yes,Yes,No,Yes,No,No,Month-to-month,No,Credit card (automatic),90.1,886.07,No
CUST-03374,Female,0,No,Yes,2,Yes,Yes,Fiber optic,Yes,No,Yes,No,Yes,No,Month-to-month,Yes,Electronic check,81.2,210.95,Yes
CUST-03375,Female,0,No,No,11,Yes,Yes,Fiber optic,No,Yes,No,No,No,No,Month-to-month,Yes,Mailed check,92.07,924.3,Yes
CUST-03376,Female,0,Yes,No,13,No,No phone service,Fiber optic,No,No,Yes,Yes,Yes,No,One year,No,Electronic check,86.53,1174.66,Yes
CUST-03377,Female,0,Yes,No,1,No,No phone service,No,No internet service,No internet service,No internet service,No internet service,No internet service,No internet service,Month-to-month,Yes,Credit card (automatic),25.12,52.13,No
CUST-03378,Female,0,Yes,No,51,No,No phone service,DSL,No,No,No,No,Yes,Yes,Two year,No,Electronic check,66.68,3403.06,No
CUST-03379,Female,0,No,No,18,Yes,Yes,DSL,Yes,No,Yes,No,No,Yes,Month-to-month,Yes,Mailed check,54.91,935.85,No
CUST-03380,Male,0,Yes,Yes,60,Yes,No,Fiber optic,Yes,No,Yes,No,Yes,No,Month-to-month,Yes,Electronic check,82.1,4895.48,No
CUST-03381,Female,0,No,No,70,Yes,No,DSL,No,Yes,No,Yes,No,No,Two year,Yes,Mailed check,59.44,4179.26,No
CUST-03382,Female,0,Yes,No,1,No,No phone service,Fiber optic,Yes,No,No,No,No,No,Month-to-month,No,Credit card (automatic),87.05,69.59,Yes
CUST-03383,Female,0,Yes,No,4,Yes,No,No,No internet service,No internet service,No internet service,No internet service,No internet service,No internet service,Month-to-month,Yes,Bank transfer (automatic),23.46,176.19,No
CUST-03384,Female,0,Yes,Yes,19,Yes,Yes,Fiber optic,Yes,No,No,No,No,No,Month-to-month,Yes,Electronic check,73.25,1327.81,Yes
CUST-03385,Female,1,No,No,19,Yes,Yes,DSL,No,No,Yes,No,No,Yes,One year,Yes,Credit card (automatic),62.35,1180.9,No
CUST-03386,Male,1,No,No,13,Yes,No,No,No internet service,No internet service,No internet service,No internet service,No internet service,No internet service,One year,Yes,Bank transfer (automatic),30.16,327.28,No
CUST-03387,Female,0,No,No,2,Yes,No,Fiber optic,Yes,Yes,No,No,No,Yes,Month-to-month,No,Bank transfer (automatic),87.0,108.34,Yes
CUST-03388,Female,0,No,No,12,Yes,No,DSL,No,Yes,No,No,Yes,No,Month-to-month,Yes,Mailed check,60.01,674.73,No
CUST-03389,Male,0,No,No,24,Yes,No,Fiber optic,No,No,No,No,Yes,Yes,Month-to-month,Yes,Electronic check,92.46,2147.86,Yes
CUST-03390,Female,0,Yes,No,15,Yes,No,DSL,No,No,Yes,No,Yes,No,Month-to-month,Yes,Credit card (automatic),59.71,917.76,Yes
CUST-03391,Male,0,No,No,3,Yes,Yes,DSL,No,No,Yes,No,No,Yes,Month-to-month,No,Credit card (automatic),61.99,153.9,Yes
CUST-03392,Female,0,No,Yes,14,Yes,Yes,DSL,No,No,No,Yes,Yes,Yes,Month-to-month,No,Electronic check,64.51,859.34,No
CUST-03393,Female,0,No,Yes,28,Yes,Yes,Fiber optic,No,Yes,No,No,No,Yes,Month-to-month,Yes,Electronic check,88.23,2469.05,Yes
CUST-03394,Male,0,Yes,No,47,Yes,No,Fiber optic,No,No,No,No,Yes,No,One year,No,Mailed check,82.02,3846.55,Yes
CUST-03395,Male,0,Yes,No,9,Yes,Yes,Fiber optic,Yes,No,No,No,No,Yes,One year,Yes,Credit card (automatic),88.17,783.51,No
CUST-03396,Female,0,No,No,11,Yes,Yes,Fiber optic,No,No,No,No,Yes,No,One year,No,Electronic check,90.82,982.45,No
CUST-03397,Male,1,Yes,No,57,Yes,Yes,No,No internet service,No internet service,No internet service,No internet service,No internet service,No internet service,One year,No,Bank transfer (automatic),26.73,1538.49,No
CUST-03398,Female,0,Yes,No,11,No,No phone service,No,No internet service,No internet service,No internet service,No internet service,No internet service,No internet service,Month-to-month,No,Electronic check,19.41,238.1,Yes
CUST-03399,Male,0,Yes,No,10,Yes,Yes,DSL,No,Yes,No,No,Yes,Yes,One year,Yes,Credit card (automatic),66.32,621.9,No
CUST-03400,Female,1,No,Yes,15,Yes,Yes,DSL,No,No,Yes,Yes,Yes,No,Month-to-month,Yes,Bank transfer (automatic),61.25,984.47,Yes
CUST-03401,Female,0,Yes,No,30,Yes,Yes,Fiber optic,Yes,No,No,No,Yes,Yes,One year,Yes,Bank transfer (automatic),92.73,2781.29,No
CUST-03402,Female,0,No,No,2,Yes,No,DSL,No,No,Yes,No,Yes,Yes,Month-to-month,Yes,Mailed check,53.26,152.87,No
CUST-03403,Male,0,No,Yes,0,Yes,Yes,Fiber optic,No,No,Yes,Yes,No,No,One year,No,Bank transfer (automatic),82.76,0.0,Yes
CUST-03404,Female,0,No,No,48,Yes,Yes,DSL,No,Yes,Yes,No,No,No,Two year,No,Electronic check,61.56,2987.89,No
CUST-03405,Male,0,Yes,Yes,2,Yes,Yes,Fiber optic,Yes,Yes,Yes,No,No,No,Month-to-month,No,Credit card (automatic),87.19,114.12,No
CUST-03406,Male,0,No,Yes,2,Yes,No,Fiber optic,No,No,No,No,Yes,No,Month-to-month,Yes,Bank transfer (automatic),86.91,127.63,Yes
CUST-03407,Male,0,Yes,No,66,Yes,No,No,No internet service,No internet service,No internet service,No internet service,No internet service,No internet service,Two year,Yes,Mailed check,32.49,2120.01,No
CUST-03408,Female,0,Yes,No,29,Yes,Yes,Fiber optic,No,No,No,No,No,No,Month-to-month,Yes,Credit card (automatic),80.69,2288.62,Yes
CUST-03409,Female,1,Yes,Yes,19,Yes,Yes,Fiber optic,Yes,No,No,No,No,No,Month-to-month,Yes,Bank transfer (automatic),86.17,1648.09,Yes
CUST-03410,Male,0,Yes,No,5,Yes,Yes,Fiber optic,Yes,No,No,No,No,Yes,Month-to-month,No,Credit card (automatic),84.94,423.76,Yes
CUST-03411,Male,0,No,Yes,15,Yes,No,Fiber optic,No,No,No,No,Yes,Yes,Month-to-month,Yes,Electronic check,84.9,1233.19,No
CUST-03412,Female,0,Yes,No,7,Yes,No,DSL,Yes,No,No,No,No,No,Month-to-month,Yes,Electronic check,62.45,458.57,Yes
CUST-03413,Male,0,No,No,59,No,No phone service,Fiber optic,No,No,No,No,Yes,No,Two year,Yes,Electronic check,86.98,5163.2,No
CUST-03414,Male,0,Yes,No,31,Yes,No,Fiber optic,No,No,Yes,No,Yes,Yes,One year,Yes,Credit card (automatic),86.2,2588.38,No
CUST-03415,Female,0,No,No,8,No,No phone service,Fiber optic,Yes,No,No,No,Yes,No,Month-to-month,No,Bank transfer (automatic),95.26,803.08,No
CUST-03416,Male,1,No,No,17,Yes,No,DSL,No,Yes,Yes,No,No,No,One year,No,Credit card (automatic),72.34,1254.99,No
CUST-03417,Female,0,Yes,No,54,Yes,No,DSL,No,No,Yes,No,Yes,Yes,Two year,Yes,Electronic check,62.34,3302.88,No
CUST-03418,Female,0,No,Yes,7,Yes,Yes,Fiber optic,No,Yes,Yes,Yes,No,Yes,Month-to-month,Yes,Bank transfer (automatic),85.25,568.66,Yes
CUST-03419,Male,0,Yes,Yes,9,Yes,No,Fiber optic,No,Yes,No,No,No,No,One year,No,Electronic check,81.2,703.96,No
CUST-03420,Male,0,No,No,15,Yes,No,DSL,No,No,No,No,No,Yes,Month-to-month,Yes,Credit card (automatic),56.06,802.11,No
CUST-03421,Female,0,No,No,2,Yes,No,No,No internet service,No internet service,No internet service,No internet service,No internet service,No internet service,Month-to-month,Yes,Credit card (automatic),29.49,119.9,No
CUST-03422,Female,0,No,Yes,10,No,No phone service,No,No internet service,No internet service,No internet service,No internet service,No internet service,No internet service,One year,Yes,Credit card (automatic),37.36,352.9,No
CUST-03423,Female,0,Yes,No,21,Yes,Yes,Fiber optic,Yes,No,No,No,No,Yes,One year,Yes,Electronic check,95.94,1922.39,Yes
CUST-03424,Male,0,No,No,41,Yes,Yes,Fiber optic,Yes,No,No,No,No,Yes,Two year,No,Mailed check,88.67,3622.96,No
CUST-03425,Female,0,No,No,8,Yes,Yes,Fiber optic,No,No,Yes,No,No,No,Month-to-month,Yes,Credit card (automatic),67.76,517.59,No
CUST-03426,Female,0,No,No,1,Yes,Yes,DSL,Yes,No,Yes,No,No,No,Month-to-month,No,Bank transfer (automatic),52.44,23.61,No
CUST-03427,Male,0,Yes,No,3,No,No phone service,DSL,Yes,No,No,Yes,Yes,Yes,Month-to-month,Yes,Electronic check,56.82,183.17,No
CUST-03428,Female,1,Yes,No,19,Yes,Yes,No,No internet service,No internet service,No internet service,No internet service,No internet service,No internet service,Month-to-month,No,Credit card (automatic),38.4,672.83,Yes
CUST-03429,Female,0,No,No,25,Yes,No,Fiber optic,No,No,Yes,No,No,No,Month-to-month,Yes,Mailed check,77.81,2016.28,No
CUST-03430,Male,1,No,Yes,49,Yes,No,No,No internet service,No internet service,No internet service,No internet service,No internet service,No internet service,Month-to-month,Yes,Electronic check,19.93,971.46,No
CUST-03431,Male,0,No,No,17,Yes,Yes,Fiber optic,No,No,No,No,Yes,No,One year,Yes,Mailed check,95.16,1619.01,No
CUST-03432,Female,0,No,No,11,No,No phone service,DSL,No,Yes,Yes,No,No,No,Month-to-month,Yes,Electronic check,57.14,610.74,No
CUST-03433,Male,0,No,No,64,Yes,No,DSL,No,Yes,Yes,No,Yes,Yes,Month-to-month,Yes,Electronic check,65.79,4272.76,No
CUST-03434,Male,0,Yes,No,54,Yes,Yes,DSL,Yes,Yes,No,Yes,No,Yes,Month-to-month,No,Mailed check,66.79,3578.98,No
CUST-03435,Male,0,No,No,6,Yes,Yes,Fiber optic,No,No,No,No,Yes,Yes,One year,Yes,Credit card (automatic),91.01,554.49,No
CUST-03436,Female,0,Yes,No,19,Yes,No,DSL,Yes,No,No,No,Yes,Yes,Month-to-month,No,Electronic check,52.63,1014.08,Yes
CUST-03437,Male,1,No,Yes,13,Yes,Yes,No,No internet service,No internet service,No internet service,No internet service,No internet service,No internet service,Month-to-month,No,Mailed check,22.94,289.22,Yes
CUST-03438,Female,0,Yes,No,2,Yes,Yes,Fiber optic,No,No,No,Yes,No,Yes,Month-to-month,Yes,Bank transfer (automatic),95.6,213.83,Yes
CUST-03439,Female,0,No,No,35,Yes,No,DSL,No,Yes,No,No,Yes,No,Month-to-month,No,Credit card (automatic),53.51,1907.66,No
CUST-03440,Female,0,No,Yes,63,Yes,No,Fiber optic,No,No,No,No,Yes,No,Month-to-month,No,Bank transfer (automatic),83.47,5287.85,No
CUST-03441,Female,0,No,No,36,Yes,No,No,No internet service,No internet service,No internet service,No internet service,No internet service,No internet service,Two year,Yes,Mailed check,38.47,1380.75,No
CUST-03442,Male,0,Yes,No,6,Yes,No,DSL,No,No,Yes,No,Yes,No,Month-to-month,No,Mailed check,69.71,407.87,No
CUST-03443,Male,0,No,No,0,Yes,Yes,Fiber optic,No,Yes,No,Yes,No,Yes,Month-to-month,Yes,Mailed check,92.57,0.0,Yes
CUST-03444,Male,0,Yes,No,2,Yes,No,Fiber optic,No,No,No,No,No,Yes,Month-to-month,Yes,Bank transfer (automatic),80.89,145.56,Yes
CUST-03445,Female,0,Yes,No,19,Yes,No,No,No internet service,No internet service,No internet service,No internet service,No internet service,No internet service,Month-to-month,Yes,Credit card (automatic),30.01,528.12,No
CUST-03446,Female,0,No,No,52,Yes,No,No,No internet service,No internet service,No internet service,No internet service,No internet service,No internet service,Two year,Yes,Mailed check,21.64,1131.56,No
CUST-03447,Male,0,No,No,27,Yes,No,No,No internet service,No internet service,No internet service,No internet service,No internet service,No internet service,One year,No,Electronic check,32.06,924.5,No
CUST-03448,Female,0,Yes,No,13,No,No phone service,Fiber optic,No,Yes,No,No,Yes,No,Month-to-month,Yes,Mailed check,90.97,1202.9,Yes
CUST-03449,Female,0,No,Yes,39,No,No phone service,No,No internet service,No internet service,No internet service,No internet service,No internet service,No internet service,One year,Yes,Bank transfer (automatic),20.44,744.0,No
CUST-03450,Male,1,Yes,Yes,16,Yes,Yes,Fiber optic,No,Yes,No,No,Yes,No,Month-to-month,Yes,Electronic check,107.72,1727.01,Yes
CUST-03451,Male,0,No,No,16,Yes,Yes,Fiber optic,Yes,No,No,No,No,No,Month-to-month,No,Credit card (automatic),88.54,1453.33,No
CUST-03452,Male,1,No,No,1,Yes,Yes,No,No internet service,No internet service,No internet service,No internet service,No internet service,No internet service,Month-to-month,Yes,Credit card (automatic),26.99,20.17,No
CUST-03453,Male,0,No,No,50,Yes,Yes,DSL,No,No,Yes,Yes,Yes,No,Two year,No,Bank transfer (automatic),71.68,3591.1,No
CUST-03454,Male,0,No,Yes,44,Yes,Yes,No,No internet service,No internet service,No internet service,No internet service,No internet service,No internet service,One year,No,Credit card (automatic),28.28,1386.51,No
CUST-03455,Female,0,No,Yes,10,Yes,No,Fiber optic,Yes,No,Yes,No,Yes,Yes,Month-to-month,Yes,Electronic check,91.41,988.89,Yes
CUST-03456,Female,0,No,No,44,Yes,No,No,No internet service,No internet service,No internet service,No internet service,No internet service,No internet service,One year,No,Mailed check,24.27,1068.38,No
CUST-03457,Female,0,Yes,Yes,4,No,No phone service,Fiber optic,No,No,Yes,No,No,No,Month-to-month,Yes,Electronic check,90.01,389.64,Yes
CUST-03458,Male,0,Yes,No,11,No,No phone service,DSL,No,Yes,Yes,No,No,Yes,Month-to-month,No,Bank transfer (automatic),71.53,778.48,Yes
CUST-03459,Female,0,No,No,43,Yes,Yes,Fiber optic,Yes,Yes,Yes,No,No,No,Month-to-month,Yes,Bank transfer (automatic),88.5,3794.36,No
CUST-03460,Male,1,Yes,No,17,Yes,No,DSL,No,No,Yes,Yes,Yes,No,Month-to-month,No,Electronic check,66.43,1168.85,No
CUST-03461,Male,0,No,No,25,Yes,No,DSL,Yes,Yes,No,Yes,No,Yes,Month-to-month,Yes,Electronic check,60.46,1550.18,No
CUST-03462,Female,0,Yes,Yes,59,Yes,Yes,DSL,Yes,No,Yes,No,No,Yes,Two year,No,Credit card (automatic),60.64,3605.63,No
CUST-03463,Female,0,No,No,23,Yes,Yes,No,No internet service,No internet service,No internet service,No internet service,No internet service,No internet service,Month-to-month,Yes,Credit card (automatic),32.06,730.03,No
CUST-03464,Male,0,No,Yes,3,Yes,No,No,No internet service,No internet service,No internet service,No internet service,No internet service,No internet service,Month-to-month,Yes,Electronic check,33.94,176.94,No
CUST-03465,Male,0,No,No,2,Yes,No,Fiber optic,No,Yes,No,No,No,No,Month-to-month,Yes,Mailed check,83.62,124.87,Yes
CUST-03466,Female,0,No,No,1,Yes,Yes,DSL,No,No,No,No,No,Yes,Month-to-month,No,Electronic check,56.35,61.92,Yes
CUST-03467,Female,0,Yes,No,8,No,No phone service,Fiber optic,Yes,No,No,Yes,No,Yes,Month-to-month,Yes,Electronic check,89.3,669.98,No
CUST-03468,Male,0,No,No,2,Yes,No,DSL,No,No,No,No,No,Yes,Month-to-month,No,Electronic check,53.9,113.99,Yes
CUST-03469,Female,0,Yes,Yes,5,Yes,No,DSL,Yes,Yes,Yes,No,No,No,Month-to-month,No,Mailed check,67.36,326.75,No
CUST-03470,Female,0,No,Yes,16,No,No phone service,No,No internet service,No internet service,No internet service,No internet service,No internet service,No internet service,Month-to-month,Yes,Electronic check,29.79,532.98,No
CUST-03471,Male,0,No,No,9,Yes,Yes,DSL,No,No,No,Yes,No,No,Month-to-month,No,Credit card (automatic),60.47,545.88,Yes
CUST-03472,Female,0,Yes,No,17,Yes,No,DSL,No,No,No,No,Yes,No,One year,Yes,Electronic check,51.24,928.7,No
CUST-03473,Female,0,Yes,No,51,Yes,No,DSL,No,Yes,No,Yes,No,No,Two year,Yes,Bank transfer (automatic),65.93,3356.87,No
CUST-03474,Female,1,Yes,No,22,Yes,Yes,No,No internet service,No internet service,No internet service,No internet service,No internet service,No internet service,Month-to-month,No,Electronic check,26.91,574.4,No
CUST-03475,Male,0,Yes,No,41,Yes,No,Fiber optic,No,No,Yes,Yes,No,No,One year,Yes,Credit card (automatic),84.69,3491.17,No
CUST-03476,Male,0,No,No,28,Yes,No,Fiber optic,Yes,No,Yes,No,Yes,No,One year,Yes,Electronic check,84.25,2276.76,Yes
CUST-03477,Female,0,Yes,Yes,5,Yes,Yes,DSL,Yes,Yes,No,Yes,No,No,One year,Yes,Credit card (automatic),58.94,282.95,No
CUST-03478,Female,0,No,No,32,Yes,No,Fiber optic,No,No,Yes,Yes,No,No,One year,No,Electronic check,86.12,2766.47,No
CUST-03479,Male,0,No,No,4,Yes,Yes,Fiber optic,No,Yes,No,No,Yes,No,Month-to-month,Yes,Credit card (automatic),85.44,434.57,No
CUST-03480,Female,0,No,No,71,Yes,Yes,DSL,No,Yes,No,No,Yes,No,Two year,No,Mailed check,56.58,4044.75,No
CUST-03481,Female,1,No,No,20,Yes,No,DSL,No,No,No,Yes,No,Yes,Month-to-month,Yes,Electronic check,71.49,1359.58,Yes
CUST-03482,Male,1,Yes,No,6,Yes,No,DSL,Yes,No,No,No,No,No,Month-to-month,No,Electronic check,65.47,367.7,No
CUST-03483,Female,0,No,No,49,Yes,No,No,No internet service,No internet service,No internet service,No internet service,No internet service,No internet service,One year,No,Bank transfer (automatic),31.64,1507.3,No
CUST-03484,Male,0,No,No,35,No,No phone service,Fiber optic,No,Yes,No,Yes,Yes,No,Two year,No,Mailed check,96.55,3399.55,Yes
CUST-03485,Male,0,No,No,2,Yes,No,No,No internet service,No internet service,No internet service,No internet service,No internet service,No internet service,Month-to-month,No,Credit card (automatic),25.62,90.5,Yes
CUST-03486,Male,0,Yes,No,61,Yes,Yes,Fiber optic,Yes,Yes,Yes,No,No,Yes,Two year,Yes,Mailed check,93.52,5646.92,No
CUST-03487,Male,0,Yes,No,50,No,No phone service,Fiber optic,Yes,Yes,Yes,No,No,No,One year,Yes,Credit card (automatic),89.55,4525.77,No
CUST-03488,Female,0,No,Yes,56,Yes,No,Fiber optic,Yes,No,No,Yes,No,Yes,One year,No,Electronic check,78.09,4338.97,No
CUST-03489,Male,0,No,No,67,Yes,No,DSL,No,Yes,Yes,No,Yes,No,Two year,Yes,Electronic check,66.94,4451.76,No
CUST-03490,Female,0,Yes,Yes,28,Yes,No,Fiber optic,Yes,No,No,No,No,Yes,One year,No,Mailed check,84.88,2330.15,No
CUST-03491,Male,0,No,Yes,7,Yes,Yes,DSL,No,No,Yes,No,No,No,Month-to-month,Yes,Electronic check,58.16,386.03,Yes
CUST-03492,Female,0,Yes,No,33,Yes,No,DSL,Yes,Yes,No,Yes,No,No,One year,No,Electronic check,58.58,1935.85,No
CUST-03493,Male,1,No,Yes,3,Yes,Yes,No,No internet service,No internet service,No internet service,No internet service,No internet service,No internet service,Month-to-month,Yes,Electronic check,30.66,141.54,No
CUST-03494,Female,0,Yes,No,50,Yes,Yes,No,No internet service,No internet service,No internet service,No internet service,No internet service,No internet service,Two year,No,Credit card (automatic),43.06,2103.38,No
CUST-03495,Female,0,Yes,No,72,Yes,Yes,No,No internet service,No internet service,No internet service,No internet service,No internet service,No internet service,Two year,Yes,Bank transfer (automatic),18.0,1248.28,No
CUST-03496,Female,0,Yes,No,39,Yes,No,DSL,No,No,No,Yes,No,Yes,One year,No,Electronic check,65.52,2593.0,No
CUST-03497,Male,0,Yes,No,20,Yes,No,DSL,Yes,Yes,Yes,No,No,Yes,Month-to-month,No,Electronic check,77.23,1533.26,No
CUST-03498,Male,0,Yes,No,36,Yes,No,DSL,No,No,No,Yes,Yes,No,Month-to-month,Yes,Credit card (automatic),48.59,1723.75,No
CUST-03499,Male,1,Yes,No,15,Yes,No,No,No internet service,No internet service,No internet service,No internet service,No internet service,No internet service,Month-to-month,Yes,Bank transfer (automatic),27.02,416.19,No
CUST-03500,Male,0,Yes,Yes,1,No,No phone service,DSL,No,Yes,No,No,Yes,Yes,Month-to-month,No,Electronic check,65.91,45.54,Yes
CUST-03501,Male,0,No,No,40,Yes,No,DSL,Yes,No,Yes,No,No,No,One year,No,Mailed check,57.54,2265.84,No
CUST-03502,Female,1,No,No,50,Yes,No,Fiber optic,No,Yes,No,Yes,Yes,No,Two year,No,Credit card (automatic),88.79,4428.95,No
CUST-03503,Male,0,No,No,41,Yes,Yes,Fiber optic,No,No,No,No,No,No,One year,No,Bank transfer (automatic),86.16,3543.46,No
CUST-03504,Male,0,Yes,No,0,No,No phone service,Fiber optic,Yes,No,No,Yes,No,No,Month-to-month,Yes,Bank transfer (automatic),72.38,0.0,No
CUST-03505,Male,1,Yes,No,35,Yes,No,Fiber optic,No,No,Yes,Yes,Yes,Yes,Two year,No,Bank transfer (automatic),99.56,3526.2,No
CUST-03506,Female,0,No,Yes,61,Yes,No,Fiber optic,No,Yes,No,No,No,Yes,Two year,Yes,Credit card (automatic),91.82,5595.87,No
CUST-03507,Female,0,No,Yes,45,Yes,No,No,No internet service,No internet service,No internet service,No internet service,No internet service,No internet service,One year,Yes,Bank transfer (automatic),34.67,1553.92,No
CUST-03508,Female,0,No,No,1,Yes,No,DSL,Yes,No,No,No,No,Yes,Month-to-month,No,Bank transfer (automatic),63.1,40.7,No
CUST-03509,Male,0,No,No,4,Yes,No,DSL,Yes,Yes,No,Yes,No,No,One year,No,Mailed check,67.74,255.46,Yes
CUST-03510,Male,0,No,No,3,Yes,Yes,Fiber optic,Yes,No,No,Yes,No,No,Month-to-month,Yes,Credit card (automatic),87.06,231.63,Yes
CUST-03511,Female,0,No,No,29,Yes,No,Fiber optic,No,Yes,Yes,No,Yes,No,Month-to-month,Yes,Bank transfer (automatic),78.93,2334.99,No
CUST-03512,Female,1,Yes,No,17,Yes,No,Fiber optic,No,Yes,Yes,Yes,Yes,No,One year,Yes,Mailed check,92.14,1573.27,No
CUST-03513,Male,0,No,No,42,Yes,No,Fiber optic,Yes,Yes,No,Yes,No,No,One year,Yes,Credit card (automatic),88.19,3685.09,No
CUST-03514,Male,0,No,Yes,8,Yes,Yes,Fiber optic,No,Yes,Yes,No,No,No,Month-to-month,Yes,Electronic check,85.49,650.45,Yes
CUST-03515,Male,0,No,No,53,Yes,Yes,Fiber optic,No,Yes,Yes,Yes,No,Yes,Two year,No,Credit card (automatic),87.65,4627.14,No
CUST-03516,Female,1,Yes,No,52,Yes,Yes,No,No internet service,No internet service,No internet service,No internet service,No internet service,No internet service,Two year,Yes,Electronic check,28.03,1477.36,No
CUST-03517,Male,0,Yes,No,32,Yes,Yes,DSL,Yes,No,Yes,No,Yes,Yes,One year,No,Credit card (automatic),68.96,2192.68,No
CUST-03518,Female,0,Yes,No,5,Yes,No,No,No internet service,No internet service,No internet service,No internet service,No internet service,No internet service,Month-to-month,No,Mailed check,29.51,138.79,Yes
CUST-03519,Female,0,Yes,No,41,Yes,No,Fiber optic,No,No,No,No,Yes,No,Month-to-month,No,Bank transfer (automatic),79.25,3254.2,No
CUST-03520,Female,0,No,Yes,23,Yes,No,DSL,Yes,No,No,No,Yes,No,One year,Yes,Electronic check,63.79,1444.91,No
CUST-03521,Female,1,No,No,52,Yes,Yes,DSL,No,No,No,No,No,No,Two year,Yes,Mailed check,59.05,3066.58,No
CUST-03522,Male,1,Yes,No,27,Yes,Yes,Fiber optic,No,Yes,No,Yes,No,Yes,Month-to-month,No,Mailed check,83.45,2335.44,Yes
CUST-03523,Female,0,No,Yes,18,Yes,No,Fiber optic,Yes,No,Yes,Yes,Yes,Yes,Month-to-month,Yes,Credit card (automatic),95.26,1722.15,No
CUST-03524,Male,0,Yes,No,1,Yes,No,Fiber optic,No,Yes,No,Yes,Yes,No,Month-to-month,Yes,Bank transfer (automatic),92.8,101.7,Yes
CUST-03525,Male,0,No,No,20,Yes,Yes,Fiber optic,No,No,No,No,No,Yes,Month-to-month,Yes,Mailed check,79.28,1556.22,Yes
CUST-03526,Male,0,Yes,No,25,Yes,Yes,DSL,No,No,No,No,No,Yes,One year,Yes,Credit card (automatic),58.29,1491.97,No
CUST-03527,Male,0,No,No,16,Yes,Yes,Fiber optic,No,No,No,No,Yes,No,Month-to-month,No,Bank transfer (automatic),78.37,1228.15,No
CUST-03528,Male,0,No,No,0,Yes,No,No,No internet service,No internet service,No internet service,No internet service,No internet service,No internet service,Month-to-month,No,Credit card (automatic),23.86,0.0,No
CUST-03529,Male,0,No,No,14,Yes,No,Fiber optic,No,No,No,No,Yes,Yes,Month-to-month,Yes,Electronic check,88.9,1161.75,Yes
CUST-03530,Male,1,No,No,72,Yes,No,Fiber optic,No,Yes,No,No,No,Yes,Two year,Yes,Mailed check,98.52,7061.61,No
CUST-03531,Male,0,Yes,No,5,Yes,No,DSL,Yes,Yes,No,Yes,No,No,Month-to-month,No,Bank transfer (automatic),65.45,305.0,Yes
CUST-03532,Male,0,No,No,4,Yes,No,Fiber optic,No,No,No,Yes,No,Yes,Month-to-month,Yes,Credit card (automatic),82.2,316.53,No
CUST-03533,Male,0,Yes,Yes,35,No,No phone service,Fiber optic,No,No,Yes,No,Yes,Yes,One year,Yes,Bank transfer (automatic),92.82,3232.17,Yes
CUST-03534,Female,0,Yes,No,28,Yes,Yes,No,No internet service,No internet service,No internet service,No internet service,No internet service,No internet service,Two year,Yes,Bank transfer (automatic),27.13,808.18,No
CUST-03535,Male,0,No,No,2,Yes,Yes,Fiber optic,Yes,Yes,No,Yes,Yes,Yes,Month-to-month,Yes,Electronic check,100.76,198.86,No
CUST-03536,Male,0,No,Yes,17,Yes,Yes,Fiber optic,No,No,Yes,No,No,Yes,Month-to-month,No,Bank transfer (automatic),88.49,1553.22,No
CUST-03537,Male,0,No,No,39,Yes,Yes,DSL,No,Yes,No,No,No,No,One year,No,Bank transfer (automatic),50.67,1938.67,No
CUST-03538,Male,0,Yes,No,1,Yes,Yes,DSL,No,No,No,No,No,No,Month-to-month,No,Credit card (automatic),55.01,6.35,No
CUST-03539,Female,1,No,Yes,47,No,No phone service,Fiber optic,No,No,No,Yes,Yes,No,Two year,Yes,Mailed check,89.77,4279.04,No
CUST-03540,Female,1,Yes,No,25,Yes,Yes,Fiber optic,Yes,Yes,No,No,Yes,Yes,One year,No,Electronic check,83.7,2056.31,Yes
CUST-03541,Female,0,No,No,17,Yes,No,DSL,Yes,No,Yes,Yes,Yes,No,Month-to-month,No,Electronic check,66.93,1149.16,No
CUST-03542,Female,0,No,No,43,Yes,No,No,No internet service,No internet service,No internet service,No internet service,No internet service,No internet service,Two year,No,Credit card (automatic),42.21,1804.67,No
CUST-03543,Male,0,No,No,11,No,No phone service,No,No internet service,No internet service,No internet service,No internet service,No internet service,No internet service,One year,No,Electronic check,24.73,226.65,No
CUST-03544,Female,0,No,Yes,9,Yes,Yes,DSL,Yes,No,No,No,Yes,Yes,Month-to-month,Yes,Mailed check,45.36,353.49,No
CUST-03545,Male,1,No,No,9,No,No phone service,DSL,Yes,Yes,Yes,Yes,No,No,Month-to-month,Yes,Mailed check,65.15,553.4,No
CUST-03546,Female,1,Yes,No,33,Yes,No,DSL,Yes,No,No,No,No,No,One year,No,Electronic check,74.6,2444.32,No
CUST-03547,Male,0,No,No,72,Yes,Yes,No,No internet service,No internet service,No internet service,No internet service,No internet service,No internet service,Two year,No,Credit card (automatic),21.61,1572.42,No
CUST-03548,Female,0,No,No,3,Yes,No,Fiber optic,Yes,No,No,Yes,No,No,Month-to-month,Yes,Electronic check,94.24,285.53,No
CUST-03549,Male,0,Yes,Yes,11,Yes,No,DSL,No,Yes,No,No,Yes,Yes,Month-to-month,Yes,Bank transfer (automatic),58.05,624.93,No
CUST-03550,Female,0,Yes,Yes,35,Yes,No,No,No internet service,No internet service,No internet service,No internet service,No internet service,No internet service,Two year,Yes,Mailed check,29.82,1085.06,No
CUST-03551,Male,1,Yes,No,8,Yes,No,DSL,Yes,Yes,Yes,No,No,Yes,Month-to-month,Yes,Electronic check,67.6,593.72,Yes
CUST-03552,Female,0,No,Yes,41,Yes,Yes,No,No internet service,No internet service,No internet service,No internet service,No internet service,No internet service,Month-to-month,No,Bank transfer (automatic),22.34,922.23,No
CUST-03553,Female,0,No,No,38,Yes,Yes,No,No internet service,No internet service,No internet service,No internet service,No internet service,No internet service,Month-to-month,Yes,Mailed check,22.21,824.83,No
CUST-03554,Female,0,No,No,22,Yes,No,Fiber optic,No,Yes,No,No,Yes,Yes,One year,No,Electronic check,96.19,2115.53,Yes
CUST-03555,Male,0,Yes,Yes,13,Yes,No,Fiber optic,Yes,Yes,No,No,No,No,One year,Yes,Bank transfer (automatic),94.97,1244.85,Yes
CUST-03556,Male,0,Yes,No,21,Yes,No,Fiber optic,No,Yes,No,Yes,Yes,No,Month-to-month,Yes,Electronic check,91.53,1863.85,No
CUST-03557,Female,1,No,No,0,No,No phone service,Fiber optic,No,No,Yes,Yes,No,No,Month-to-month,Yes,Credit card (automatic),84.68,0.0,No
CUST-03558,Male,0,Yes,Yes,12,Yes,Yes,Fiber optic,No,No,No,No,Yes,No,One year,Yes,Electronic check,83.9,1008.19,Yes
CUST-03559,Male,0,Yes,No,13,Yes,Yes,Fiber optic,No,No,No,Yes,Yes,Yes,One year,Yes,Mailed check,88.21,1106.71,Yes
CUST-03560,Male,0,Yes,Yes,16,Yes,No,No,No internet service,No internet service,No internet service,No internet service,No internet service,No internet service,Month-to-month,Yes,Electronic check,30.72,469.25,No
CUST-03561,Male,0,Yes,No,16,Yes,Yes,Fiber optic,Yes,No,Yes,No,Yes,Yes,Month-to-month,No,Bank transfer (automatic),91.42,1432.66,Yes
CUST-03562,Male,0,Yes,No,33,Yes,Yes,No,No internet service,No internet service,No internet service,No internet service,No internet service,No internet service,One year,Yes,Credit card (automatic),24.79,866.45,No
CUST-03563,Male,0,No,No,3,No,No phone service,Fiber optic,No,No,Yes,No,No,No,Month-to-month,No,Electronic check,81.39,195.08,Yes
CUST-03564,Female,0,Yes,No,14,Yes,Yes,No,No internet service,No internet service,No internet service,No internet service,No internet service,No internet service,Month-to-month,Yes,Electronic check,27.09,394.41,Yes
CUST-03565,Female,0,Yes,No,44,Yes,Yes,DSL,No,No,No,Yes,No,No,Two year,No,Mailed check,66.35,2984.46,No
CUST-03566,Male,0,No,No,55,Yes,Yes,DSL,No,No,Yes,Yes,No,Yes,Two year,No,Electronic check,73.23,4023.9,No
CUST-03567,Male,0,No,Yes,15,No,No phone service,Fiber optic,No,No,No,No,No,No,Month-to-month,Yes,Electronic check,84.89,1328.88,No
CUST-03568,Male,1,No,Yes,53,Yes,Yes,DSL,No,No,No,No,Yes,No,Two year,No,Credit card (automatic),62.03,3291.64,No
CUST-03569,Female,0,No,Yes,25,Yes,Yes,No,No internet service,No internet service,No internet service,No internet service,No internet service,No internet service,One year,Yes,Bank transfer (automatic),23.17,598.7,Yes
CUST-03570,Male,0,No,No,39,Yes,No,DSL,Yes,No,No,No,No,Yes,Two year,Yes,Bank transfer (automatic),58.32,2219.23,No
CUST-03571,Female,0,No,No,59,No,No phone service,Fiber optic,Yes,Yes,Yes,No,No,No,Two year,Yes,Bank transfer (automatic),89.71,5344.2,No
CUST-03572,Female,0,No,Yes,2,Yes,No,Fiber optic,No,Yes,Yes,No,Yes,No,One year,No,Credit card (automatic),95.32,178.63,No
CUST-03573,Female,0,No,No,6,Yes,No,No,No internet service,No internet service,No internet service,No internet service,No internet service,No internet service,Month-to-month,Yes,Bank transfer (automatic),26.68,157.19,No
CUST-03574,Male,0,No,No,2,Yes,No,DSL,No,No,Yes,Yes,Yes,Yes,Month-to-month,Yes,Bank transfer (automatic),60.87,107.59,Yes
CUST-03575,Female,0,Yes,Yes,13,Yes,No,No,No internet service,No internet service,No internet service,No internet service,No internet service,No internet service,Month-to-month,No,Credit card (automatic),27.3,324.55,No
CUST-03576,Female,0,Yes,Yes,12,Yes,Yes,DSL,Yes,Yes,Yes,Yes,Yes,No,Month-to-month,No,Credit card (automatic),73.48,914.28,No
CUST-03577,Female,0,Yes,No,40,Yes,Yes,DSL,No,No,No,Yes,No,Yes,One year,Yes,Credit card (automatic),64.09,2548.65,No
CUST-03578,Female,1,Yes,Yes,16,No,No phone service,DSL,No,No,Yes,No,No,Yes,Month-to-month,No,Bank transfer (automatic),64.96,1007.51,No
CUST-03579,Female,0,Yes,No,52,Yes,Yes,No,No internet service,No internet service,No internet service,No internet service,No internet service,No internet service,Two year,No,Electronic check,28.15,1434.25,No
CUST-03580,Male,1,No,No,51,Yes,Yes,DSL,No,No,Yes,No,Yes,Yes,Two year,Yes,Mailed check,61.76,3111.72,No
CUST-03581,Female,0,No,No,5,Yes,Yes,DSL,No,No,No,Yes,Yes,Yes,Month-to-month,Yes,Mailed check,61.29,366.36,No
CUST-03582,Female,0,Yes,No,4,Yes,No,DSL,No,No,Yes,No,No,No,One year,No,Bank transfer (automatic),54.6,223.52,No
CUST-03583,Male,0,Yes,Yes,61,Yes,No,Fiber optic,Yes,Yes,No,No,No,No,Two year,No,Bank transfer (automatic),82.27,4986.54,No
CUST-03584,Male,0,Yes,No,22,Yes,Yes,Fiber optic,Yes,No,Yes,Yes,No,Yes,One year,Yes,Bank transfer (automatic),88.02,1903.61,No
CUST-03585,Female,0,No,No,58,No,No phone service,DSL,No,No,Yes,No,No,No,Two year,Yes,Electronic check,56.5,3318.36,No
CUST-03586,Male,0,Yes,No,8,Yes,Yes,Fiber optic,No,No,No,Yes,No,No,Month-to-month,Yes,Electronic check,87.29,709.05,Yes
CUST-03587,Male,0,Yes,No,1,Yes,Yes,Fiber optic,No,No,Yes,No,Yes,Yes,Month-to-month,No,Electronic check,89.93,30.22,Yes
CUST-03588,Female,0,Yes,Yes,4,Yes,Yes,Fiber optic,Yes,No,Yes,No,Yes,Yes,Month-to-month,Yes,Credit card (automatic),91.32,245.6,No
CUST-03589,Female,0,No,No,1,Yes,Yes,Fiber optic,No,No,Yes,No,No,No,Month-to-month,Yes,Electronic check,86.68,92.35,No
CUST-03590,Female,0,Yes,No,2,Yes,No,No,No internet service,No internet service,No internet service,No internet service,No internet service,No internet service,Month-to-month,No,Mailed check,21.27,97.31,Yes
CUST-03591,Male,0,No,No,29,Yes,No,Fiber optic,No,No,Yes,Yes,No,No,One year,Yes,Electronic check,74.87,2140.02,No
CUST-03592,Male,0,No,No,23,Yes,Yes,No,No internet service,No internet service,No internet service,No internet service,No internet service,No internet service,One year,No,Mailed check,19.58,474.76,No
CUST-03593,Female,0,No,No,34,Yes,Yes,DSL,No,No,Yes,No,Yes,Yes,Month-to-month,Yes,Electronic check,65.8,2308.36,No
CUST-03594,Female,0,No,No,1,Yes,No,Fiber optic,No,No,Yes,Yes,Yes,Yes,Month-to-month,No,Mailed check,102.39,50.09,Yes
CUST-03595,Male,0,Yes,No,6,Yes,Yes,DSL,No,Yes,No,Yes,No,No,Month-to-month,No,Bank transfer (automatic),58.15,310.2,No
CUST-03596,Male,0,Yes,Yes,16,Yes,Yes,Fiber optic,No,Yes,No,Yes,No,Yes,Month-to-month,Yes,Bank transfer (automatic),92.81,1470.91,Yes
CUST-03597,Male,0,No,No,2,Yes,Yes,DSL,Yes,No,No,Yes,Yes,Yes,Month-to-month,Yes,Electronic check,56.05,127.34,No
CUST-03598,Female,0,Yes,No,4,Yes,No,Fiber optic,Yes,Yes,Yes,No,Yes,Yes,Month-to-month,Yes,Credit card (automatic),85.9,357.27,Yes
CUST-03599,Male,0,No,No,46,Yes,Yes,Fiber optic,No,No,No,No,No,No,Two year,Yes,Electronic check,81.9,3762.49,No
CUST-03600,Female,0,No,No,44,Yes,Yes,Fiber optic,No,No,No,No,No,Yes,Two year,Yes,Electronic check,93.42,4213.55,No
CUST-03601,Male,0,Yes,Yes,31,Yes,No,DSL,No,No,No,No,No,No,Month-to-month,No,Bank transfer (automatic),55.32,1747.78,Yes
CUST-03602,Female,0,Yes,No,21,Yes,Yes,DSL,Yes,No,No,No,Yes,No,One year,Yes,Credit card (automatic),50.71,1051.39,No
CUST-03603,Male,0,No,Yes,53,Yes,No,Fiber optic,Yes,Yes,Yes,Yes,No,No,Two year,Yes,Mailed check,89.13,4716.35,No
CUST-03604,Female,0,No,Yes,1,Yes,No,Fiber optic,No,No,No,No,Yes,Yes,Month-to-month,No,Credit card (automatic),79.18,64.29,No
CUST-03605,Female,0,No,No,0,Yes,Yes,DSL,No,Yes,Yes,No,No,No,Month-to-month,No,Electronic check,61.93,0.0,Yes
CUST-03606,Male,0,Yes,Yes,6,Yes,Yes,Fiber optic,No,No,Yes,No,No,No,Month-to-month,No,Electronic check,78.84,412.36,Yes
CUST-03607,Male,0,No,No,1,Yes,No,Fiber optic,No,Yes,No,Yes,Yes,No,Month-to-month,Yes,Mailed check,95.91,86.42,No
CUST-03608,Female,0,Yes,No,4,Yes,Yes,DSL,No,No,Yes,No,No,Yes,Month-to-month,Yes,Mailed check,54.2,141.3,No
CUST-03609,Female,0,Yes,No,43,No,No phone service,DSL,No,No,No,No,No,No,One year,No,Bank transfer (automatic),49.45,2138.64,No
CUST-03610,Female,0,No,Yes,3,Yes,Yes,Fiber optic,Yes,No,No,Yes,No,No,Month-to-month,Yes,Mailed check,96.88,311.08,No
CUST-03611,Female,1,No,Yes,17,Yes,No,Fiber optic,No,No,No,Yes,No,Yes,Month-to-month,Yes,Credit card (automatic),81.42,1327.03,Yes
CUST-03612,Female,0,Yes,No,20,Yes,No,DSL,No,Yes,No,No,Yes,No,Month-to-month,Yes,Electronic check,67.16,1279.25,Yes
CUST-03613,Female,0,No,No,30,Yes,No,DSL,No,No,Yes,No,Yes,No,Month-to-month,Yes,Electronic check,54.59,1638.61,No
CUST-03614,Male,0,Yes,No,34,Yes,Yes,No,No internet service,No internet service,No internet service,No internet service,No internet service,No internet service,Month-to-month,No,Bank transfer (automatic),21.85,756.97,No
CUST-03615,Female,0,Yes,No,0,Yes,Yes,Fiber optic,No,No,Yes,No,Yes,No,Month-to-month,Yes,Mailed check,92.31,0.0,Yes
CUST-03616,Male,1,Yes,Yes,6,No,No phone service,DSL,Yes,No,Yes,No,Yes,Yes,Month-to-month,No,Mailed check,68.2,398.35,Yes
CUST-03617,Male,0,No,No,3,Yes,Yes,Fiber optic,No,Yes,No,No,No,Yes,Month-to-month,No,Bank transfer (automatic),80.62,268.33,Yes
CUST-03618,Male,0,Yes,No,22,Yes,No,DSL,No,No,No,Yes,Yes,No,One year,No,Electronic check,56.56,1263.6,No
CUST-03619,Male,0,No,Yes,44,Yes,No,DSL,No,No,Yes,Yes,No,No,Month-to-month,Yes,Credit card (automatic),50.39,2200.51,No
CUST-03620,Male,0,Yes,No,31,Yes,Yes,No,No internet service,No internet service,No internet service,No internet service,No internet service,No internet service,One year,Yes,Electronic check,19.01,561.57,No
CUST-03621,Female,0,Yes,Yes,63,Yes,No,No,No internet service,No internet service,No internet service,No internet service,No internet service,No internet service,Two year,Yes,Electronic check,29.7,1772.0,No
CUST-03622,Male,0,Yes,Yes,41,Yes,Yes,Fiber optic,Yes,Yes,Yes,No,Yes,No,Month-to-month,No,Mailed check,87.12,3541.23,Yes
CUST-03623,Male,1,Yes,No,34,Yes,No,Fiber optic,No,No,No,No,No,Yes,Month-to-month,Yes,Electronic check,95.83,3271.3,Yes
CUST-03624,Male,1,No,No,20,Yes,Yes,Fiber optic,No,Yes,No,Yes,No,No,One year,Yes,Mailed check,85.17,1701.65,No
CUST-03625,Female,0,No,No,6,Yes,Yes,Fiber optic,Yes,No,No,Yes,Yes,No,Month-to-month,No,Electronic check,82.51,525.07,Yes
CUST-03626,Female,1,No,No,49,Yes,Yes,Fiber optic,No,Yes,Yes,No,Yes,Yes,Two year,Yes,Electronic check,93.63,4662.99,No
CUST-03627,Female,0,Yes,No,34,No,No phone service,Fiber optic,Yes,No,Yes,Yes,No,Yes,One year,Yes,Electronic check,88.54,3010.35,No
CUST-03628,Male,0,No,No,15,Yes,No,DSL,Yes,No,No,No,Yes,No,Month-to-month,Yes,Electronic check,57.18,775.58,Yes
CUST-03629,Female,1,No,No,5,Yes,No,DSL,No,Yes,Yes,Yes,Yes,No,Month-to-month,Yes,Bank transfer (automatic),62.19,290.8,Yes
CUST-03630,Female,0,Yes,Yes,29,Yes,No,Fiber optic,Yes,Yes,No,No,Yes,No,One year,Yes,Electronic check,90.3,2664.82,Yes
CUST-03631,Male,0,No,No,46,Yes,No,Fiber optic,Yes,No,No,No,No,Yes,One year,No,Electronic check,85.33,3973.82,No
CUST-03632,Female,0,No,No,6,Yes,Yes,No,No internet service,No internet service,No internet service,No internet service,No internet service,No internet service,Month-to-month,Yes,Credit card (automatic),34.63,141.55,Yes
CUST-03633,Male,0,No,No,47,Yes,Yes,DSL,Yes,No,No,No,No,No,One year,Yes,Credit card (automatic),69.9,3250.68,No
CUST-03634,Female,0,No,No,5,Yes,Yes,No,No internet service,No internet service,No internet service,No internet service,No internet service,No internet service,Month-to-month,Yes,Electronic check,23.94,111.22,No
CUST-03635,Female,0,No,No,60,Yes,Yes,DSL,No,No,Yes,No,No,Yes,Two year,Yes,Electronic check,58.98,3575.29,No
CUST-03636,Male,0,No,No,49,Yes,Yes,DSL,No,No,No,No,Yes,Yes,Two year,Yes,Credit card (automatic),74.46,3612.69,No
CUST-03637,Female,0,No,Yes,0,Yes,No,No,No internet service,No internet service,No internet service,No internet service,No internet service,No internet service,Month-to-month,Yes,Bank transfer (automatic),18.0,0.0,Yes
CUST-03638,Male,0,No,No,2,Yes,No,Fiber optic,No,Yes,No,No,No,No,Month-to-month,No,Electronic check,93.55,77.36,Yes
CUST-03639,Male,0,Yes,Yes,16,Yes,Yes,DSL,Yes,No,No,Yes,No,Yes,Month-to-month,No,Bank transfer (automatic),66.6,1059.3,Yes
CUST-03640,Female,0,No,No,63,No,No phone service,Fiber optic,No,No,Yes,No,No,No,Two year,Yes,Credit card (automatic),73.93,4609.74,No
CUST-03641,Female,0,No,No,1,Yes,No,Fiber optic,Yes,No,No,No,Yes,Yes,Month-to-month,Yes,Electronic check,86.04,74.4,No
CUST-03642,Female,0,Yes,No,9,Yes,No,No,No internet service,No internet service,No internet service,No internet service,No internet service,No internet service,Month-to-month,No,Mailed check,39.37,292.64,No
CUST-03643,Female,0,No,No,27,Yes,Yes,Fiber optic,Yes,Yes,No,Yes,No,Yes,One year,Yes,Mailed check,94.5,2552.41,No
CUST-03644,Male,0,No,No,0,Yes,Yes,Fiber optic,Yes,No,No,No,No,Yes,Month-to-month,Yes,Electronic check,83.2,0.0,Yes
CUST-03645,Female,1,No,No,15,No,No phone service,DSL,No,Yes,Yes,No,Yes,No,Month-to-month,Yes,Mailed check,59.22,896.81,Yes
CUST-03646,Female,0,No,Yes,36,Yes,No,DSL,No,Yes,No,No,Yes,No,One year,Yes,Electronic check,49.53,1827.74,No
CUST-03647,Female,0,Yes,Yes,11,Yes,No,Fiber optic,No,Yes,No,Yes,No,No,Month-to-month,Yes,Electronic check,88.57,979.1,Yes
CUST-03648,Female,0,No,No,41,No,No phone service,DSL,Yes,No,Yes,Yes,Yes,Yes,One year,Yes,Electronic check,74.31,3053.1,No
CUST-03649,Female,0,No,No,15,Yes,No,DSL,No,No,No,Yes,Yes,Yes,Month-to-month,No,Bank transfer (automatic),65.92,965.06,No
CUST-03650,Female,0,No,Yes,18,Yes,No,Fiber optic,No,No,No,Yes,Yes,No,Month-to-month,Yes,Credit card (automatic),86.48,1573.12,No
CUST-03651,Male,0,Yes,No,18,Yes,Yes,Fiber optic,No,No,No,No,No,No,Month-to-month,No,Electronic check,84.04,1491.6,Yes
CUST-03652,Male,0,Yes,No,8,Yes,Yes,Fiber optic,No,No,No,No,No,Yes,Month-to-month,Yes,Electronic check,82.83,649.71,Yes
CUST-03653,Male,1,No,No,62,Yes,No,Fiber optic,No,Yes,No,No,Yes,Yes,Two year,Yes,Bank transfer (automatic),95.81,5983.12,No
CUST-03654,Female,0,Yes,Yes,0,Yes,Yes,No,No internet service,No internet service,No internet service,No internet service,No internet service,No internet service,Month-to-month,Yes,Mailed check,18.34,0.0,No
CUST-03655,Female,0,Yes,No,45,Yes,Yes,DSL,No,No,No,Yes,Yes,No,Month-to-month,Yes,Mailed check,52.18,2334.66,No
CUST-03656,Male,0,No,Yes,41,Yes,Yes,DSL,Yes,Yes,No,Yes,Yes,No,Two year,Yes,Mailed check,60.65,2502.48,No
CUST-03657,Female,1,No,Yes,0,Yes,Yes,DSL,No,Yes,Yes,No,Yes,Yes,Month-to-month,No,Mailed check,59.12,0.0,Yes
CUST-03658,Female,1,No,No,58,Yes,No,Fiber optic,Yes,Yes,Yes,No,No,Yes,Two year,Yes,Credit card (automatic),104.45,6032.03,No
CUST-03659,Male,0,No,No,4,Yes,Yes,Fiber optic,No,Yes,No,No,No,No,Month-to-month,Yes,Credit card (automatic),82.0,229.35,No
CUST-03660,Male,0,No,Yes,27,Yes,Yes,Fiber optic,No,Yes,No,No,No,No,Month-to-month,Yes,Bank transfer (automatic),83.94,2288.89,Yes
CUST-03661,Female,0,No,Yes,0,Yes,No,Fiber optic,No,No,No,Yes,No,No,Month-to-month,No,Electronic check,89.73,0.0,Yes
CUST-03662,Male,0,No,No,45,No,No phone service,Fiber optic,Yes,Yes,No,No,No,No,Month-to-month,Yes,Electronic check,82.75,3790.43,No
CUST-03663,Female,0,No,No,57,Yes,Yes,Fiber optic,No,No,Yes,No,Yes,No,Two year,Yes,Bank transfer (automatic),77.63,4395.43,Yes
CUST-03664,Female,0,No,Yes,70,Yes,Yes,DSL,No,Yes,Yes,No,No,Yes,Two year,Yes,Mailed check,57.31,4011.18,No
CUST-03665,Female,1,Yes,Yes,15,Yes,Yes,DSL,Yes,Yes,Yes,Yes,No,No,One year,No,Electronic check,64.59,998.32,No
CUST-03666,Male,0,Yes,No,47,Yes,No,DSL,Yes,No,No,No,No,No,Month-to-month,No,Bank transfer (automatic),58.88,2867.37,No
CUST-03667,Female,0,No,Yes,5,Yes,Yes,DSL,No,Yes,No,No,No,Yes,Month-to-month,Yes,Mailed check,54.12,236.07,Yes
CUST-03668,Male,0,No,No,18,Yes,No,DSL,No,No,No,No,Yes,No,Month-to-month,No,Electronic check,56.52,998.34,No
CUST-03669,Male,0,No,No,13,Yes,No,DSL,Yes,No,No,Yes,No,No,Month-to-month,No,Bank transfer (automatic),60.27,789.95,Yes
CUST-03670,Male,0,No,No,1,Yes,Yes,Fiber optic,No,No,Yes,No,Yes,No,Month-to-month,No,Bank transfer (automatic),85.37,72.65,Yes
CUST-03671,Male,0,No,No,11,Yes,No,Fiber optic,No,Yes,No,Yes,No,No,Month-to-month,Yes,Mailed check,96.44,1088.58,No
CUST-03672,Male,0,Yes,No,12,Yes,No,DSL,Yes,Yes,No,No,No,Yes,Month-to-month,No,Credit card (automatic),64.62,782.03,No
CUST-03673,Female,0,No,Yes,44,Yes,No,DSL,Yes,No,Yes,No,Yes,No,One year,Yes,Bank transfer (automatic),63.39,2839.37,No
CUST-03674,Male,0,No,No,11,Yes,No,DSL,Yes,Yes,No,Yes,Yes,No,Month-to-month,No,Credit card (automatic),71.82,779.91,Yes
CUST-03675,Female,0,Yes,Yes,5,Yes,Yes,Fiber optic,Yes,No,No,Yes,No,No,Month-to-month,Yes,Mailed check,89.72,482.76,No
CUST-03676,Male,0,No,No,12,Yes,No,Fiber optic,No,No,No,Yes,No,Yes,Month-to-month,Yes,Mailed check,72.56,869.57,No
CUST-03677,Male,0,No,Yes,8,Yes,Yes,Fiber optic,Yes,Yes,Yes,No,Yes,No,One year,Yes,Mailed check,99.75,820.75,Yes
CUST-03678,Female,1,No,No,44,Yes,Yes,Fiber optic,Yes,No,No,No,Yes,No,One year,Yes,Electronic check,83.59,3687.14,No
CUST-03679,Female,1,Yes,Yes,2,Yes,Yes,DSL,No,No,No,Yes,Yes,No,Month-to-month,Yes,Credit card (automatic),63.24,123.82,No
CUST-03680,Female,0,Yes,No,37,Yes,No,No,No internet service,No internet service,No internet service,No internet service,No internet service,No internet service,Two year,Yes,Bank transfer (automatic),21.87,779.75,No
CUST-03681,Female,0,No,No,24,Yes,Yes,DSL,No,Yes,No,Yes,No,No,One year,No,Electronic check,61.66,1513.79,No
CUST-03682,Male,0,No,Yes,35,Yes,Yes,Fiber optic,No,No,Yes,No,No,Yes,Month-to-month,No,Electronic check,81.15,2798.42,No
CUST-03683,Male,0,No,No,26,Yes,Yes,Fiber optic,No,No,Yes,Yes,No,No,Month-to-month,Yes,Electronic check,86.95,2286.33,Yes
CUST-03684,Female,0,Yes,Yes,56,Yes,Yes,Fiber optic,Yes,No,No,No,Yes,Yes,Two year,Yes,Credit card (automatic),94.55,5319.4,Yes
CUST-03685,Female,0,No,No,2,Yes,Yes,Fiber optic,No,No,No,No,No,Yes,Month-to-month,Yes,Mailed check,77.19,242.6,No
CUST-03686,Male,0,Yes,No,16,Yes,No,Fiber optic,Yes,No,No,No,Yes,No,Month-to-month,No,Credit card (automatic),81.19,1332.98,No
CUST-03687,Male,0,Yes,No,1,Yes,No,Fiber optic,No,No,No,No,Yes,No,Month-to-month,Yes,Electronic check,75.59,0.8,No
CUST-03688,Female,0,Yes,No,2,Yes,No,No,No internet service,No internet service,No internet service,No internet service,No internet service,No internet service,Month-to-month,Yes,Electronic check,37.21,36.16,No
CUST-03689,Female,0,No,No,12,Yes,No,DSL,No,Yes,No,No,Yes,Yes,One year,No,Credit card (automatic),61.02,731.36,No
CUST-03690,Male,0,No,No,10,Yes,Yes,Fiber optic,No,Yes,No,No,Yes,Yes,One year,No,Bank transfer (automatic),87.87,862.31,No
CUST-03691,Male,0,Yes,No,46,No,No phone service,DSL,Yes,Yes,No,No,No,No,Two year,No,Credit card (automatic),54.18,2506.53,No
CUST-03692,Female,0,No,No,14,Yes,No,Fiber optic,Yes,Yes,No,Yes,No,No,One year,No,Credit card (automatic),85.4,1145.45,Yes
CUST-03693,Male,0,No,No,29,Yes,No,Fiber optic,No,Yes,No,Yes,No,Yes,One year,Yes,Mailed check,77.31,2170.41,Yes
CUST-03694,Male,0,No,No,44,Yes,No,Fiber optic,No,Yes,No,No,No,No,Month-to-month,No,Bank transfer (automatic),87.69,3820.38,Yes
CUST-03695,Male,0,No,Yes,53,Yes,Yes,Fiber optic,No,No,No,Yes,Yes,Yes,Two year,Yes,Credit card (automatic),83.63,4518.22,No
CUST-03696,Female,1,No,No,3,Yes,Yes,Fiber optic,No,Yes,Yes,No,Yes,No,Month-to-month,No,Credit card (automatic),92.3,320.33,Yes
CUST-03697,Male,0,Yes,Yes,1,Yes,Yes,Fiber optic,No,No,No,Yes,No,Yes,Month-to-month,No,Mailed check,88.93,66.46,Yes
CUST-03698,Male,1,Yes,No,37,Yes,No,Fiber optic,Yes,No,Yes,No,No,Yes,Two year,Yes,Credit card (automatic),105.98,3928.34,No
CUST-03699,Male,0,No,No,44,Yes,No,No,No internet service,No internet service,No internet service,No internet service,No internet service,No internet service,Two year,No,Electronic check,19.78,830.64,No
CUST-03700,Female,0,No,No,8,Yes,No,DSL,Yes,Yes,No,No,Yes,Yes,Month-to-month,Yes,Bank transfer (automatic),65.41,557.17,No
CUST-03701,Male,0,No,Yes,10,Yes,No,Fiber optic,No,Yes,No,No,No,No,Month-to-month,Yes,Bank transfer (automatic),81.81,775.97,No
CUST-03702,Male,0,No,Yes,54,Yes,No,No,No internet service,No internet service,No internet service,No internet service,No internet service,No internet service,Month-to-month,Yes,Electronic check,18.0,956.33,No
CUST-03703,Male,0,No,No,23,Yes,No,DSL,No,No,Yes,No,No,Yes,One year,No,Bank transfer (automatic),75.05,1695.64,No
CUST-03704,Female,1,No,No,5,Yes,No,Fiber optic,No,Yes,Yes,No,Yes,No,Month-to-month,Yes,Mailed check,86.16,421.16,No
CUST-03705,Female,0,No,No,34,Yes,Yes,DSL,Yes,No,No,No,No,Yes,Month-to-month,Yes,Mailed check,60.26,2060.35,No
CUST-03706,Female,0,Yes,No,1,Yes,Yes,No,No internet service,No internet service,No internet service,No internet service,No internet service,No internet service,Month-to-month,Yes,Bank transfer (automatic),27.65,26.81,No
CUST-03707,Male,0,No,Yes,64,Yes,No,Fiber optic,Yes,No,Yes,Yes,Yes,Yes,Two year,Yes,Bank transfer (automatic),96.16,6193.88,No
CUST-03708,Female,0,No,No,47,Yes,No,No,No internet service,No internet service,No internet service,No internet service,No internet service,No internet service,Two year,Yes,Bank transfer (automatic),50.79,2347.24,No
CUST-03709,Male,0,Yes,No,34,Yes,Yes,Fiber optic,No,No,No,No,No,No,Two year,No,Mailed check,83.44,2737.31,Yes
CUST-03710,Female,0,Yes,Yes,49,Yes,No,Fiber optic,No,Yes,Yes,Yes,No,Yes,One year,Yes,Electronic check,90.47,4439.87,No
CUST-03711,Male,0,No,No,13,Yes,Yes,Fiber optic,Yes,Yes,No,Yes,No,Yes,Month-to-month,Yes,Bank transfer (automatic),94.1,1288.17,No
CUST-03712,Female,0,No,Yes,1,Yes,No,Fiber optic,Yes,Yes,Yes,Yes,No,No,Month-to-month,Yes,Credit card (automatic),92.24,51.51,No
CUST-03713,Female,0,Yes,Yes,2,No,No phone service,Fiber optic,No,Yes,No,Yes,Yes,No,Month-to-month,Yes,Bank transfer (automatic),95.45,214.01,Yes
CUST-03714,Male,0,Yes,Yes,5,Yes,No,DSL,Yes,No,Yes,No,No,No,Month-to-month,No,Electronic check,66.27,313.09,No
CUST-03715,Female,0,Yes,No,35,Yes,No,DSL,No,Yes,Yes,Yes,No,Yes,One year,Yes,Mailed check,65.04,2244.8,No
CUST-03716,Male,0,Yes,No,11,Yes,Yes,Fiber optic,No,No,No,No,Yes,Yes,Month-to-month,No,Mailed check,90.52,964.1,No
CUST-03717,Male,0,No,Yes,38,Yes,No,DSL,Yes,No,Yes,No,No,No,Two year,Yes,Credit card (automatic),68.47,2621.84,No
CUST-03718,Male,0,No,No,16,Yes,Yes,Fiber optic,Yes,No,Yes,No,Yes,No,Month-to-month,No,Credit card (automatic),89.37,1483.87,Yes
CUST-03719,Female,0,No,No,5,Yes,No,No,No internet service,No internet service,No internet service,No internet service,No internet service,No internet service,Month-to-month,Yes,Electronic check,33.76,216.42,Yes
CUST-03720,Male,0,Yes,No,20,No,No phone service,Fiber optic,No,No,Yes,No,Yes,Yes,One year,No,Electronic check,87.57,1785.82,No
CUST-03721,Female,0,Yes,Yes,26,Yes,Yes,DSL,No,No,Yes,Yes,No,No,One year,No,Credit card (automatic),62.46,1629.53,No
CUST-03722,Female,0,Yes,Yes,8,Yes,No,No,No internet service,No internet service,No internet service,No internet service,No internet service,No internet service,Month-to-month,Yes,Bank transfer (automatic),20.77,140.4,No
CUST-03723,Female,0,No,Yes,0,Yes,No,Fiber optic,No,No,No,No,No,No,One year,No,Credit card (automatic),76.09,0.0,No
CUST-03724,Female,0,No,No,48,Yes,No,No,No internet service,No internet service,No internet service,No internet service,No internet service,No internet service,One year,Yes,Electronic check,37.13,1835.69,No
CUST-03725,Male,0,Yes,No,10,Yes,No,DSL,No,No,No,No,No,No,Month-to-month,No,Bank transfer (automatic),56.02,543.17,Yes
CUST-03726,Female,0,No,Yes,3,Yes,Yes,DSL,No,Yes,Yes,No,No,Yes,Month-to-month,Yes,Credit card (automatic),61.81,167.69,Yes
CUST-03727,Male,0,Yes,No,60,No,No phone service,DSL,No,No,No,No,No,No,Two year,Yes,Mailed check,62.75,3781.91,No
CUST-03728,Female,0,Yes,Yes,11,Yes,No,Fiber optic,No,Yes,Yes,No,Yes,No,Month-to-month,Yes,Bank transfer (automatic),93.38,986.64,Yes
CUST-03729,Male,0,No,Yes,17,Yes,No,No,No internet service,No internet service,No internet service,No internet service,No internet service,No internet service,Month-to-month,Yes,Electronic check,27.25,472.28,Yes
CUST-03730,Female,1,Yes,No,12,Yes,No,Fiber optic,No,No,Yes,No,No,Yes,Month-to-month,Yes,Credit card (automatic),87.4,969.27,Yes
CUST-03731,Female,0,No,Yes,15,No,No phone service,DSL,Yes,Yes,No,No,No,No,Month-to-month,Yes,Electronic check,63.63,995.66,No
CUST-03732,Female,0,Yes,Yes,40,No,No phone service,DSL,No,No,Yes,Yes,No,No,Two year,No,Mailed check,63.64,2550.53,No
CUST-03733,Male,0,No,No,27,Yes,No,Fiber optic,No,No,Yes,Yes,Yes,No,Month-to-month,Yes,Electronic check,91.33,2471.14,Yes
CUST-03734,Female,0,Yes,No,60,Yes,Yes,DSL,No,Yes,No,Yes,No,Yes,Two year,Yes,Credit card (automatic),75.31,4539.7,No
CUST-03735,Male,0,Yes,No,65,Yes,No,DSL,Yes,Yes,Yes,Yes,No,Yes,Two year,No,Bank transfer (automatic),62.85,4066.09,No
CUST-03736,Male,0,Yes,No,13,Yes,Yes,Fiber optic,Yes,Yes,No,No,Yes,No,Month-to-month,Yes,Credit card (automatic),91.83,1232.24,Yes
CUST-03737,Male,0,No,No,13,Yes,Yes,DSL,Yes,Yes,No,Yes,No,No,One year,No,Bank transfer (automatic),60.92,839.35,No
CUST-03738,Female,0,No,No,52,Yes,Yes,Fiber optic,No,Yes,Yes,No,No,No,Two year,Yes,Mailed check,83.64,4379.22,No
CUST-03739,Female,0,No,No,41,Yes,Yes,Fiber optic,No,No,No,Yes,No,Yes,Two year,Yes,Credit card (automatic),84.69,3502.72,No
CUST-03740,Female,1,Yes,No,21,Yes,No,DSL,No,No,Yes,No,No,No,One year,No,Electronic check,62.36,1437.13,Yes
CUST-03741,Male,0,Yes,Yes,7,Yes,No,DSL,Yes,No,Yes,No,Yes,Yes,Month-to-month,No,Credit card (automatic),60.5,487.77,No
CUST-03742,Male,0,Yes,No,20,No,No phone service,Fiber optic,No,Yes,No,No,Yes,Yes,Month-to-month,Yes,Electronic check,84.87,1672.64,No
CUST-03743,Female,0,No,Yes,2,Yes,No,DSL,No,Yes,No,No,Yes,Yes,Month-to-month,No,Mailed check,49.51,106.26,Yes
CUST-03744,Male,0,Yes,No,41,Yes,No,No,No internet service,No internet service,No internet service,No internet service,No internet service,No internet service,One year,Yes,Credit card (automatic),34.34,1340.26,No
CUST-03745,Male,0,Yes,No,29,Yes,Yes,DSL,No,No,No,No,No,Yes,Month-to-month,Yes,Bank transfer (automatic),59.45,1752.96,No
CUST-03746,Female,1,No,No,44,Yes,No,Fiber optic,No,No,Yes,No,Yes,No,One year,Yes,Credit card (automatic),94.83,4150.59,No
CUST-03747,Male,1,No,No,30,Yes,Yes,DSL,No,Yes,Yes,Yes,No,Yes,One year,Yes,Bank transfer (automatic),61.78,1924.35,No
CUST-03748,Female,0,Yes,No,1,Yes,No,DSL,No,No,No,No,No,Yes,Month-to-month,No,Mailed check,59.13,86.74,Yes
CUST-03749,Female,0,Yes,Yes,38,Yes,Yes,Fiber optic,No,Yes,No,No,Yes,No,Two year,Yes,Credit card (automatic),88.39,3339.79,No
CUST-03750,Female,0,Yes,No,1,Yes,No,Fiber optic,Yes,No,Yes,No,Yes,No,Month-to-month,Yes,Mailed check,90.71,94.23,Yes
CUST-03751,Female,0,No,Yes,50,Yes,Yes,DSL,No,Yes,No,Yes,Yes,No,Month-to-month,No,Bank transfer (automatic),59.82,3034.67,No
CUST-03752,Female,0,Yes,No,54,Yes,Yes,DSL,No,No,No,Yes,No,Yes,Two year,No,Electronic check,54.65,2983.15,No
CUST-03753,Female,1,No,No,41,Yes,No,Fiber optic,No,No,Yes,Yes,No,No,Month-to-month,No,Electronic check,92.39,3760.09,Yes
CUST-03754,Male,0,Yes,No,29,Yes,No,Fiber optic,No,Yes,Yes,No,Yes,Yes,Month-to-month,No,Credit card (automatic),90.7,2686.61,No
CUST-03755,Male,0,No,No,46,Yes,Yes,No,No internet service,No internet service,No internet service,No internet service,No internet service,No internet service,Two year,No,Mailed check,26.68,1138.44,No
CUST-03756,Male,0,No,Yes,55,Yes,No,DSL,No,Yes,No,No,Yes,Yes,Two year,Yes,Bank transfer (automatic),56.74,3065.24,No
CUST-03757,Female,0,Yes,Yes,56,Yes,Yes,No,No internet service,No internet service,No internet service,No internet service,No internet service,No internet service,Two year,No,Electronic check,26.49,1481.12,No
CUST-03758,Female,1,Yes,No,42,Yes,Yes,Fiber optic,No,No,No,Yes,No,No,Month-to-month,No,Electronic check,94.93,3970.8,Yes
CUST-03759,Male,0,Yes,Yes,2,Yes,Yes,DSL,No,No,Yes,Yes,No,Yes,Month-to-month,Yes,Mailed check,67.41,146.14,No
CUST-03760,Female,0,No,No,3,Yes,Yes,DSL,No,Yes,No,No,Yes,No,Month-to-month,Yes,Electronic check,60.93,137.15,No
CUST-03761,Male,1,No,No,9,Yes,Yes,No,No internet service,No internet service,No internet service,No internet service,No internet service,No internet service,Month-to-month,Yes,Mailed check,33.45,271.75,Yes
CUST-03762,Female,0,No,No,49,Yes,Yes,DSL,No,No,No,Yes,Yes,No,Two year,Yes,Mailed check,50.96,2453.76,No
CUST-03763,Female,0,Yes,Yes,5,Yes,No,DSL,No,No,No,Yes,Yes,Yes,Month-to-month,No,Bank transfer (automatic),74.05,323.97,No
CUST-03764,Female,0,Yes,Yes,44,Yes,Yes,DSL,No,No,No,No,No,No,One year,Yes,Bank transfer (automatic),67.84,2981.17,No
CUST-03765,Male,0,No,No,11,Yes,Yes,Fiber optic,No,No,Yes,Yes,No,No,Month-to-month,Yes,Mailed check,80.64,844.71,No
CUST-03766,Male,0,No,No,5,Yes,Yes,Fiber optic,Yes,No,No,Yes,No,No,Month-to-month,Yes,Bank transfer (automatic),85.18,406.73,Yes
CUST-03767,Female,0,No,No,3,Yes,No,Fiber optic,Yes,Yes,Yes,Yes,Yes,Yes,Month-to-month,Yes,Electronic check,99.04,279.39,Yes
CUST-03768,Female,0,No,No,57,Yes,Yes,No,No internet service,No internet service,No internet service,No internet service,No internet service,No internet service,Month-to-month,Yes,Electronic check,30.67,1747.47,No
CUST-03769,Female,1,No,No,19,No,No phone service,DSL,Yes,No,Yes,Yes,No,No,Month-to-month,No,Credit card (automatic),62.01,1110.02,Yes
CUST-03770,Male,0,No,Yes,65,No,No phone service,Fiber optic,No,Yes,Yes,No,No,Yes,Two year,No,Credit card (automatic),90.49,5898.04,No
CUST-03771,Male,1,No,No,20,No,No phone service,No,No internet service,No internet service,No internet service,No internet service,No internet service,No internet service,One year,Yes,Electronic check,33.94,652.92,No
CUST-03772,Male,1,No,No,41,Yes,Yes,DSL,No,No,No,No,No,No,One year,No,Credit card (automatic),51.58,2126.73,No
CUST-03773,Female,0,No,No,14,Yes,No,Fiber optic,Yes,Yes,No,No,Yes,Yes,Month-to-month,Yes,Credit card (automatic),90.11,1255.01,Yes
CUST-03774,Male,0,No,No,49,Yes,Yes,DSL,Yes,Yes,No,No,No,No,One year,Yes,Credit card (automatic),65.46,3220.08,No
CUST-03775,Male,0,Yes,No,37,Yes,Yes,Fiber optic,No,No,No,No,No,No,One year,Yes,Electronic check,89.09,3304.38,No
CUST-03776,Male,0,No,No,1,Yes,No,DSL,No,Yes,No,No,No,No,Month-to-month,No,Electronic check,61.51,131.31,Yes
CUST-03777,Female,0,No,Yes,21,Yes,No,DSL,Yes,No,No,No,Yes,No,One year,Yes,Mailed check,64.08,1286.3,No
CUST-03778,Female,0,Yes,Yes,36,Yes,No,DSL,Yes,No,Yes,No,No,Yes,Two year,No,Electronic check,61.2,2271.99,No
CUST-03779,Female,0,No,No,53,Yes,No,DSL,No,No,No,No,No,No,Two year,Yes,Bank transfer (automatic),53.58,2888.58,No
CUST-03780,Male,0,Yes,No,28,Yes,Yes,DSL,Yes,No,Yes,Yes,No,No,Two year,Yes,Mailed check,63.48,1763.49,No
CUST-03781,Male,0,Yes,No,12,Yes,No,No,No internet service,No internet service,No internet service,No internet service,No internet service,No internet service,Month-to-month,Yes,Mailed check,23.08,307.73,No
CUST-03782,Male,0,Yes,No,28,Yes,No,No,No internet service,No internet service,No internet service,No internet service,No internet service,No internet service,Month-to-month,Yes,Bank transfer (automatic),26.65,833.81,No
CUST-03783,Male,0,No,No,51,Yes,No,Fiber optic,Yes,No,No,No,Yes,No,Month-to-month,No,Mailed check,87.46,4404.21,No
CUST-03784,Female,0,No,Yes,14,Yes,Yes,DSL,No,No,No,No,No,Yes,Month-to-month,Yes,Electronic check,66.45,939.24,No
CUST-03785,Female,1,No,No,1,Yes,No,No,No internet service,No internet service,No internet service,No internet service,No internet service,No internet service,Month-to-month,No,Electronic check,42.88,0.0,Yes
CUST-03786,Female,1,Yes,Yes,5,Yes,No,No,No internet service,No internet service,No internet service,No internet service,No internet service,No internet service,Month-to-month,No,Bank transfer (automatic),42.58,227.72,Yes
CUST-03787,Male,0,No,No,34,Yes,Yes,Fiber optic,Yes,No,No,No,No,Yes,One year,Yes,Electronic check,80.1,2762.64,Yes
CUST-03788,Male,0,Yes,No,31,Yes,No,Fiber optic,Yes,No,No,Yes,Yes,No,Month-to-month,Yes,Credit card (automatic),98.01,2998.75,No
CUST-03789,Female,0,Yes,Yes,63,Yes,No,DSL,No,No,No,No,No,Yes,One year,No,Mailed check,58.88,3687.24,No
CUST-03790,Male,0,Yes,No,55,No,No phone service,No,No internet service,No internet service,No internet service,No internet service,No internet service,No internet service,Two year,Yes,Credit card (automatic),24.61,1352.15,No
CUST-03791,Male,0,No,No,29,No,No phone service,Fiber optic,No,Yes,No,Yes,Yes,No,Month-to-month,Yes,Credit card (automatic),87.83,2584.54,Yes
CUST-03792,Male,0,Yes,No,8,Yes,Yes,Fiber optic,No,No,Yes,No,Yes,No,Month-to-month,Yes,Bank transfer (automatic),78.91,674.8,Yes
CUST-03793,Male,0,No,Yes,47,Yes,Yes,DSL,No,Yes,No,No,Yes,No,One year,Yes,Credit card (automatic),59.91,2836.88,No
CUST-03794,Female,0,No,Yes,30,Yes,No,DSL,No,No,Yes,No,Yes,Yes,Month-to-month,Yes,Electronic check,67.34,2033.12,Yes
CUST-03795,Female,0,Yes,No,34,No,No phone service,No,No internet service,No internet service,No internet service,No internet service,No internet service,No internet service,Month-to-month,Yes,Bank transfer (automatic),21.11,719.82,No
CUST-03796,Male,1,No,No,37,Yes,Yes,Fiber optic,No,No,Yes,No,No,No,Two year,Yes,Mailed check,82.53,3091.95,No
CUST-03797,Female,0,Yes,No,18,Yes,No,Fiber optic,No,Yes,No,No,No,Yes,Month-to-month,No,Bank transfer (automatic),85.44,1560.75,No
CUST-03798,Male,0,Yes,Yes,29,Yes,No,DSL,Yes,Yes,No,No,No,Yes,One year,No,Credit card (automatic),71.99,2119.34,No
CUST-03799,Male,1,Yes,No,32,Yes,No,Fiber optic,Yes,No,No,Yes,Yes,Yes,Two year,No,Electronic check,81.63,2622.24,No
CUST-03800,Male,0,No,No,1,Yes,No,DSL,No,No,No,Yes,Yes,Yes,Month-to-month,No,Mailed check,65.9,16.44,No
CUST-03801,Female,0,No,Yes,27,Yes,No,No,No internet service,No internet service,No internet service,No internet service,No internet service,No internet service,One year,Yes,Bank transfer (automatic),29.97,764.49,No
CUST-03802,Female,0,No,No,31,Yes,No,Fiber optic,No,No,No,No,No,No,Month-to-month,Yes,Electronic check,85.19,2661.9,Yes
CUST-03803,Female,1,No,No,34,Yes,No,Fiber optic,No,Yes,Yes,No,No,No,Month-to-month,Yes,Bank transfer (automatic),76.99,2600.01,No
CUST-03804,Male,0,Yes,No,2,No,No phone service,DSL,No,Yes,No,No,Yes,No,Month-to-month,Yes,Electronic check,55.25,130.8,No
CUST-03805,Male,0,No,No,45,Yes,Yes,Fiber optic,No,No,No,No,No,No,One year,No,Mailed check,78.77,3528.14,No
CUST-03806,Female,0,Yes,Yes,33,Yes,Yes,Fiber optic,No,No,Yes,Yes,Yes,Yes,One year,Yes,Credit card (automatic),82.63,2696.78,No
CUST-03807,Male,0,Yes,No,40,Yes,Yes,Fiber optic,No,Yes,No,No,No,Yes,Two year,No,Bank transfer (automatic),98.32,3962.27,No
CUST-03808,Male,0,No,Yes,20,Yes,No,No,No internet service,No internet service,No internet service,No internet service,No internet service,No internet service,One year,Yes,Mailed check,31.97,587.59,No
CUST-03809,Female,0,Yes,No,20,Yes,No,Fiber optic,No,No,No,No,No,Yes,Month-to-month,No,Mailed check,90.24,1828.84,No
CUST-03810,Female,0,Yes,No,53,Yes,No,Fiber optic,No,Yes,No,No,Yes,Yes,Two year,Yes,Bank transfer (automatic),93.99,4967.47,No
CUST-03811,Male,0,Yes,No,2,Yes,Yes,No,No internet service,No internet service,No internet service,No internet service,No internet service,No internet service,Month-to-month,Yes,Mailed check,18.38,7.28,No
CUST-03812,Male,0,Yes,No,42,Yes,No,Fiber optic,Yes,Yes,No,No,No,No,One year,No,Electronic check,77.31,3231.63,No
CUST-03813,Female,0,No,No,12,Yes,Yes,Fiber optic,No,No,No,No,No,No,Month-to-month,No,Electronic check,88.59,1069.31,Yes
CUST-03814,Male,0,No,Yes,44,Yes,No,DSL,No,No,No,Yes,No,No,One year,No,Credit card (automatic),50.57,2296.12,No
CUST-03815,Male,0,No,No,64,Yes,Yes,Fiber optic,No,Yes,No,No,No,Yes,Two year,Yes,Electronic check,89.26,5732.71,No
CUST-03816,Male,0,Yes,No,33,Yes,Yes,DSL,No,No,Yes,No,Yes,No,Month-to-month,Yes,Electronic check,53.63,1814.36,Yes
CUST-03817,Male,1,No,No,31,Yes,Yes,DSL,No,No,No,Yes,Yes,No,Month-to-month,No,Electronic check,57.74,1819.21,Yes
CUST-03818,Female,1,No,No,25,Yes,Yes,DSL,Yes,Yes,No,No,No,Yes,Month-to-month,Yes,Bank transfer (automatic),64.82,1629.07,Yes
CUST-03819,Female,0,No,No,7,Yes,No,Fiber optic,No,Yes,No,No,Yes,Yes,Month-to-month,Yes,Bank transfer (automatic),82.27,560.09,No
CUST-03820,Female,0,No,No,0,Yes,No,DSL,No,Yes,Yes,No,No,No,Month-to-month,No,Electronic check,45.82,0.0,Yes
CUST-03821,Male,0,No,No,34,Yes,Yes,No,No internet service,No internet service,No internet service,No internet service,No internet service,No internet service,One year,Yes,Bank transfer (automatic),28.4,958.47,No
CUST-03822,Male,0,No,No,33,Yes,No,Fiber optic,No,Yes,No,No,Yes,No,Month-to-month,No,Mailed check,101.76,3400.56,No
CUST-03823,Female,0,No,No,0,Yes,No,DSL,Yes,No,Yes,No,No,Yes,Month-to-month,Yes,Mailed check,66.61,0.0,No
CUST-03824,Male,1,Yes,Yes,16,Yes,No,Fiber optic,No,No,No,No,No,No,One year,Yes,Mailed check,77.71,1230.64,Yes
CUST-03825,Female,0,Yes,No,37,Yes,No,DSL,Yes,No,No,Yes,Yes,No,One year,Yes,Credit card (automatic),58.52,2174.42,No
CUST-03826,Female,0,No,No,1,Yes,Yes,DSL,No,No,Yes,Yes,No,Yes,Month-to-month,No,Electronic check,61.3,65.13,No
CUST-03827,Male,1,Yes,No,42,Yes,No,DSL,No,Yes,No,No,No,No,Two year,No,Electronic check,60.7,2533.67,No
CUST-03828,Female,0,Yes,No,36,Yes,Yes,Fiber optic,No,Yes,Yes,No,Yes,No,Two year,No,Electronic check,83.95,2943.71,No
CUST-03829,Female,0,No,No,66,Yes,Yes,Fiber optic,Yes,Yes,No,Yes,No,Yes,Two year,No,Credit card (automatic),99.3,6610.95,No
CUST-03830,Male,0,Yes,No,10,Yes,Yes,DSL,No,No,No,Yes,Yes,Yes,Month-to-month,Yes,Electronic check,58.59,608.14,Yes
CUST-03831,Female,0,Yes,No,5,Yes,No,Fiber optic,Yes,No,No,No,Yes,No,Month-to-month,No,Electronic check,87.61,462.21,Yes
CUST-03832,Male,1,No,Yes,0,Yes,Yes,DSL,No,Yes,No,No,Yes,No,Month-to-month,No,Credit card (automatic),73.16,0.0,No
CUST-03833,Female,0,Yes,No,64,Yes,No,Fiber optic,No,Yes,No,No,Yes,Yes,Two year,Yes,Credit card (automatic),88.31,5678.73,No
CUST-03834,Female,0,Yes,No,57,Yes,No,No,No internet service,No internet service,No internet service,No internet service,No internet service,No internet service,Two year,Yes,Bank transfer (automatic),40.77,2278.74,No
CUST-03835,Male,0,Yes,No,27,Yes,Yes,DSL,No,Yes,No,No,Yes,No,One year,Yes,Bank transfer (automatic),62.48,1699.9,No
CUST-03836,Female,1,Yes,No,6,Yes,Yes,DSL,No,No,Yes,No,Yes,No,Month-to-month,Yes,Electronic check,59.78,318.48,No
CUST-03837,Male,0,Yes,No,2,Yes,Yes,Fiber optic,No,No,No,No,Yes,No,Month-to-month,Yes,Electronic check,82.78,127.01,Yes
CUST-03838,Female,0,No,No,20,No,No phone service,Fiber optic,No,No,No,No,No,No,One year,No,Mailed check,78.28,1563.93,Yes
CUST-03839,Female,0,Yes,No,11,Yes,Yes,No,No internet service,No internet service,No internet service,No internet service,No internet service,No internet service,Month-to-month,Yes,Bank transfer (automatic),18.71,193.62,No
CUST-03840,Female,1,Yes,Yes,17,No,No phone service,Fiber optic,Yes,No,Yes,Yes,Yes,Yes,Month-to-month,Yes,Mailed check,75.35,1346.0,Yes
CUST-03841,Female,0,No,No,38,Yes,Yes,DSL,Yes,Yes,Yes,No,Yes,Yes,One year,No,Credit card (automatic),61.95,2286.32,No
CUST-03842,Male,0,Yes,Yes,46,Yes,No,No,No internet service,No internet service,No internet service,No internet service,No internet service,No internet service,One year,No,Mailed check,18.0,849.54,No
CUST-03843,Female,1,Yes,No,13,Yes,No,DSL,Yes,No,No,No,No,Yes,Month-to-month,Yes,Bank transfer (automatic),56.78,781.21,No
CUST-03844,Male,0,Yes,No,30,Yes,No,DSL,Yes,No,No,No,No,Yes,One year,Yes,Mailed check,66.95,1981.82,No
CUST-03845,Female,0,Yes,No,4,Yes,No,No,No internet service,No internet service,No internet service,No internet service,No internet service,No internet service,Month-to-month,Yes,Mailed check,25.19,89.74,No
CUST-03846,Male,0,Yes,No,3,No,No phone service,Fiber optic,No,No,No,No,Yes,Yes,Month-to-month,No,Credit card (automatic),96.75,319.32,No
CUST-03847,Female,0,Yes,No,8,Yes,No,DSL,Yes,Yes,No,Yes,No,No,Month-to-month,Yes,Bank transfer (automatic),59.05,435.85,Yes
CUST-03848,Male,0,No,No,72,No,No phone service,DSL,Yes,No,Yes,No,Yes,No,Month-to-month,Yes,Mailed check,67.73,4877.6,No
CUST-03849,Female,0,No,No,14,Yes,No,DSL,No,Yes,Yes,Yes,Yes,Yes,Month-to-month,Yes,Electronic check,66.59,927.29,Yes
CUST-03850,Male,0,No,Yes,1,Yes,Yes,Fiber optic,Yes,No,No,Yes,Yes,Yes,Month-to-month,Yes,Credit card (automatic),89.33,104.66,Yes
CUST-03851,Female,0,Yes,Yes,38,No,No phone service,No,No internet service,No internet service,No internet service,No internet service,No internet service,No internet service,Month-to-month,Yes,Bank transfer (automatic),36.66,1399.76,Yes
CUST-03852,Male,0,No,No,23,Yes,Yes,Fiber optic,No,Yes,Yes,No,No,Yes,Month-to-month,Yes,Bank transfer (automatic),102.69,2358.11,No
CUST-03853,Male,1,No,No,30,Yes,No,Fiber optic,No,No,No,Yes,Yes,No,Month-to-month,Yes,Mailed check,87.42,2621.2,No
CUST-03854,Male,0,Yes,No,33,Yes,No,Fiber optic,Yes,Yes,No,No,No,No,One year,Yes,Bank transfer (automatic),80.28,2631.79,Yes
CUST-03855,Male,0,No,Yes,7,Yes,No,DSL,No,No,No,No,No,Yes,Month-to-month,No,Mailed check,57.2,432.38,Yes
CUST-03856,Female,0,No,Yes,17,Yes,No,Fiber optic,Yes,Yes,Yes,No,No,No,Month-to-month,Yes,Electronic check,91.46,1563.12,Yes
CUST-03857,Male,0,Yes,No,10,No,No phone service,DSL,No,Yes,Yes,Yes,No,No,Month-to-month,Yes,Bank transfer (automatic),66.04,665.78,Yes
CUST-03858,Male,0,No,No,23,No,No phone service,DSL,Yes,Yes,Yes,Yes,Yes,Yes,Month-to-month,Yes,Bank transfer (automatic),70.69,1687.55,No
CUST-03859,Male,0,Yes,Yes,3,Yes,Yes,DSL,No,Yes,Yes,No,Yes,No,One year,Yes,Electronic check,57.16,204.46,Yes
CUST-03860,Male,0,Yes,Yes,60,Yes,Yes,No,No internet service,No internet service,No internet service,No internet service,No internet service,No internet service,Two year,Yes,Mailed check,40.21,2391.92,No
CUST-03861,Female,0,Yes,Yes,6,Yes,Yes,DSL,Yes,No,No,No,No,No,Month-to-month,No,Credit card (automatic),52.15,400.59,Yes
CUST-03862,Female,0,Yes,No,15,Yes,No,Fiber optic,No,No,No,No,Yes,Yes,Month-to-month,No,Mailed check,85.89,1273.08,Yes
CUST-03863,Male,1,No,No,6,Yes,No,No,No internet service,No internet service,No internet service,No internet service,No internet service,No internet service,Month-to-month,No,Mailed check,37.9,331.8,No
CUST-03864,Female,0,No,No,32,Yes,No,Fiber optic,Yes,No,No,No,No,Yes,Month-to-month,Yes,Electronic check,80.72,2445.89,Yes
CUST-03865,Female,0,Yes,No,64,Yes,Yes,DSL,No,No,No,No,No,No,Two year,Yes,Bank transfer (automatic),54.88,3492.76,No
CUST-03866,Female,0,No,No,54,No,No phone service,Fiber optic,Yes,No,No,No,No,Yes,One year,No,Electronic check,90.54,4885.1,Yes
CUST-03867,Female,0,No,No,41,Yes,Yes,Fiber optic,Yes,Yes,No,Yes,Yes,No,One year,No,Bank transfer (automatic),93.2,3814.48,No
CUST-03868,Female,0,No,No,56,Yes,No,Fiber optic,No,No,No,Yes,No,Yes,Two year,No,Credit card (automatic),89.79,5017.0,No
CUST-03869,Male,1,No,No,10,Yes,No,DSL,No,Yes,Yes,No,No,Yes,One year,No,Mailed check,63.92,659.95,No
CUST-03870,Female,1,No,No,2,Yes,No,Fiber optic,No,Yes,No,No,Yes,Yes,Month-to-month,No,Electronic check,94.2,167.73,Yes
CUST-03871,Male,0,No,No,10,Yes,No,Fiber optic,No,No,Yes,No,No,No,One year,Yes,Credit card (automatic),80.06,804.29,No
CUST-03872,Male,1,Yes,No,18,Yes,Yes,Fiber optic,No,Yes,Yes,No,No,No,One year,Yes,Electronic check,79.83,1449.82,Yes
CUST-03873,Female,0,No,No,4,No,No phone service,DSL,No,No,Yes,No,Yes,Yes,Month-to-month,Yes,Electronic check,58.36,362.55,No
CUST-03874,Male,0,Yes,Yes,15,Yes,No,No,No internet service,No internet service,No internet service,No internet service,No internet service,No internet service,One year,Yes,Electronic check,28.1,485.73,No
CUST-03875,Female,0,Yes,No,16,No,No phone service,No,No internet service,No internet service,No internet service,No internet service,No internet service,No internet service,Month-to-month,Yes,Mailed check,31.35,526.76,No
CUST-03876,Female,0,Yes,No,4,Yes,No,DSL,No,No,No,No,Yes,Yes,Month-to-month,No,Electronic check,67.45,329.33,Yes
CUST-03877,Female,0,Yes,No,41,Yes,Yes,DSL,Yes,Yes,No,No,Yes,Yes,One year,No,Mailed check,74.42,2964.16,No
CUST-03878,Male,1,No,Yes,14,No,No phone service,DSL,No,No,No,No,No,No,Month-to-month,Yes,Bank transfer (automatic),48.96,626.58,Yes
CUST-03879,Male,0,No,No,2,Yes,Yes,Fiber optic,Yes,Yes,No,No,No,Yes,Month-to-month,Yes,Bank transfer (automatic),83.33,158.62,Yes
CUST-03880,Male,0,No,No,12,No,No phone service,DSL,No,No,No,No,Yes,Yes,Month-to-month,Yes,Credit card (automatic),57.17,643.57,No
CUST-03881,Female,0,No,No,24,Yes,No,Fiber optic,No,No,No,No,No,No,One year,No,Credit card (automatic),83.89,2035.91,Yes
CUST-03882,Male,0,Yes,No,66,Yes,Yes,No,No internet service,No internet service,No internet service,No internet service,No internet service,No internet service,Two year,Yes,Bank transfer (automatic),27.49,1850.4,No
CUST-03883,Female,1,No,Yes,11,Yes,Yes,DSL,No,No,Yes,No,No,Yes,One year,No,Mailed check,67.21,731.38,Yes
CUST-03884,Male,0,Yes,Yes,27,Yes,No,DSL,Yes,No,Yes,Yes,No,Yes,One year,Yes,Electronic check,67.11,1781.36,No
CUST-03885,Male,0,Yes,No,0,Yes,No,DSL,No,No,No,No,No,Yes,Month-to-month,No,Mailed check,61.71,0.0,Yes
CUST-03886,Male,0,No,Yes,19,Yes,Yes,DSL,Yes,Yes,No,No,Yes,No,One year,No,Mailed check,53.72,946.46,No
CUST-03887,Male,0,No,No,17,Yes,No,No,No internet service,No internet service,No internet service,No internet service,No internet service,No internet service,Month-to-month,Yes,Electronic check,28.6,474.78,Yes
CUST-03888,Male,0,Yes,No,5,Yes,No,DSL,No,No,No,No,No,Yes,Month-to-month,Yes,Electronic check,58.6,253.09,No
CUST-03889,Male,0,Yes,No,37,Yes,Yes,Fiber optic,No,No,Yes,No,Yes,No,One year,No,Mailed check,88.24,3263.06,No
CUST-03890,Female,0,Yes,Yes,27,Yes,No,Fiber optic,No,No,No,Yes,No,Yes,Month-to-month,No,Credit card (automatic),86.77,2329.03,Yes
CUST-03891,Female,0,No,No,57,Yes,No,DSL,Yes,No,No,Yes,No,No,Two year,Yes,Mailed check,69.74,3967.42,No
CUST-03892,Female,0,Yes,No,37,No,No phone service,DSL,No,No,Yes,No,No,Yes,Month-to-month,Yes,Electronic check,60.09,2234.71,No
CUST-03893,Male,0,Yes,Yes,36,Yes,No,No,No internet service,No internet service,No internet service,No internet service,No internet service,No internet service,One year,Yes,Mailed check,21.12,837.96,Yes
CUST-03894,Male,0,No,Yes,30,Yes,No,No,No internet service,No internet service,No internet service,No internet service,No internet service,No internet service,Month-to-month,No,Credit card (automatic),21.13,677.48,Yes
CUST-03895,Female,1,No,No,7,Yes,No,DSL,Yes,No,No,No,Yes,Yes,One year,No,Credit card (automatic),62.19,423.43,No
CUST-03896,Female,1,Yes,Yes,29,Yes,Yes,Fiber optic,Yes,No,No,No,No,Yes,One year,Yes,Credit card (automatic),83.1,2388.86,Yes
CUST-03897,Female,0,No,Yes,15,Yes,No,Fiber optic,No,No,No,No,No,No,Month-to-month,Yes,Credit card (automatic),92.43,1403.79,Yes
CUST-03898,Male,0,Yes,No,34,No,No phone service,DSL,Yes,No,Yes,No,No,Yes,Two year,Yes,Bank transfer (automatic),71.41,2366.9,No
CUST-03899,Male,1,Yes,No,16,Yes,No,DSL,Yes,Yes,No,No,No,Yes,One year,Yes,Mailed check,62.13,909.21,No
CUST-03900,Female,0,No,Yes,11,Yes,Yes,DSL,No,Yes,No,No,Yes,No,Month-to-month,Yes,Electronic check,62.53,693.82,No
CUST-03901,Female,0,Yes,No,35,Yes,No,Fiber optic,No,No,No,No,No,No,One year,Yes,Credit card (automatic),80.04,2797.5,Yes
CUST-03902,Female,0,Yes,No,3,Yes,No,Fiber optic,No,No,Yes,No,No,No,Month-to-month,Yes,Mailed check,83.1,306.07,Yes
CUST-03903,Female,0,No,No,18,Yes,No,Fiber optic,Yes,No,Yes,No,No,No,One year,Yes,Bank transfer (automatic),82.98,1487.89,Yes
CUST-03904,Male,0,No,No,7,Yes,Yes,No,No internet service,No internet service,No internet service,No internet service,No internet service,No internet service,Month-to-month,Yes,Mailed check,31.41,252.17,Yes
CUST-03905,Female,0,No,Yes,52,Yes,Yes,Fiber optic,Yes,Yes,No,Yes,Yes,Yes,Two year,Yes,Electronic check,93.43,4877.76,No
CUST-03906,Female,0,No,Yes,4,Yes,Yes,Fiber optic,Yes,Yes,No,Yes,Yes,No,Month-to-month,Yes,Bank transfer (automatic),89.65,357.84,No
CUST-03907,Female,1,Yes,No,29,Yes,No,No,No internet service,No internet service,No internet service,No internet service,No internet service,No internet service,One year,No,Bank transfer (automatic),28.5,781.95,No
CUST-03908,Female,0,No,No,46,Yes,No,DSL,Yes,Yes,No,Yes,Yes,No,Two year,Yes,Credit card (automatic),71.4,3282.08,No
CUST-03909,Male,0,Yes,No,72,Yes,No,DSL,Yes,Yes,Yes,No,No,Yes,Two year,No,Credit card (automatic),59.79,4258.08,No
CUST-03910,Female,0,No,No,40,Yes,No,Fiber optic,Yes,Yes,No,No,No,No,One year,Yes,Electronic check,83.37,3306.82,No
CUST-03911,Male,0,Yes,No,23,No,No phone service,Fiber optic,No,No,Yes,No,Yes,No,One year,No,Credit card (automatic),82.96,1856.27,No
CUST-03912,Female,0,Yes,No,9,Yes,Yes,No,No internet service,No internet service,No internet service,No internet service,No internet service,No internet service,Month-to-month,Yes,Credit card (automatic),32.37,340.04,No
CUST-03913,Male,0,Yes,No,6,Yes,Yes,Fiber optic,No,No,No,No,No,No,Month-to-month,No,Bank transfer (automatic),91.8,546.17,Yes
CUST-03914,Female,0,No,No,30,Yes,Yes,Fiber optic,No,Yes,No,Yes,Yes,Yes,One year,Yes,Electronic check,87.84,2595.01,Yes
CUST-03915,Female,0,Yes,No,27,Yes,No,Fiber optic,No,No,Yes,No,Yes,No,One year,Yes,Credit card (automatic),95.68,2533.87,Yes
CUST-03916,Male,0,No,No,28,Yes,No,Fiber optic,No,Yes,Yes,No,Yes,Yes,Month-to-month,No,Bank transfer (automatic),98.94,2809.9,Yes
CUST-03917,Male,0,No,No,12,Yes,Yes,No,No internet service,No internet service,No internet service,No internet service,No internet service,No internet service,One year,No,Electronic check,21.96,293.87,Yes
CUST-03918,Female,1,No,No,7,Yes,No,Fiber optic,Yes,Yes,Yes,Yes,No,No,Month-to-month,No,Credit card (automatic),96.31,622.61,Yes
CUST-03919,Male,0,Yes,No,35,Yes,No,Fiber optic,No,No,Yes,No,Yes,No,One year,Yes,Mailed check,80.32,2834.39,Yes
CUST-03920,Female,0,Yes,No,1,Yes,No,DSL,Yes,Yes,No,Yes,Yes,Yes,Month-to-month,Yes,Credit card (automatic),65.41,40.46,No
CUST-03921,Female,0,No,No,62,Yes,No,No,No internet service,No internet service,No internet service,No internet service,No internet service,No internet service,Two year,Yes,Electronic check,19.36,1231.38,No
CUST-03922,Female,0,No,No,16,Yes,Yes,No,No internet service,No internet service,No internet service,No internet service,No internet service,No internet service,Month-to-month,No,Mailed check,25.39,344.1,No
CUST-03923,Male,0,Yes,Yes,9,Yes,No,No,No internet service,No internet service,No internet service,No internet service,No internet service,No internet service,Month-to-month,Yes,Credit card (automatic),26.34,237.24,No
CUST-03924,Male,0,No,No,40,Yes,No,No,No internet service,No internet service,No internet service,No internet service,No internet service,No internet service,One year,No,Bank transfer (automatic),22.17,900.27,No
CUST-03925,Female,0,Yes,No,0,Yes,Yes,Fiber optic,Yes,No,No,No,No,No,Month-to-month,No,Mailed check,86.93,0.0,Yes
CUST-03926,Female,0,Yes,No,38,Yes,No,Fiber optic,No,Yes,Yes,No,No,No,Month-to-month,Yes,Electronic check,93.79,3535.23,Yes
CUST-03927,Female,1,Yes,Yes,30,Yes,Yes,DSL,No,No,No,Yes,Yes,Yes,One year,No,Bank transfer (automatic),68.59,2017.89,No
CUST-03928,Male,0,Yes,No,72,Yes,No,DSL,No,Yes,Yes,Yes,No,Yes,Two year,Yes,Mailed check,57.25,4073.51,No
CUST-03929,Female,0,Yes,No,40,Yes,No,Fiber optic,Yes,No,No,No,Yes,No,One year,Yes,Bank transfer (automatic),94.36,3738.1,Yes
CUST-03930,Female,1,No,Yes,12,Yes,No,Fiber optic,No,No,No,No,Yes,No,Month-to-month,Yes,Mailed check,88.58,1114.44,Yes
CUST-03931,Female,0,Yes,No,2,No,No phone service,Fiber optic,Yes,Yes,No,No,No,No,Month-to-month,Yes,Mailed check,81.99,123.33,Yes
CUST-03932,Male,0,No,No,26,Yes,No,Fiber optic,Yes,Yes,Yes,No,Yes,Yes,One year,Yes,Electronic check,93.33,2436.73,No
CUST-03933,Female,0,No,Yes,6,Yes,Yes,Fiber optic,No,No,No,No,Yes,Yes,One year,Yes,Credit card (automatic),94.6,577.2,Yes
CUST-03934,Female,0,No,Yes,56,Yes,No,Fiber optic,Yes,No,Yes,No,Yes,No,Two year,Yes,Bank transfer (automatic),89.33,4955.55,No
CUST-03935,Male,0,Yes,No,4,Yes,Yes,No,No internet service,No internet service,No internet service,No internet service,No internet service,No internet service,Month-to-month,Yes,Credit card (automatic),24.56,118.75,No
CUST-03936,Female,0,No,No,19,Yes,Yes,DSL,No,No,Yes,No,No,No,Month-to-month,Yes,Mailed check,56.72,1113.67,No
CUST-03937,Female,0,Yes,No,57,No,No phone service,Fiber optic,No,No,Yes,No,No,Yes,Two year,No,Bank transfer (automatic),78.65,4460.57,No
CUST-03938,Male,0,No,Yes,72,Yes,Yes,DSL,No,No,Yes,No,No,No,Month-to-month,Yes,Electronic check,52.5,3771.6,No
CUST-03939,Female,0,Yes,Yes,51,Yes,No,No,No internet service,No internet service,No internet service,No internet service,No internet service,No internet service,Two year,No,Mailed check,31.65,1598.38,No
CUST-03940,Female,1,No,No,3,Yes,No,Fiber optic,No,No,Yes,Yes,No,No,Month-to-month,No,Electronic check,88.96,219.17,Yes
CUST-03941,Female,1,Yes,Yes,49,Yes,No,No,No internet service,No internet service,No internet service,No internet service,No internet service,No internet service,One year,No,Electronic check,28.72,1423.34,No
CUST-03942,Male,0,No,No,14,Yes,Yes,DSL,Yes,No,No,Yes,Yes,No,Month-to-month,Yes,Electronic check,62.25,869.12,No
CUST-03943,Female,0,Yes,Yes,49,Yes,Yes,No,No internet service,No internet service,No internet service,No internet service,No internet service,No internet service,Two year,Yes,Mailed check,32.41,1595.81,No
CUST-03944,Female,0,Yes,No,65,Yes,No,DSL,No,No,No,Yes,Yes,Yes,Two year,Yes,Electronic check,78.29,5001.16,No
CUST-03945,Male,0,No,No,6,Yes,Yes,DSL,Yes,No,No,No,No,Yes,Month-to-month,No,Mailed check,42.36,267.71,Yes
CUST-03946,Female,0,Yes,No,23,Yes,Yes,DSL,No,No,Yes,No,No,No,One year,Yes,Credit card (automatic),57.03,1362.67,No
CUST-03947,Male,0,No,Yes,12,No,No phone service,Fiber optic,No,Yes,No,No,No,No,Month-to-month,Yes,Electronic check,82.38,964.0,Yes
CUST-03948,Male,0,No,No,9,Yes,No,No,No internet service,No internet service,No internet service,No internet service,No internet service,No internet service,Month-to-month,No,Electronic check,35.49,283.52,Yes
CUST-03949,Female,0,No,No,25,Yes,No,Fiber optic,Yes,Yes,No,No,No,No,One year,Yes,Bank transfer (automatic),86.06,2179.88,No
CUST-03950,Male,0,No,No,0,Yes,Yes,DSL,Yes,No,No,No,No,No,One year,No,Electronic check,54.48,0.0,No
CUST-03951,Male,0,No,Yes,6,Yes,Yes,Fiber optic,No,Yes,Yes,No,No,No,Month-to-month,No,Electronic check,85.18,411.93,Yes
CUST-03952,Male,0,No,Yes,27,Yes,Yes,DSL,Yes,Yes,No,No,Yes,Yes,Month-to-month,Yes,Electronic check,73.44,1989.02,No
CUST-03953,Female,0,Yes,No,41,Yes,No,DSL,Yes,No,No,No,Yes,No,Month-to-month,Yes,Credit card (automatic),49.16,1991.13,No
CUST-03954,Male,0,No,No,5,Yes,No,Fiber optic,No,No,Yes,No,Yes,No,Month-to-month,No,Mailed check,88.46,467.08,Yes
CUST-03955,Female,1,No,No,3,Yes,No,DSL,No,Yes,No,No,Yes,Yes,Month-to-month,No,Credit card (automatic),67.81,205.56,No
CUST-03956,Female,0,Yes,No,6,Yes,No,Fiber optic,Yes,Yes,No,Yes,Yes,Yes,Month-to-month,No,Electronic check,104.24,651.27,No
CUST-03957,Female,0,Yes,No,71,Yes,No,Fiber optic,No,No,No,No,Yes,No,Two year,Yes,Electronic check,76.82,5459.16,No
CUST-03958,Female,0,Yes,No,42,Yes,No,DSL,Yes,No,Yes,Yes,No,No,Month-to-month,Yes,Bank transfer (automatic),58.95,2509.06,Yes
CUST-03959,Male,0,No,No,54,No,No phone service,DSL,No,Yes,Yes,No,Yes,No,Two year,Yes,Credit card (automatic),65.21,3646.62,No
CUST-03960,Male,0,Yes,Yes,26,Yes,No,DSL,No,Yes,Yes,Yes,Yes,Yes,Month-to-month,Yes,Bank transfer (automatic),65.09,1675.24,Yes
CUST-03961,Female,0,No,Yes,4,Yes,No,Fiber optic,Yes,No,No,No,No,No,Month-to-month,No,Electronic check,74.64,290.62,No
CUST-03962,Female,0,No,No,26,Yes,Yes,Fiber optic,No,No,No,Yes,Yes,No,Month-to-month,No,Credit card (automatic),92.43,2358.16,No
CUST-03963,Female,0,No,No,23,Yes,No,No,No internet service,No internet service,No internet service,No internet service,No internet service,No internet service,Month-to-month,No,Credit card (automatic),28.12,636.31,No
CUST-03964,Male,1,Yes,No,31,Yes,Yes,DSL,No,No,No,No,Yes,Yes,One year,Yes,Mailed check,57.86,1793.39,No
CUST-03965,Male,1,No,Yes,25,No,No phone service,DSL,Yes,No,No,Yes,Yes,No,Month-to-month,No,Credit card (automatic),59.05,1459.71,No
CUST-03966,Female,0,No,Yes,10,Yes,No,Fiber optic,No,No,Yes,No,Yes,Yes,Month-to-month,Yes,Credit card (automatic),91.36,916.85,Yes
CUST-03967,Female,0,Yes,No,10,Yes,No,No,No internet service,No internet service,No internet service,No internet service,No internet service,No internet service,Month-to-month,Yes,Bank transfer (automatic),20.28,207.32,No
CUST-03968,Male,0,Yes,No,16,Yes,Yes,Fiber optic,Yes,No,Yes,No,No,Yes,One year,No,Electronic check,91.83,1478.52,No
CUST-03969,Female,0,Yes,No,2,Yes,No,No,No internet service,No internet service,No internet service,No internet service,No internet service,No internet service,Month-to-month,Yes,Credit card (automatic),45.8,74.53,No
CUST-03970,Female,0,No,Yes,8,Yes,Yes,DSL,No,No,Yes,No,No,Yes,Month-to-month,Yes,Credit card (automatic),52.68,356.73,No
CUST-03971,Male,0,Yes,No,2,Yes,No,Fiber optic,No,Yes,Yes,No,No,No,Month-to-month,Yes,Electronic check,97.19,221.23,No
CUST-03972,Female,0,Yes,No,40,No,No phone service,Fiber optic,Yes,No,No,Yes,No,Yes,One year,Yes,Electronic check,96.89,3862.18,No
CUST-03973,Male,0,Yes,No,65,Yes,No,DSL,Yes,No,Yes,No,No,No,Two year,Yes,Mailed check,56.49,3702.13,No
CUST-03974,Male,0,Yes,Yes,9,Yes,No,DSL,No,No,Yes,No,Yes,Yes,Month-to-month,Yes,Bank transfer (automatic),60.49,528.74,No
CUST-03975,Male,0,Yes,No,25,Yes,Yes,Fiber optic,No,Yes,No,No,No,No,Month-to-month,Yes,Mailed check,81.45,1979.61,Yes
CUST-03976,Female,0,No,Yes,60,Yes,No,DSL,No,Yes,No,Yes,Yes,No,Month-to-month,No,Credit card (automatic),64.55,3859.75,No
CUST-03977,Female,0,Yes,No,60,No,No phone service,DSL,Yes,Yes,No,No,No,No,Two year,No,Credit card (automatic),60.34,3544.08,No
CUST-03978,Female,0,No,Yes,20,Yes,No,Fiber optic,Yes,Yes,No,Yes,No,No,Month-to-month,No,Credit card (automatic),87.18,1704.45,No
CUST-03979,Female,0,Yes,No,25,No,No phone service,DSL,No,No,Yes,No,No,No,One year,No,Electronic check,53.26,1318.66,No
CUST-03980,Male,1,Yes,Yes,8,Yes,No,Fiber optic,Yes,Yes,Yes,No,Yes,Yes,One year,Yes,Electronic check,93.1,695.11,No
CUST-03981,Male,0,No,No,2,Yes,Yes,Fiber optic,Yes,No,No,No,No,No,Month-to-month,Yes,Electronic check,89.51,169.27,Yes
CUST-03982,Male,1,No,No,30,Yes,No,DSL,No,No,No,Yes,Yes,Yes,One year,No,Bank transfer (automatic),59.62,1749.82,No
CUST-03983,Female,0,No,Yes,32,Yes,No,Fiber optic,Yes,No,Yes,No,Yes,No,One year,Yes,Bank transfer (automatic),85.67,2763.54,No
CUST-03984,Female,0,Yes,Yes,21,Yes,No,Fiber optic,No,No,No,Yes,No,No,Month-to-month,No,Mailed check,89.04,1789.06,No
CUST-03985,Female,0,No,No,24,No,No phone service,DSL,No,Yes,Yes,Yes,No,Yes,Month-to-month,Yes,Mailed check,62.45,1508.64,Yes
CUST-03986,Male,0,No,No,34,Yes,No,Fiber optic,Yes,No,Yes,No,Yes,Yes,Month-to-month,Yes,Mailed check,87.68,2975.15,No
CUST-03987,Male,0,Yes,No,21,Yes,Yes,DSL,No,No,No,No,Yes,Yes,Month-to-month,Yes,Electronic check,57.57,1179.45,No
CUST-03988,Male,0,No,No,18,Yes,No,DSL,No,Yes,No,No,No,No,One year,Yes,Mailed check,68.52,1225.23,No
CUST-03989,Male,0,Yes,Yes,36,Yes,No,Fiber optic,No,No,Yes,No,No,No,One year,No,Credit card (automatic),78.49,2839.63,No
CUST-03990,Male,0,Yes,No,45,Yes,Yes,Fiber optic,No,Yes,No,Yes,No,Yes,Two year,No,Mailed check,96.71,4254.98,No
CUST-03991,Female,1,No,Yes,0,Yes,No,Fiber optic,Yes,No,No,Yes,Yes,No,Month-to-month,Yes,Electronic check,88.76,0.0,Yes
CUST-03992,Female,1,No,No,23,Yes,No,Fiber optic,No,Yes,No,No,Yes,No,Month-to-month,Yes,Mailed check,92.24,2185.08,No
CUST-03993,Male,0,No,No,20,Yes,Yes,Fiber optic,No,Yes,Yes,No,No,No,Month-to-month,No,Electronic check,83.71,1618.91,No
CUST-03994,Male,0,No,No,23,No,No phone service,Fiber optic,Yes,No,No,No,Yes,No,One year,Yes,Electronic check,92.26,2192.43,No
CUST-03995,Female,1,Yes,Yes,4,No,No phone service,No,No internet service,No internet service,No internet service,No internet service,No internet service,No internet service,Month-to-month,Yes,Mailed check,22.96,127.67,Yes
CUST-03996,Male,0,No,Yes,10,Yes,No,DSL,No,No,No,Yes,Yes,No,Month-to-month,Yes,Bank transfer (automatic),54.92,518.75,Yes
CUST-03997,Male,0,No,No,17,Yes,No,Fiber optic,Yes,Yes,No,Yes,Yes,No,One year,No,Electronic check,88.07,1501.07,Yes
CUST-03998,Female,0,Yes,No,32,No,No phone service,DSL,No,No,No,No,Yes,Yes,One year,Yes,Mailed check,61.69,1949.72,No
CUST-03999,Female,0,Yes,No,5,Yes,No,DSL,Yes,Yes,No,Yes,Yes,Yes,Month-to-month,Yes,Bank transfer (automatic),67.58,343.27,No
CUST-04000,Female,0,No,No,29,Yes,No,Fiber optic,Yes,Yes,No,Yes,No,No,One year,Yes,Credit card (automatic),79.0,2358.09,Yes
CUST-04001,Male,0,Yes,Yes,31,Yes,Yes,Fiber optic,No,No,No,No,Yes,Yes,Month-to-month,Yes,Electronic check,80.64,2521.4,No
CUST-04002,Female,0,No,No,15,Yes,Yes,DSL,No,No,No,No,No,No,One year,Yes,Bank transfer (automatic),65.23,965.79,Yes
CUST-04003,Male,0,No,No,17,Yes,No,Fiber optic,No,Yes,Yes,Yes,No,No,One year,Yes,Credit card (automatic),89.55,1537.84,No
CUST-04004,Male,0,No,No,43,Yes,No,Fiber optic,No,No,Yes,Yes,Yes,No,One year,Yes,Bank transfer (automatic),77.14,3260.81,No
CUST-04005,Female,0,No,No,30,Yes,Yes,No,No internet service,No internet service,No internet service,No internet service,No internet service,No internet service,Month-to-month,Yes,Bank transfer (automatic),31.6,1011.49,No
CUST-04006,Female,0,No,Yes,38,Yes,No,No,No internet service,No internet service,No internet service,No internet service,No internet service,No internet service,One year,No,Electronic check,28.29,1065.86,No
CUST-04007,Male,1,No,No,19,Yes,No,DSL,No,No,Yes,Yes,Yes,Yes,Month-to-month,No,Bank transfer (automatic),69.94,1319.19,No
CUST-04008,Female,1,Yes,No,14,Yes,No,No,No internet service,No internet service,No internet service,No internet service,No internet service,No internet service,Month-to-month,Yes,Bank transfer (automatic),34.15,486.61,No
CUST-04009,Male,0,No,No,35,Yes,No,Fiber optic,No,Yes,No,No,No,No,Two year,Yes,Bank transfer (automatic),78.56,2729.76,No
CUST-04010,Male,0,No,No,7,Yes,Yes,Fiber optic,No,No,No,No,Yes,Yes,Month-to-month,Yes,Electronic check,89.46,592.2,Yes
CUST-04011,Male,0,No,No,44,Yes,No,DSL,No,Yes,No,No,Yes,No,One year,Yes,Mailed check,65.34,2888.07,No
CUST-04012,Female,0,No,No,12,No,No phone service,No,No internet service,No internet service,No internet service,No internet service,No internet service,No internet service,Month-to-month,Yes,Electronic check,26.1,299.32,No
CUST-04013,Female,0,No,No,1,Yes,No,Fiber optic,No,No,Yes,No,Yes,Yes,Month-to-month,Yes,Mailed check,96.78,50.62,Yes
CUST-04014,Male,0,No,Yes,9,Yes,Yes,No,No internet service,No internet service,No internet service,No internet service,No internet service,No internet service,Month-to-month,No,Credit card (automatic),18.0,201.55,No
CUST-04015,Male,0,No,No,6,Yes,No,Fiber optic,Yes,Yes,Yes,No,Yes,Yes,Month-to-month,No,Bank transfer (automatic),98.39,491.37,Yes
CUST-04016,Male,0,No,No,30,Yes,No,Fiber optic,Yes,Yes,No,Yes,No,No,One year,Yes,Electronic check,82.87,2437.83,Yes
CUST-04017,Male,1,No,No,34,Yes,Yes,No,No internet service,No internet service,No internet service,No internet service,No internet service,No internet service,Two year,Yes,Mailed check,18.0,643.84,No
CUST-04018,Male,0,Yes,No,61,Yes,Yes,DSL,Yes,Yes,Yes,No,No,No,Two year,No,Mailed check,54.64,3321.29,No
CUST-04019,Male,0,Yes,Yes,50,Yes,No,No,No internet service,No internet service,No internet service,No internet service,No internet service,No internet service,Two year,No,Bank transfer (automatic),18.0,948.89,No
CUST-04020,Female,0,No,No,18,Yes,No,DSL,No,No,Yes,Yes,Yes,No,Month-to-month,No,Mailed check,70.97,1322.88,No
CUST-04021,Male,0,Yes,No,45,Yes,No,DSL,No,No,No,No,No,Yes,Two year,Yes,Credit card (automatic),52.75,2411.69,No
CUST-04022,Male,0,Yes,No,8,Yes,Yes,No,No internet service,No internet service,No internet service,No internet service,No internet service,No internet service,Month-to-month,Yes,Electronic check,30.61,305.06,No
CUST-04023,Female,0,Yes,No,2,Yes,No,DSL,Yes,Yes,Yes,No,No,Yes,Month-to-month,Yes,Bank transfer (automatic),61.4,112.69,No
CUST-04024,Male,0,No,No,7,Yes,No,No,No internet service,No internet service,No internet service,No internet service,No internet service,No internet service,Month-to-month,No,Mailed check,37.89,260.08,No
CUST-04025,Male,0,No,No,7,Yes,No,DSL,Yes,No,No,No,No,Yes,Month-to-month,No,Electronic check,56.69,398.26,Yes
CUST-04026,Male,0,No,No,10,Yes,Yes,Fiber optic,Yes,No,No,Yes,Yes,Yes,One year,Yes,Electronic check,93.59,976.12,No
CUST-04027,Male,0,No,No,10,Yes,Yes,Fiber optic,No,No,No,No,No,Yes,Month-to-month,Yes,Credit card (automatic),79.6,773.32,Yes
CUST-04028,Male,0,No,No,19,Yes,No,DSL,No,Yes,No,No,No,No,Month-to-month,Yes,Credit card (automatic),61.69,1208.27,No
CUST-04029,Female,0,Yes,No,2,Yes,No,No,No internet service,No internet service,No internet service,No internet service,No internet service,No internet service,Month-to-month,No,Bank transfer (automatic),26.84,56.83,No
CUST-04030,Male,0,Yes,No,29,No,No phone service,DSL,No,Yes,No,Yes,Yes,No,Month-to-month,Yes,Credit card (automatic),65.8,1948.39,Yes
CUST-04031,Female,0,Yes,No,72,Yes,No,No,No internet service,No internet service,No internet service,No internet service,No internet service,No internet service,Two year,No,Electronic check,18.64,1378.41,No
CUST-04032,Female,0,Yes,Yes,4,Yes,No,No,No internet service,No internet service,No internet service,No internet service,No internet service,No internet service,Month-to-month,Yes,Electronic check,30.61,116.78,Yes
CUST-04033,Male,0,No,No,46,Yes,No,Fiber optic,Yes,No,No,No,Yes,Yes,Month-to-month,Yes,Credit card (automatic),89.91,4201.69,No
CUST-04034,Male,0,Yes,No,43,Yes,No,No,No internet service,No internet service,No internet service,No internet service,No internet service,No internet service,One year,No,Electronic check,18.0,811.36,No
CUST-04035,Male,0,No,No,57,Yes,Yes,Fiber optic,Yes,No,No,No,Yes,No,Two year,No,Mailed check,74.55,4177.49,No
CUST-04036,Male,1,No,No,72,Yes,Yes,No,No internet service,No internet service,No internet service,No internet service,No internet service,No internet service,Month-to-month,No,Electronic check,38.96,2722.16,No
CUST-04037,Female,0,Yes,No,2,Yes,No,Fiber optic,No,No,No,No,Yes,No,Month-to-month,No,Mailed check,87.4,134.33,Yes
CUST-04038,Female,0,No,No,53,Yes,Yes,Fiber optic,No,No,Yes,No,Yes,Yes,Two year,Yes,Credit card (automatic),92.49,4900.94,No
CUST-04039,Male,0,No,Yes,12,Yes,No,No,No internet service,No internet service,No internet service,No internet service,No internet service,No internet service,Month-to-month,Yes,Mailed check,37.3,492.92,Yes
CUST-04040,Male,0,No,Yes,44,Yes,No,Fiber optic,Yes,Yes,No,Yes,No,Yes,Month-to-month,Yes,Electronic check,96.98,4253.54,No
CUST-04041,Male,1,No,No,3,Yes,Yes,Fiber optic,No,No,No,No,No,No,Month-to-month,Yes,Bank transfer (automatic),92.98,265.83,No
CUST-04042,Female,0,No,No,15,Yes,Yes,No,No internet service,No internet service,No internet service,No internet service,No internet service,No internet service,Month-to-month,No,Credit card (automatic),21.2,329.32,No
CUST-04043,Female,0,No,Yes,67,Yes,No,Fiber optic,Yes,No,No,No,No,No,Two year,Yes,Electronic check,84.48,5719.34,Yes
CUST-04044,Male,1,No,Yes,52,Yes,No,DSL,Yes,No,No,No,Yes,No,Two year,Yes,Bank transfer (automatic),78.77,4110.78,No
CUST-04045,Male,0,Yes,Yes,18,Yes,No,DSL,Yes,No,Yes,No,Yes,Yes,Month-to-month,No,Mailed check,68.84,1229.23,No
CUST-04046,Male,0,No,Yes,1,Yes,Yes,Fiber optic,No,No,No,No,No,No,One year,No,Electronic check,63.78,18.84,Yes
CUST-04047,Male,0,No,No,57,Yes,No,DSL,No,No,No,No,No,Yes,Two year,Yes,Credit card (automatic),58.77,3299.09,No
CUST-04048,Male,0,Yes,No,30,Yes,No,Fiber optic,No,No,No,No,Yes,No,One year,No,Electronic check,80.89,2366.94,No
CUST-04049,Male,0,Yes,No,22,Yes,No,DSL,No,No,No,Yes,Yes,No,One year,Yes,Credit card (automatic),54.44,1217.5,No
CUST-04050,Male,0,Yes,No,65,Yes,No,DSL,No,Yes,No,Yes,Yes,Yes,Two year,Yes,Electronic check,72.04,4695.49,No
CUST-04051,Male,1,Yes,Yes,15,Yes,No,No,No internet service,No internet service,No internet service,No internet service,No internet service,No internet service,Month-to-month,Yes,Bank transfer (automatic),28.09,445.15,Yes
CUST-04052,Male,0,Yes,No,18,No,No phone service,DSL,No,Yes,Yes,Yes,Yes,Yes,Month-to-month,Yes,Electronic check,69.19,1280.72,No
CUST-04053,Female,0,Yes,No,26,Yes,No,No,No internet service,No internet service,No internet service,No internet service,No internet service,No internet service,One year,No,Credit card (automatic),23.52,618.26,No
CUST-04054,Female,0,No,Yes,22,Yes,No,Fiber optic,No,Yes,No,No,Yes,No,One year,Yes,Bank transfer (automatic),88.71,1913.76,No
CUST-04055,Male,0,No,Yes,1,Yes,No,No,No internet service,No internet service,No internet service,No internet service,No internet service,No internet service,Month-to-month,No,Electronic check,31.86,5.28,No
CUST-04056,Male,1,No,No,17,Yes,No,Fiber optic,No,No,No,No,No,No,Month-to-month,Yes,Bank transfer (automatic),86.91,1482.01,Yes
CUST-04057,Female,0,Yes,Yes,44,Yes,Yes,Fiber optic,Yes,No,No,No,Yes,No,One year,Yes,Bank transfer (automatic),84.86,3718.22,No
CUST-04058,Female,0,No,Yes,29,Yes,No,DSL,No,Yes,Yes,No,No,No,Month-to-month,No,Mailed check,61.89,1721.47,No
CUST-04059,Male,1,Yes,No,50,Yes,No,No,No internet service,No internet service,No internet service,No internet service,No internet service,No internet service,Two year,Yes,Credit card (automatic),43.08,2125.56,No
CUST-04060,Female,1,Yes,No,47,Yes,No,Fiber optic,Yes,No,No,No,No,Yes,Two year,Yes,Credit card (automatic),95.5,4544.71,No
CUST-04061,Male,1,No,Yes,0,Yes,No,DSL,Yes,No,No,No,Yes,No,Month-to-month,No,Mailed check,61.16,0.0,Yes
CUST-04062,Male,0,No,No,27,Yes,No,No,No internet service,No internet service,No internet service,No internet service,No internet service,No internet service,One year,Yes,Electronic check,21.49,584.67,No
CUST-04063,Female,0,No,Yes,30,Yes,No,Fiber optic,Yes,No,No,No,No,Yes,One year,No,Bank transfer (automatic),76.4,2259.66,Yes
CUST-04064,Female,0,No,No,23,Yes,Yes,DSL,Yes,No,No,No,No,No,Month-to-month,Yes,Bank transfer (automatic),47.65,1038.41,No
CUST-04065,Female,0,No,No,36,Yes,No,DSL,Yes,Yes,Yes,Yes,Yes,Yes,Month-to-month,Yes,Mailed check,59.8,2155.37,No
CUST-04066,Male,1,No,No,7,Yes,Yes,No,No internet service,No internet service,No internet service,No internet service,No internet service,No internet service,Month-to-month,No,Mailed check,21.24,163.45,No
CUST-04067,Female,0,No,No,41,Yes,No,Fiber optic,Yes,No,Yes,No,No,No,Two year,Yes,Mailed check,89.53,3613.16,No
CUST-04068,Male,0,Yes,No,55,Yes,No,No,No internet service,No internet service,No internet service,No internet service,No internet service,No internet service,Two year,No,Mailed check,33.96,1901.87,No
CUST-04069,Female,1,Yes,No,32,No,No phone service,Fiber optic,No,No,No,Yes,No,No,Month-to-month,Yes,Electronic check,84.53,2685.48,Yes
CUST-04070,Male,1,No,No,68,No,No phone service,DSL,No,No,No,No,No,Yes,Two year,No,Electronic check,60.94,4157.84,No
CUST-04071,Male,0,No,No,14,Yes,No,DSL,No,Yes,No,No,No,No,One year,Yes,Electronic check,61.88,868.04,No
CUST-04072,Female,1,Yes,No,0,Yes,No,No,No internet service,No internet service,No internet service,No internet service,No internet service,No internet service,Month-to-month,Yes,Electronic check,34.46,0.0,No
CUST-04073,Female,0,Yes,No,2,No,No phone service,DSL,No,No,Yes,Yes,Yes,Yes,Month-to-month,Yes,Electronic check,67.66,241.44,No
CUST-04074,Female,0,Yes,Yes,64,Yes,Yes,No,No internet service,No internet service,No internet service,No internet service,No internet service,No internet service,Two year,Yes,Credit card (automatic),34.28,2216.27,Yes
CUST-04075,Male,0,No,No,11,Yes,No,DSL,No,Yes,Yes,No,Yes,Yes,Month-to-month,Yes,Bank transfer (automatic),68.58,755.6,No
CUST-04076,Male,1,Yes,Yes,29,Yes,No,No,No internet service,No internet service,No internet service,No internet service,No internet service,No internet service,One year,Yes,Mailed check,25.72,771.2,No
CUST-04077,Female,1,No,No,51,Yes,No,DSL,No,No,No,Yes,No,No,One year,No,Electronic check,62.22,3157.23,No
CUST-04078,Female,0,Yes,No,27,Yes,No,Fiber optic,No,No,No,Yes,Yes,No,One year,Yes,Credit card (automatic),98.18,2683.29,No
CUST-04079,Male,0,Yes,No,13,Yes,No,DSL,Yes,No,Yes,No,No,No,Month-to-month,Yes,Electronic check,58.61,772.86,No
CUST-04080,Female,0,Yes,Yes,4,Yes,No,DSL,Yes,No,Yes,No,Yes,No,Month-to-month,Yes,Credit card (automatic),66.78,261.28,No
CUST-04081,Female,0,No,No,56,Yes,Yes,No,No internet service,No internet service,No internet service,No internet service,No internet service,No internet service,Two year,No,Bank transfer (automatic),39.57,2204.58,No
CUST-04082,Male,1,Yes,No,7,No,No phone service,DSL,No,No,No,No,No,Yes,Month-to-month,No,Electronic check,57.4,395.5,No
CUST-04083,Female,0,Yes,No,0,Yes,No,No,No internet service,No internet service,No internet service,No internet service,No internet service,No internet service,Month-to-month,Yes,Electronic check,20.16,0.0,No
CUST-04084,Female,0,No,No,1,Yes,Yes,Fiber optic,Yes,Yes,Yes,No,No,Yes,Month-to-month,No,Bank transfer (automatic),91.84,140.04,No
CUST-04085,Female,0,No,Yes,42,Yes,No,Fiber optic,No,Yes,No,No,No,Yes,One year,Yes,Electronic check,83.71,3532.96,No
CUST-04086,Female,0,Yes,No,12,No,No phone service,Fiber optic,No,No,Yes,No,Yes,No,Month-to-month,Yes,Mailed check,87.37,964.42,Yes
CUST-04087,Male,0,No,No,72,Yes,Yes,No,No internet service,No internet service,No internet service,No internet service,No internet service,No internet service,One year,Yes,Credit card (automatic),20.64,1552.25,No
CUST-04088,Female,1,Yes,Yes,20,Yes,Yes,No,No internet service,No internet service,No internet service,No internet service,No internet service,No internet service,Month-to-month,Yes,Electronic check,24.03,502.61,No
CUST-04089,Female,0,No,No,33,Yes,Yes,No,No internet service,No internet service,No internet service,No internet service,No internet service,No internet service,One year,No,Electronic check,26.99,991.01,No
CUST-04090,Female,0,Yes,No,55,No,No phone service,DSL,Yes,No,No,No,No,No,Two year,No,Mailed check,54.65,3003.48,No
CUST-04091,Female,0,No,No,17,Yes,Yes,DSL,No,No,Yes,No,No,No,Month-to-month,Yes,Electronic check,67.12,1187.29,No
CUST-04092,Male,1,No,No,22,Yes,Yes,No,No internet service,No internet service,No internet service,No internet service,No internet service,No internet service,One year,Yes,Bank transfer (automatic),26.76,619.15,No
CUST-04093,Male,0,No,Yes,33,No,No phone service,Fiber optic,No,No,No,Yes,No,No,One year,Yes,Credit card (automatic),82.14,2718.28,No
CUST-04094,Male,0,No,No,22,Yes,No,Fiber optic,No,No,No,No,Yes,Yes,One year,Yes,Mailed check,89.91,2031.54,No
CUST-04095,Female,0,Yes,No,28,Yes,Yes,Fiber optic,No,Yes,No,No,No,Yes,Month-to-month,Yes,Bank transfer (automatic),103.05,2878.23,Yes
CUST-04096,Female,1,No,No,21,Yes,No,Fiber optic,Yes,No,No,Yes,Yes,No,One year,Yes,Mailed check,91.2,1920.63,Yes
CUST-04097,Female,0,Yes,No,5,Yes,Yes,Fiber optic,Yes,No,No,No,No,No,Month-to-month,No,Mailed check,90.41,408.73,No
CUST-04098,Male,0,Yes,No,4,Yes,Yes,Fiber optic,No,No,Yes,Yes,Yes,Yes,Month-to-month,No,Credit card (automatic),89.48,349.26,Yes
CUST-04099,Female,0,No,No,19,No,No phone service,Fiber optic,Yes,No,Yes,No,No,Yes,Month-to-month,Yes,Electronic check,81.67,1516.11,Yes
CUST-04100,Male,0,No,No,1,Yes,No,DSL,Yes,Yes,No,No,No,Yes,Month-to-month,Yes,Credit card (automatic),57.73,59.68,Yes
CUST-04101,Male,1,No,No,11,Yes,Yes,Fiber optic,Yes,Yes,No,No,No,No,Month-to-month,Yes,Bank transfer (automatic),88.18,994.87,Yes
CUST-04102,Female,1,No,No,20,Yes,No,DSL,No,No,No,No,No,Yes,One year,Yes,Mailed check,70.86,1433.21,No
CUST-04103,Male,0,No,No,18,Yes,No,DSL,No,No,Yes,No,No,No,One year,Yes,Credit card (automatic),62.69,1137.38,Yes
CUST-04104,Male,0,No,No,19,Yes,No,Fiber optic,No,No,No,Yes,No,No,Month-to-month,No,Electronic check,89.11,1722.41,No
CUST-04105,Male,1,No,No,13,Yes,No,No,No internet service,No internet service,No internet service,No internet service,No internet service,No internet service,Month-to-month,No,Electronic check,28.39,467.19,No
CUST-04106,Male,1,No,No,30,Yes,Yes,DSL,No,No,No,No,Yes,Yes,One year,Yes,Credit card (automatic),59.5,1767.41,No
CUST-04107,Male,0,Yes,No,0,Yes,No,No,No internet service,No internet service,No internet service,No internet service,No internet service,No internet service,Month-to-month,Yes,Credit card (automatic),22.51,0.0,No
CUST-04108,Female,0,No,No,19,Yes,Yes,Fiber optic,Yes,No,No,No,No,No,One year,No,Credit card (automatic),89.05,1636.29,No
CUST-04109,Female,0,No,No,1,Yes,No,No,No internet service,No internet service,No internet service,No internet service,No internet service,No internet service,Month-to-month,Yes,Bank transfer (automatic),34.04,0.0,No
CUST-04110,Male,1,No,No,44,Yes,Yes,Fiber optic,No,Yes,No,Yes,No,No,Two year,No,Electronic check,95.61,4255.72,No
CUST-04111,Male,0,Yes,Yes,1,Yes,Yes,Fiber optic,No,No,Yes,No,No,Yes,Month-to-month,No,Credit card (automatic),79.08,82.51,Yes
CUST-04112,Male,0,Yes,Yes,28,Yes,No,Fiber optic,Yes,Yes,No,Yes,Yes,No,One year,No,Mailed check,86.93,2372.31,No
CUST-04113,Male,0,Yes,No,12,Yes,Yes,No,No internet service,No internet service,No internet service,No internet service,No internet service,No internet service,Month-to-month,Yes,Credit card (automatic),40.39,486.72,No
CUST-04114,Female,0,Yes,Yes,14,Yes,Yes,DSL,Yes,No,Yes,No,No,No,Month-to-month,No,Bank transfer (automatic),64.38,884.98,No
CUST-04115,Male,0,No,No,58,Yes,No,DSL,No,No,No,No,No,Yes,Two year,Yes,Credit card (automatic),64.1,3733.99,No
CUST-04116,Male,0,Yes,Yes,54,Yes,Yes,No,No internet service,No internet service,No internet service,No internet service,No internet service,No internet service,Two year,Yes,Electronic check,27.2,1458.91,No
CUST-04117,Male,0,Yes,Yes,11,Yes,Yes,DSL,No,Yes,No,No,Yes,Yes,Month-to-month,Yes,Mailed check,67.72,797.04,Yes
CUST-04118,Male,0,No,No,4,Yes,Yes,No,No internet service,No internet service,No internet service,No internet service,No internet service,No internet service,Month-to-month,No,Electronic check,25.6,109.32,No
CUST-04119,Male,0,Yes,No,65,Yes,No,DSL,No,No,No,No,No,No,Two year,Yes,Bank transfer (automatic),58.84,3835.97,No
CUST-04120,Male,1,Yes,No,3,Yes,No,DSL,Yes,No,No,No,No,No,Month-to-month,No,Mailed check,59.87,172.23,No
CUST-04121,Female,0,No,No,43,Yes,No,DSL,No,No,No,No,No,Yes,Two year,No,Electronic check,56.89,2474.17,No
CUST-04122,Female,0,No,Yes,2,Yes,No,Fiber optic,No,Yes,No,No,No,No,Month-to-month,Yes,Electronic check,84.59,164.75,Yes
CUST-04123,Female,0,No,Yes,8,Yes,No,Fiber optic,No,No,Yes,No,Yes,Yes,Month-to-month,Yes,Electronic check,76.23,650.28,Yes
CUST-04124,Male,0,No,No,0,Yes,No,No,No internet service,No internet service,No internet service,No internet service,No internet service,No internet service,Month-to-month,No,Credit card (automatic),20.76,0.0,Yes
CUST-04125,Female,0,No,No,13,Yes,No,Fiber optic,Yes,No,No,No,No,Yes,Month-to-month,Yes,Electronic check,93.93,1226.06,No
CUST-04126,Female,0,Yes,No,12,Yes,No,Fiber optic,No,No,No,No,Yes,Yes,Month-to-month,No,Mailed check,90.72,1065.43,No
CUST-04127,Male,1,No,No,15,Yes,Yes,Fiber optic,No,No,No,No,Yes,No,Month-to-month,Yes,Bank transfer (automatic),90.83,1323.13,Yes
CUST-04128,Male,1,No,No,45,Yes,No,Fiber optic,Yes,No,No,Yes,Yes,No,Two year,No,Electronic check,84.53,3750.99,No
CUST-04129,Female,0,No,No,3,Yes,Yes,Fiber optic,No,No,No,No,No,No,Month-to-month,Yes,Mailed check,78.9,202.32,Yes
CUST-04130,Male,0,Yes,Yes,41,Yes,No,No,No internet service,No internet service,No internet service,No internet service,No internet service,No internet service,One year,No,Mailed check,34.73,1438.46,No
CUST-04131,Male,0,Yes,Yes,16,Yes,No,No,No internet service,No internet service,No internet service,No internet service,No internet service,No internet service,Month-to-month,No,Electronic check,19.39,328.44,Yes
CUST-04132,Female,0,Yes,Yes,34,Yes,No,DSL,Yes,No,No,No,Yes,No,One year,Yes,Electronic check,55.7,1926.02,No
CUST-04133,Female,1,No,No,35,Yes,No,Fiber optic,No,Yes,No,No,No,Yes,Month-to-month,Yes,Credit card (automatic),80.97,2816.15,Yes
CUST-04134,Female,0,No,No,25,Yes,Yes,Fiber optic,No,Yes,No,No,Yes,No,One year,Yes,Credit card (automatic),90.61,2306.34,Yes
CUST-04135,Female,0,Yes,Yes,0,No,No phone service,Fiber optic,Yes,Yes,No,No,No,No,One year,No,Electronic check,82.87,0.0,Yes
CUST-04136,Female,0,No,Yes,42,Yes,No,DSL,No,No,No,No,No,No,Two year,No,Credit card (automatic),62.46,2650.14,Yes
CUST-04137,Female,0,No,Yes,30,Yes,Yes,No,No internet service,No internet service,No internet service,No internet service,No internet service,No internet service,Two year,Yes,Electronic check,28.92,872.12,No
CUST-04138,Male,1,No,No,38,Yes,Yes,Fiber optic,No,Yes,No,No,Yes,Yes,Month-to-month,Yes,Bank transfer (automatic),94.86,3575.39,Yes
CUST-04139,Female,0,Yes,No,14,No,No phone service,DSL,No,No,No,No,Yes,No,Month-to-month,No,Electronic check,60.47,790.29,Yes
CUST-04140,Female,0,No,No,1,Yes,No,Fiber optic,No,Yes,Yes,No,No,No,Month-to-month,No,Mailed check,96.01,48.27,Yes
CUST-04141,Female,0,No,No,40,Yes,No,Fiber optic,No,No,Yes,No,No,Yes,One year,No,Mailed check,90.89,3597.12,No
CUST-04142,Female,1,No,Yes,6,Yes,Yes,No,No internet service,No internet service,No internet service,No internet service,No internet service,No internet service,Month-to-month,Yes,Electronic check,37.83,207.33,Yes
CUST-04143,Male,0,No,No,66,Yes,No,DSL,No,Yes,No,Yes,No,No,Two year,Yes,Credit card (automatic),56.31,3742.31,No
CUST-04144,Male,0,No,No,45,Yes,No,DSL,No,No,No,No,No,Yes,Two year,Yes,Credit card (automatic),53.29,2437.82,No
CUST-04145,Male,0,Yes,Yes,3,Yes,No,No,No internet service,No internet service,No internet service,No internet service,No internet service,No internet service,Month-to-month,Yes,Electronic check,18.93,99.44,No
CUST-04146,Male,0,No,No,4,Yes,Yes,Fiber optic,Yes,No,No,No,Yes,Yes,Month-to-month,Yes,Bank transfer (automatic),92.63,245.41,Yes
CUST-04147,Male,0,Yes,No,11,Yes,Yes,DSL,No,No,No,No,No,No,Month-to-month,No,Mailed check,52.53,559.27,Yes
CUST-04148,Female,0,No,Yes,0,Yes,Yes,Fiber optic,No,No,No,Yes,No,No,Month-to-month,Yes,Electronic check,83.8,0.0,Yes
CUST-04149,Female,0,No,No,10,Yes,Yes,No,No internet service,No internet service,No internet service,No internet service,No internet service,No internet service,Month-to-month,No,Electronic check,28.12,264.54,No
CUST-04150,Male,0,No,No,18,Yes,Yes,No,No internet service,No internet service,No internet service,No internet service,No internet service,No internet service,Month-to-month,No,Electronic check,30.89,487.37,Yes
CUST-04151,Male,0,No,No,39,Yes,No,No,No internet service,No internet service,No internet service,No internet service,No internet service,No internet service,Two year,Yes,Electronic check,24.59,1000.05,No
CUST-04152,Female,0,Yes,No,53,Yes,No,DSL,No,No,No,Yes,No,No,One year,Yes,Mailed check,59.5,3226.31,No
CUST-04153,Female,0,Yes,Yes,20,Yes,Yes,No,No internet service,No internet service,No internet service,No internet service,No internet service,No internet service,Month-to-month,No,Credit card (automatic),20.68,399.92,No
CUST-04154,Female,0,No,No,24,Yes,No,DSL,No,Yes,Yes,Yes,No,No,Month-to-month,No,Mailed check,69.72,1761.8,No
CUST-04155,Male,0,Yes,Yes,38,Yes,Yes,Fiber optic,No,No,No,No,Yes,Yes,One year,No,Mailed check,73.66,2706.3,No
CUST-04156,Male,0,Yes,Yes,30,Yes,Yes,DSL,No,Yes,No,No,Yes,No,Month-to-month,Yes,Credit card (automatic),53.46,1559.64,No
CUST-04157,Female,0,No,Yes,65,Yes,No,Fiber optic,No,No,No,Yes,Yes,Yes,Two year,Yes,Credit card (automatic),93.49,6066.21,No
CUST-04158,Male,0,Yes,No,15,No,No phone service,DSL,Yes,No,Yes,Yes,No,No,Month-to-month,No,Bank transfer (automatic),66.05,1016.67,No
CUST-04159,Male,0,Yes,No,36,Yes,No,No,No internet service,No internet service,No internet service,No internet service,No internet service,No internet service,Two year,Yes,Mailed check,31.68,1143.75,No
CUST-04160,Male,0,Yes,No,35,Yes,Yes,No,No internet service,No internet service,No internet service,No internet service,No internet service,No internet service,One year,Yes,Electronic check,20.14,661.16,Yes
CUST-04161,Male,0,No,No,42,Yes,No,DSL,No,Yes,Yes,Yes,No,Yes,Two year,No,Electronic check,46.96,2001.85,No
CUST-04162,Male,1,Yes,No,27,Yes,No,DSL,Yes,Yes,No,Yes,No,Yes,One year,Yes,Bank transfer (automatic),76.19,2080.42,No
CUST-04163,Female,0,No,No,22,Yes,Yes,DSL,No,No,No,No,Yes,No,One year,Yes,Credit card (automatic),57.58,1245.14,No
CUST-04164,Male,1,No,No,4,Yes,Yes,Fiber optic,No,Yes,Yes,No,No,Yes,Month-to-month,Yes,Credit card (automatic),96.11,369.4,Yes
CUST-04165,Female,0,Yes,Yes,13,Yes,Yes,No,No internet service,No internet service,No internet service,No internet service,No internet service,No internet service,One year,Yes,Mailed check,22.71,250.14,No
CUST-04166,Female,0,No,Yes,41,No,No phone service,Fiber optic,No,No,No,No,Yes,No,One year,No,Electronic check,84.29,3477.27,Yes
CUST-04167,Male,0,Yes,No,6,Yes,Yes,Fiber optic,No,No,No,Yes,No,No,Month-to-month,Yes,Credit card (automatic),74.83,401.45,No
CUST-04168,Male,0,No,No,33,Yes,No,No,No internet service,No internet service,No internet service,No internet service,No internet service,No internet service,One year,Yes,Bank transfer (automatic),26.23,813.46,No
CUST-04169,Female,0,Yes,Yes,1,Yes,No,Fiber optic,No,Yes,Yes,No,No,No,Month-to-month,Yes,Mailed check,92.16,157.14,Yes
CUST-04170,Female,0,Yes,No,15,Yes,No,Fiber optic,No,No,No,Yes,Yes,Yes,Month-to-month,No,Electronic check,76.68,1153.91,No
CUST-04171,Male,1,Yes,No,3,Yes,Yes,Fiber optic,Yes,No,Yes,No,Yes,No,Month-to-month,Yes,Bank transfer (automatic),105.58,287.92,Yes
CUST-04172,Male,0,Yes,No,2,Yes,No,Fiber optic,No,No,No,Yes,No,No,Month-to-month,No,Electronic check,76.28,75.55,Yes
CUST-04173,Female,1,No,Yes,25,Yes,No,Fiber optic,No,No,Yes,Yes,Yes,No,Month-to-month,No,Bank transfer (automatic),88.77,2223.81,Yes
CUST-04174,Male,0,Yes,Yes,72,Yes,Yes,DSL,Yes,No,No,No,No,Yes,Two year,Yes,Bank transfer (automatic),57.91,4170.13,No
CUST-04175,Male,0,No,No,1,Yes,Yes,Fiber optic,Yes,No,No,Yes,No,No,Month-to-month,Yes,Electronic check,99.89,144.33,Yes
CUST-04176,Male,0,Yes,No,45,Yes,No,DSL,Yes,No,No,No,Yes,Yes,Two year,Yes,Electronic check,61.07,2654.0,No
CUST-04177,Male,0,No,No,34,Yes,No,Fiber optic,No,Yes,No,No,Yes,Yes,Two year,Yes,Mailed check,93.14,3136.66,Yes
CUST-04178,Female,1,No,Yes,4,Yes,No,Fiber optic,Yes,Yes,No,Yes,No,No,Month-to-month,No,Mailed check,85.52,364.06,No
CUST-04179,Male,1,Yes,Yes,21,Yes,No,Fiber optic,No,Yes,Yes,No,No,Yes,One year,No,Bank transfer (automatic),89.24,1867.45,No
CUST-04180,Male,1,No,No,35,No,No phone service,DSL,No,No,No,No,Yes,Yes,Month-to-month,No,Electronic check,63.26,2242.65,No
CUST-04181,Female,1,No,Yes,53,Yes,Yes,No,No internet service,No internet service,No internet service,No internet service,No internet service,No internet service,Two year,No,Bank transfer (automatic),19.77,1058.53,No
CUST-04182,Male,0,No,No,21,Yes,No,DSL,No,Yes,No,No,Yes,No,Month-to-month,Yes,Credit card (automatic),52.71,1115.54,No
CUST-04183,Male,0,No,No,4,Yes,No,DSL,No,Yes,No,Yes,No,No,Month-to-month,No,Bank transfer (automatic),56.69,251.23,Yes
CUST-04184,Female,1,No,No,17,Yes,Yes,DSL,No,No,Yes,No,Yes,Yes,Month-to-month,Yes,Electronic check,68.41,1113.97,Yes
CUST-04185,Male,0,Yes,Yes,51,Yes,Yes,DSL,No,No,No,No,No,No,One year,No,Bank transfer (automatic),54.74,2805.32,No
CUST-04186,Female,0,No,No,14,Yes,No,Fiber optic,No,No,No,No,Yes,Yes,Month-to-month,Yes,Electronic check,91.11,1291.08,Yes
CUST-04187,Male,0,Yes,No,1,Yes,No,Fiber optic,No,Yes,No,Yes,Yes,Yes,Month-to-month,Yes,Electronic check,86.67,170.86,No
CUST-04188,Male,0,No,No,44,Yes,Yes,Fiber optic,No,No,No,Yes,Yes,No,Two year,Yes,Electronic check,94.66,4081.53,No
CUST-04189,Male,0,No,No,35,Yes,Yes,Fiber optic,Yes,No,No,No,No,Yes,Month-to-month,No,Bank transfer (automatic),91.06,3171.3,No
CUST-04190,Female,0,No,No,59,Yes,No,DSL,No,Yes,No,Yes,No,No,One year,Yes,Mailed check,57.83,3433.68,No
CUST-04191,Male,0,No,Yes,16,Yes,Yes,No,No internet service,No internet service,No internet service,No internet service,No internet service,No internet service,One year,No,Credit card (automatic),25.03,435.86,Yes
CUST-04192,Male,0,Yes,No,30,No,No phone service,No,No internet service,No internet service,No internet service,No internet service,No internet service,No internet service,Month-to-month,No,Credit card (automatic),24.99,741.21,No
CUST-04193,Female,0,No,No,6,Yes,No,DSL,No,No,No,No,No,Yes,Month-to-month,Yes,Electronic check,51.93,298.09,Yes
CUST-04194,Male,0,Yes,No,6,Yes,No,Fiber optic,No,Yes,No,Yes,Yes,No,Month-to-month,Yes,Credit card (automatic),86.34,508.96,Yes
CUST-04195,Female,0,No,No,45,Yes,No,No,No internet service,No internet service,No internet service,No internet service,No internet service,No internet service,Two year,No,Credit card (automatic),27.42,1290.53,No
CUST-04196,Male,0,No,No,15,Yes,Yes,No,No internet service,No internet service,No internet service,No internet service,No internet service,No internet service,One year,Yes,Credit card (automatic),29.31,437.82,No
CUST-04197,Female,0,Yes,Yes,4,Yes,Yes,Fiber optic,No,No,No,Yes,No,Yes,Month-to-month,Yes,Bank transfer (automatic),92.08,339.79,No
CUST-04198,Male,0,No,Yes,70,Yes,No,Fiber optic,Yes,Yes,No,No,No,No,Two year,Yes,Electronic check,88.18,6148.18,No
CUST-04199,Female,0,Yes,No,5,Yes,No,Fiber optic,Yes,No,No,No,Yes,No,Month-to-month,No,Electronic check,78.86,364.51,Yes
CUST-04200,Male,0,No,No,72,Yes,No,Fiber optic,No,No,Yes,No,Yes,No,Month-to-month,Yes,Mailed check,86.09,6231.92,No
CUST-04201,Female,0,No,Yes,13,No,No phone service,No,No internet service,No internet service,No internet service,No internet service,No internet service,No internet service,Month-to-month,Yes,Electronic check,32.14,461.49,No
CUST-04202,Female,0,No,No,39,Yes,No,Fiber optic,No,No,Yes,No,Yes,Yes,One year,Yes,Electronic check,100.71,3859.77,No
CUST-04203,Male,0,No,No,14,Yes,Yes,DSL,Yes,Yes,Yes,Yes,No,No,Month-to-month,Yes,Electronic check,64.64,884.63,Yes
CUST-04204,Male,0,Yes,No,33,Yes,No,Fiber optic,Yes,No,No,No,Yes,Yes,One year,Yes,Mailed check,89.18,2965.54,Yes
CUST-04205,Male,0,Yes,Yes,4,Yes,No,No,No internet service,No internet service,No internet service,No internet service,No internet service,No internet service,Month-to-month,Yes,Electronic check,27.09,118.62,No
CUST-04206,Female,0,Yes,Yes,16,Yes,Yes,No,No internet service,No internet service,No internet service,No internet service,No internet service,No internet service,One year,Yes,Credit card (automatic),29.41,458.66,No
CUST-04207,Female,0,Yes,No,60,Yes,Yes,DSL,No,Yes,Yes,No,No,Yes,Two year,No,Credit card (automatic),57.76,3499.25,No
CUST-04208,Female,0,Yes,No,1,Yes,Yes,No,No internet service,No internet service,No internet service,No internet service,No internet service,No internet service,Month-to-month,Yes,Credit card (automatic),33.71,89.74,Yes
CUST-04209,Male,0,No,Yes,9,Yes,No,DSL,Yes,No,Yes,No,Yes,Yes,Month-to-month,No,Bank transfer (automatic),66.48,569.81,Yes
CUST-04210,Female,0,No,No,32,Yes,Yes,No,No internet service,No internet service,No internet service,No internet service,No internet service,No internet service,One year,Yes,Mailed check,41.69,1270.51,No
CUST-04211,Male,0,Yes,No,9,Yes,No,Fiber optic,Yes,No,Yes,Yes,No,Yes,Month-to-month,No,Electronic check,91.62,820.87,Yes
CUST-04212,Female,0,No,No,1,No,No phone service,DSL,No,No,No,Yes,Yes,No,Month-to-month,No,Electronic check,64.85,21.44,Yes
CUST-04213,Male,0,No,No,29,Yes,No,DSL,No,No,Yes,Yes,Yes,No,One year,Yes,Mailed check,59.88,1765.16,No
CUST-04214,Female,0,Yes,No,6,No,No phone service,DSL,Yes,Yes,Yes,Yes,No,No,Month-to-month,Yes,Electronic check,66.76,359.29,No
CUST-04215,Female,0,No,No,51,Yes,Yes,DSL,No,No,No,No,No,No,One year,Yes,Mailed check,58.5,3062.24,No
CUST-04216,Female,0,Yes,No,15,Yes,Yes,DSL,No,No,No,Yes,No,Yes,Month-to-month,Yes,Electronic check,71.01,1019.07,No
CUST-04217,Male,0,No,Yes,8,No,No phone service,No,No internet service,No internet service,No internet service,No internet service,No internet service,No internet service,Month-to-month,Yes,Bank transfer (automatic),25.7,200.86,No
CUST-04218,Male,0,No,No,37,Yes,No,DSL,No,No,No,No,No,Yes,One year,Yes,Credit card (automatic),54.98,2042.35,No
CUST-04219,Female,0,Yes,No,23,Yes,Yes,No,No internet service,No internet service,No internet service,No internet service,No internet service,No internet service,One year,No,Electronic check,28.17,621.91,No
CUST-04220,Male,0,Yes,No,27,Yes,Yes,DSL,No,Yes,No,Yes,No,Yes,Month-to-month,Yes,Bank transfer (automatic),52.11,1399.85,No
CUST-04221,Male,0,No,No,29,Yes,No,Fiber optic,Yes,No,Yes,No,Yes,Yes,Month-to-month,Yes,Bank transfer (automatic),97.11,2824.19,Yes
CUST-04222,Female,1,Yes,No,5,Yes,Yes,Fiber optic,Yes,No,No,Yes,No,No,Month-to-month,No,Mailed check,89.65,525.6,Yes
CUST-04223,Female,0,No,Yes,12,Yes,No,DSL,No,No,No,No,Yes,No,Month-to-month,Yes,Bank transfer (automatic),60.22,736.74,No
CUST-04224,Female,0,No,No,38,Yes,Yes,Fiber optic,Yes,No,No,No,No,No,Two year,Yes,Electronic check,81.65,3105.52,No
CUST-04225,Female,1,Yes,Yes,19,Yes,No,Fiber optic,No,No,No,No,No,Yes,Month-to-month,Yes,Bank transfer (automatic),86.87,1700.71,Yes
CUST-04226,Male,0,No,Yes,43,Yes,No,DSL,No,No,No,No,No,No,One year,Yes,Bank transfer (automatic),58.76,2554.09,No
CUST-04227,Male,0,No,No,7,Yes,No,Fiber optic,No,No,No,No,No,Yes,Month-to-month,Yes,Bank transfer (automatic),87.31,660.87,Yes
CUST-04228,Female,0,Yes,No,2,Yes,Yes,Fiber optic,No,No,Yes,Yes,No,No,Month-to-month,No,Mailed check,80.99,128.46,Yes
CUST-04229,Male,0,No,No,42,Yes,Yes,DSL,Yes,Yes,No,Yes,Yes,Yes,One year,No,Mailed check,72.65,2993.84,No
CUST-04230,Male,0,No,No,34,Yes,Yes,DSL,Yes,Yes,No,No,No,No,One year,Yes,Electronic check,61.27,2152.13,No
CUST-04231,Male,0,No,No,4,Yes,No,DSL,No,No,No,Yes,No,No,Month-to-month,No,Electronic check,55.9,243.85,No
CUST-04232,Female,0,Yes,No,3,Yes,No,Fiber optic,No,Yes,No,No,No,No,Month-to-month,Yes,Credit card (automatic),81.96,224.24,Yes
CUST-04233,Female,0,Yes,No,4,No,No phone service,No,No internet service,No internet service,No internet service,No internet service,No internet service,No internet service,Month-to-month,No,Credit card (automatic),31.51,82.5,Yes
CUST-04234,Male,0,No,Yes,6,Yes,No,DSL,No,No,Yes,Yes,Yes,Yes,Month-to-month,Yes,Credit card (automatic),58.6,334.95,No
CUST-04235,Male,0,No,No,30,Yes,No,Fiber optic,No,Yes,Yes,No,Yes,No,One year,Yes,Bank transfer (automatic),82.61,2553.91,No
CUST-04236,Male,0,Yes,No,21,No,No phone service,DSL,Yes,No,No,No,No,Yes,Month-to-month,No,Credit card (automatic),66.55,1348.4,No
CUST-04237,Female,0,No,Yes,47,No,No phone service,No,No internet service,No internet service,No internet service,No internet service,No internet service,No internet service,Month-to-month,Yes,Electronic check,29.69,1469.67,No
CUST-04238,Male,0,No,Yes,14,Yes,No,No,No internet service,No internet service,No internet service,No internet service,No internet service,No internet service,Month-to-month,Yes,Electronic check,30.91,409.22,Yes
CUST-04239,Female,0,Yes,Yes,50,Yes,No,Fiber optic,No,Yes,No,No,No,Yes,Two year,No,Mailed check,85.51,4275.19,No
CUST-04240,Male,0,No,No,9,Yes,No,DSL,No,No,Yes,Yes,Yes,Yes,Month-to-month,Yes,Credit card (automatic),68.3,615.52,Yes
CUST-04241,Male,0,No,No,19,Yes,No,Fiber optic,No,No,No,Yes,No,No,One year,Yes,Credit card (automatic),80.29,1531.49,No
CUST-04242,Male,0,No,No,0,Yes,Yes,Fiber optic,No,No,No,Yes,No,No,Month-to-month,No,Electronic check,87.21,0.0,Yes
CUST-04243,Female,0,No,Yes,9,Yes,Yes,Fiber optic,No,No,Yes,Yes,Yes,Yes,Month-to-month,Yes,Credit card (automatic),85.48,869.08,No
CUST-04244,Male,1,No,No,11,Yes,No,DSL,No,No,No,No,No,No,Month-to-month,Yes,Electronic check,64.22,735.71,No
CUST-04245,Male,0,No,No,30,Yes,Yes,DSL,No,No,Yes,No,No,No,One year,No,Credit card (automatic),63.18,1928.69,No
CUST-04246,Male,0,No,No,6,Yes,No,DSL,No,Yes,Yes,Yes,No,No,Month-to-month,Yes,Bank transfer (automatic),60.65,368.26,Yes
CUST-04247,Male,0,Yes,No,70,Yes,Yes,Fiber optic,Yes,Yes,Yes,No,Yes,No,Two year,Yes,Mailed check,89.18,6253.31,No
CUST-04248,Male,0,Yes,No,5,No,No phone service,Fiber optic,No,Yes,Yes,Yes,No,No,Month-to-month,Yes,Electronic check,93.0,483.9,Yes
CUST-04249,Female,0,No,No,43,Yes,Yes,DSL,No,No,Yes,Yes,No,Yes,Two year,Yes,Credit card (automatic),56.63,2449.44,No
CUST-04250,Male,0,No,No,7,Yes,No,No,No internet service,No internet service,No internet service,No internet service,No internet service,No internet service,Month-to-month,Yes,Electronic check,24.17,134.06,No
CUST-04251,Male,1,Yes,No,2,Yes,No,No,No internet service,No internet service,No internet service,No internet service,No internet service,No internet service,Month-to-month,No,Bank transfer (automatic),37.94,50.01,No
CUST-04252,Male,0,Yes,No,38,No,No phone service,No,No internet service,No internet service,No internet service,No internet service,No internet service,No internet service,One year,No,Bank transfer (automatic),26.39,1042.32,No
CUST-04253,Female,1,Yes,No,17,Yes,Yes,Fiber optic,Yes,No,No,Yes,No,No,Month-to-month,Yes,Electronic check,91.55,1613.08,No
CUST-04254,Male,1,No,Yes,42,Yes,Yes,Fiber optic,No,Yes,No,Yes,No,Yes,Month-to-month,No,Bank transfer (automatic),84.53,3518.74,No
CUST-04255,Male,0,No,No,55,Yes,Yes,Fiber optic,No,No,No,Yes,No,Yes,Two year,Yes,Bank transfer (automatic),90.09,4945.9,No
CUST-04256,Male,1,No,No,12,Yes,Yes,DSL,No,No,No,No,No,No,One year,No,Mailed check,67.19,795.9,No
CUST-04257,Male,0,Yes,No,61,Yes,Yes,Fiber optic,No,No,Yes,No,Yes,Yes,Two year,Yes,Bank transfer (automatic),91.12,5594.07,No
CUST-04258,Male,0,No,No,5,Yes,No,Fiber optic,Yes,Yes,No,No,No,No,Month-to-month,No,Bank transfer (automatic),94.53,467.61,Yes
CUST-04259,Female,0,Yes,No,14,Yes,Yes,Fiber optic,No,No,No,No,Yes,No,One year,No,Bank transfer (automatic),80.46,1113.64,No
CUST-04260,Male,0,Yes,No,24,Yes,Yes,Fiber optic,No,Yes,No,Yes,Yes,No,One year,No,Mailed check,102.68,2433.02,No
CUST-04261,Male,0,Yes,No,24,Yes,No,Fiber optic,Yes,No,No,No,Yes,No,One year,Yes,Credit card (automatic),86.53,2114.83,No
CUST-04262,Male,1,No,No,35,Yes,No,Fiber optic,No,No,No,No,No,Yes,One year,Yes,Electronic check,81.75,2858.98,No
CUST-04263,Male,0,No,Yes,46,Yes,Yes,DSL,Yes,No,No,Yes,No,No,One year,No,Credit card (automatic),50.14,2294.04,No
CUST-04264,Female,0,Yes,Yes,65,Yes,No,No,No internet service,No internet service,No internet service,No internet service,No internet service,No internet service,Two year,Yes,Credit card (automatic),32.11,2084.32,No
CUST-04265,Female,0,Yes,No,13,Yes,Yes,No,No internet service,No internet service,No internet service,No internet service,No internet service,No internet service,Month-to-month,No,Electronic check,34.98,519.41,No
CUST-04266,Female,0,No,No,16,Yes,No,Fiber optic,No,No,Yes,No,No,Yes,Month-to-month,Yes,Electronic check,76.49,1235.52,Yes
CUST-04267,Male,0,Yes,No,10,Yes,No,Fiber optic,No,No,Yes,Yes,No,Yes,Month-to-month,Yes,Credit card (automatic),92.73,988.18,No
CUST-04268,Female,0,No,No,25,Yes,No,DSL,No,No,No,Yes,Yes,No,Month-to-month,Yes,Electronic check,58.63,1428.35,No
CUST-04269,Male,1,Yes,No,29,No,No phone service,No,No internet service,No internet service,No internet service,No internet service,No internet service,No internet service,One year,No,Electronic check,37.43,1091.81,No
CUST-04270,Female,0,Yes,No,30,Yes,No,DSL,Yes,No,No,Yes,Yes,Yes,Month-to-month,Yes,Bank transfer (automatic),60.55,1812.82,No
CUST-04271,Female,0,Yes,No,7,Yes,Yes,No,No internet service,No internet service,No internet service,No internet service,No internet service,No internet service,Month-to-month,Yes,Bank transfer (automatic),32.11,332.15,No
CUST-04272,Female,0,No,No,49,Yes,No,Fiber optic,No,Yes,No,Yes,Yes,Yes,Two year,No,Bank transfer (automatic),103.54,5074.66,No
CUST-04273,Female,0,Yes,No,60,Yes,Yes,No,No internet service,No internet service,No internet service,No internet service,No internet service,No internet service,Two year,No,Electronic check,24.75,1451.26,No
CUST-04274,Male,1,Yes,Yes,7,Yes,Yes,Fiber optic,Yes,No,Yes,Yes,No,Yes,Month-to-month,Yes,Credit card (automatic),89.66,642.52,Yes
CUST-04275,Male,0,No,No,3,Yes,No,Fiber optic,Yes,No,No,No,No,No,Month-to-month,Yes,Credit card (automatic),96.05,310.88,Yes
CUST-04276,Female,0,Yes,Yes,7,Yes,Yes,DSL,Yes,No,No,Yes,Yes,No,Month-to-month,Yes,Electronic check,63.1,504.67,No
CUST-04277,Male,0,No,Yes,28,Yes,Yes,No,No internet service,No internet service,No internet service,No internet service,No internet service,No internet service,Month-to-month,No,Credit card (automatic),26.96,740.22,Yes
CUST-04278,Female,1,Yes,No,56,Yes,Yes,Fiber optic,Yes,No,No,No,Yes,No,Month-to-month,Yes,Electronic check,86.05,4873.02,Yes
CUST-04279,Female,0,No,No,0,Yes,No,Fiber optic,No,Yes,Yes,No,No,No,Month-to-month,Yes,Credit card (automatic),94.15,0.0,Yes
CUST-04280,Female,0,Yes,No,41,Yes,Yes,DSL,No,No,Yes,No,No,Yes,One year,Yes,Mailed check,58.72,2429.27,No
CUST-04281,Male,0,No,No,13,No,No phone service,Fiber optic,No,No,No,No,Yes,No,Month-to-month,No,Mailed check,83.44,1113.23,Yes
CUST-04282,Female,0,No,No,16,Yes,Yes,Fiber optic,Yes,Yes,Yes,No,Yes,No,Month-to-month,Yes,Electronic check,88.95,1421.81,Yes
CUST-04283,Male,0,No,No,26,Yes,No,Fiber optic,Yes,No,Yes,Yes,Yes,Yes,One year,No,Electronic check,94.78,2408.2,No
CUST-04284,Male,0,No,No,8,Yes,Yes,Fiber optic,No,No,No,Yes,Yes,No,Month-to-month,Yes,Electronic check,89.12,722.96,Yes
CUST-04285,Male,0,Yes,No,20,Yes,No,Fiber optic,Yes,No,No,No,Yes,No,Month-to-month,Yes,Bank transfer (automatic),94.44,1870.44,Yes
CUST-04286,Female,1,Yes,No,2,Yes,No,No,No internet service,No internet service,No internet service,No internet service,No internet service,No internet service,Month-to-month,Yes,Bank transfer (automatic),23.97,3.5,No
CUST-04287,Female,0,No,Yes,37,Yes,No,DSL,No,No,No,No,No,No,Month-to-month,No,Mailed check,52.52,1951.98,No
CUST-04288,Female,1,No,No,0,Yes,No,No,No internet service,No internet service,No internet service,No internet service,No internet service,No internet service,Month-to-month,Yes,Mailed check,41.67,0.0,No
CUST-04289,Female,0,No,No,16,Yes,Yes,DSL,Yes,Yes,No,Yes,Yes,No,Month-to-month,No,Mailed check,65.65,1058.55,Yes
CUST-04290,Male,0,No,No,2,No,No phone service,Fiber optic,Yes,No,Yes,No,Yes,Yes,Month-to-month,Yes,Mailed check,95.81,195.14,Yes
CUST-04291,Male,0,No,No,47,Yes,Yes,Fiber optic,Yes,Yes,Yes,No,No,No,Two year,Yes,Electronic check,87.59,4111.0,No
CUST-04292,Female,0,No,No,24,Yes,Yes,No,No internet service,No internet service,No internet service,No internet service,No internet service,No internet service,Two year,Yes,Credit card (automatic),26.24,593.04,No
CUST-04293,Male,0,No,No,19,Yes,No,Fiber optic,Yes,No,No,No,Yes,Yes,Month-to-month,Yes,Bank transfer (automatic),94.61,1743.02,Yes
CUST-04294,Male,0,No,No,50,Yes,Yes,Fiber optic,Yes,No,No,No,No,No,Two year,No,Electronic check,82.68,4142.92,No
CUST-04295,Female,0,Yes,No,7,Yes,No,Fiber optic,Yes,No,Yes,No,No,Yes,Month-to-month,No,Electronic check,93.6,706.29,Yes
CUST-04296,Female,0,No,Yes,5,Yes,Yes,No,No internet service,No internet service,No internet service,No internet service,No internet service,No internet service,Month-to-month,Yes,Credit card (automatic),34.34,204.21,Yes
CUST-04297,Male,0,No,No,2,Yes,Yes,No,No internet service,No internet service,No internet service,No internet service,No internet service,No internet service,Month-to-month,No,Electronic check,18.92,0.0,No
CUST-04298,Female,1,Yes,No,28,Yes,No,DSL,No,No,Yes,No,No,No,Month-to-month,No,Bank transfer (automatic),60.95,1691.89,No
CUST-04299,Male,0,No,Yes,18,Yes,No,No,No internet service,No internet service,No internet service,No internet service,No internet service,No internet service,Month-to-month,Yes,Bank transfer (automatic),27.62,487.61,Yes
CUST-04300,Male,0,No,No,24,Yes,Yes,No,No internet service,No internet service,No internet service,No internet service,No internet service,No internet service,Two year,No,Mailed check,31.33,702.76,No
CUST-04301,Male,0,Yes,No,5,Yes,No,Fiber optic,Yes,No,No,No,No,Yes,Month-to-month,Yes,Electronic check,94.27,448.94,Yes
CUST-04302,Female,0,No,No,30,Yes,Yes,Fiber optic,No,No,Yes,Yes,Yes,Yes,Month-to-month,Yes,Credit card (automatic),89.22,2639.06,Yes
CUST-04303,Male,0,Yes,No,10,Yes,No,DSL,No,No,Yes,Yes,No,No,Month-to-month,Yes,Electronic check,65.67,720.51,Yes
CUST-04304,Male,0,Yes,Yes,36,Yes,Yes,DSL,Yes,No,No,No,Yes,No,Two year,Yes,Bank transfer (automatic),65.45,2364.9,No
CUST-04305,Female,0,No,Yes,3,Yes,Yes,DSL,No,Yes,No,No,Yes,No,Month-to-month,No,Bank transfer (automatic),60.94,242.65,No
CUST-04306,Female,0,No,No,72,Yes,No,DSL,No,No,No,No,No,No,Two year,Yes,Mailed check,56.65,4090.44,No
CUST-04307,Female,0,No,Yes,7,Yes,Yes,Fiber optic,No,No,No,No,No,No,Month-to-month,No,Credit card (automatic),80.83,623.86,Yes
CUST-04308,Female,0,Yes,No,13,Yes,No,No,No internet service,No internet service,No internet service,No internet service,No internet service,No internet service,One year,Yes,Electronic check,23.11,245.57,Yes
CUST-04309,Female,1,No,No,27,Yes,No,DSL,No,No,No,No,No,Yes,Month-to-month,No,Bank transfer (automatic),64.86,1803.06,Yes
CUST-04310,Female,0,Yes,No,8,Yes,Yes,DSL,No,Yes,No,No,No,No,Month-to-month,No,Credit card (automatic),59.35,471.53,No
CUST-04311,Female,0,No,No,3,Yes,No,DSL,No,Yes,No,Yes,No,No,Month-to-month,Yes,Electronic check,61.75,181.15,Yes
CUST-04312,Female,0,Yes,Yes,36,Yes,No,Fiber optic,No,Yes,Yes,No,Yes,Yes,Month-to-month,No,Credit card (automatic),99.53,3624.53,No
CUST-04313,Male,0,No,No,2,No,No phone service,Fiber optic,No,Yes,Yes,Yes,Yes,Yes,Month-to-month,Yes,Electronic check,90.83,179.78,Yes
CUST-04314,Male,0,Yes,No,3,Yes,Yes,Fiber optic,Yes,Yes,No,No,No,No,Month-to-month,Yes,Electronic check,85.41,276.71,Yes
CUST-04315,Female,0,Yes,No,16,Yes,Yes,DSL,No,Yes,Yes,No,Yes,Yes,One year,Yes,Credit card (automatic),50.68,775.32,No
CUST-04316,Male,0,Yes,No,40,Yes,Yes,Fiber optic,Yes,Yes,Yes,No,No,No,One year,No,Mailed check,92.36,3771.63,No
CUST-04317,Female,0,No,Yes,6,Yes,Yes,Fiber optic,Yes,No,No,Yes,Yes,No,Month-to-month,Yes,Mailed check,83.55,469.89,No
CUST-04318,Male,0,No,No,31,Yes,No,No,No internet service,No internet service,No internet service,No internet service,No internet service,No internet service,One year,Yes,Mailed check,29.02,857.29,No
CUST-04319,Female,1,No,Yes,37,Yes,Yes,Fiber optic,Yes,No,Yes,No,Yes,No,One year,No,Credit card (automatic),82.92,3033.24,No
CUST-04320,Male,0,Yes,No,51,No,No phone service,No,No internet service,No internet service,No internet service,No internet service,No internet service,No internet service,Two year,Yes,Credit card (automatic),28.88,1423.75,No
CUST-04321,Female,0,Yes,Yes,6,No,No phone service,DSL,No,No,Yes,Yes,Yes,No,Month-to-month,No,Electronic check,63.87,310.92,Yes
CUST-04322,Male,0,No,No,5,Yes,No,Fiber optic,Yes,No,Yes,No,No,Yes,Month-to-month,No,Electronic check,88.63,447.01,Yes
CUST-04323,Male,0,Yes,Yes,58,Yes,No,Fiber optic,Yes,No,No,Yes,Yes,No,Two year,No,Electronic check,88.1,5061.54,No
CUST-04324,Male,0,No,No,29,Yes,No,No,No internet service,No internet service,No internet service,No internet service,No internet service,No internet service,Two year,Yes,Mailed check,24.29,676.91,No
CUST-04325,Female,1,No,Yes,72,Yes,No,Fiber optic,Yes,Yes,No,No,No,No,Two year,Yes,Credit card (automatic),98.63,7016.82,No
CUST-04326,Male,0,No,Yes,31,Yes,No,Fiber optic,No,Yes,Yes,No,No,No,One year,No,Bank transfer (automatic),81.14,2578.58,No
CUST-04327,Female,0,No,Yes,25,No,No phone service,No,No internet service,No internet service,No internet service,No internet service,No internet service,No internet service,One year,No,Mailed check,38.38,980.07,No
CUST-04328,Male,0,Yes,Yes,55,No,No phone service,DSL,No,No,Yes,No,Yes,No,Two year,Yes,Bank transfer (automatic),58.43,3130.37,No
CUST-04329,Male,0,Yes,No,29,Yes,Yes,DSL,Yes,No,Yes,Yes,Yes,No,Month-to-month,No,Mailed check,73.97,2138.09,Yes
CUST-04330,Female,0,No,No,34,Yes,No,DSL,No,No,No,No,Yes,Yes,Month-to-month,Yes,Mailed check,60.6,2052.81,No
CUST-04331,Male,1,Yes,Yes,38,Yes,Yes,DSL,No,No,Yes,No,No,No,Two year,Yes,Bank transfer (automatic),65.45,2480.88,No
CUST-04332,Male,0,No,No,56,Yes,No,Fiber optic,Yes,No,Yes,No,No,No,Two year,No,Credit card (automatic),80.23,4507.39,No
CUST-04333,Female,0,No,No,4,Yes,Yes,DSL,No,No,Yes,No,No,No,Month-to-month,Yes,Mailed check,47.31,128.71,No
CUST-04334,Female,0,Yes,Yes,29,Yes,No,DSL,No,No,No,Yes,No,No,Month-to-month,Yes,Mailed check,65.54,1861.45,No
CUST-04335,Female,0,No,No,69,Yes,Yes,DSL,No,No,No,Yes,No,Yes,Two year,Yes,Credit card (automatic),69.15,4750.75,No
CUST-04336,Male,0,Yes,No,8,Yes,No,DSL,No,No,No,No,No,No,Month-to-month,No,Credit card (automatic),50.47,424.62,No
CUST-04337,Female,0,No,No,28,Yes,No,Fiber optic,No,Yes,No,Yes,Yes,Yes,One year,Yes,Credit card (automatic),102.74,2862.39,No
CUST-04338,Male,0,Yes,No,1,Yes,Yes,Fiber optic,No,No,No,No,No,No,Month-to-month,Yes,Electronic check,70.51,78.76,Yes
CUST-04339,Female,0,No,No,2,Yes,Yes,DSL,No,No,No,No,No,Yes,Month-to-month,Yes,Credit card (automatic),57.43,64.75,Yes
CUST-04340,Female,0,Yes,No,29,Yes,No,No,No internet service,No internet service,No internet service,No internet service,No internet service,No internet service,One year,Yes,Mailed check,24.57,683.09,No
CUST-04341,Male,1,Yes,No,52,Yes,No,DSL,Yes,No,No,No,No,No,Two year,No,Electronic check,59.75,3135.33,No
CUST-04342,Male,0,Yes,No,27,Yes,No,DSL,No,Yes,Yes,No,No,Yes,Month-to-month,No,Credit card (automatic),70.22,1917.47,No
CUST-04343,Male,0,Yes,No,8,Yes,Yes,DSL,No,No,Yes,Yes,No,Yes,Month-to-month,No,Electronic check,52.34,430.62,No
CUST-04344,Male,0,No,No,0,Yes,No,DSL,No,No,Yes,Yes,Yes,No,Month-to-month,Yes,Mailed check,63.92,0.0,No
CUST-04345,Male,0,Yes,No,0,Yes,Yes,No,No internet service,No internet service,No internet service,No internet service,No internet service,No internet service,Month-to-month,Yes,Credit card (automatic),18.51,0.0,No
CUST-04346,Female,0,Yes,No,55,Yes,Yes,Fiber optic,Yes,Yes,No,Yes,No,No,Two year,Yes,Credit card (automatic),84.47,4625.17,No
CUST-04347,Male,0,Yes,Yes,13,Yes,No,DSL,No,Yes,No,No,No,Yes,Month-to-month,No,Credit card (automatic),62.72,837.69,No
CUST-04348,Male,0,Yes,Yes,62,Yes,No,No,No internet service,No internet service,No internet service,No internet service,No internet service,No internet service,Two year,Yes,Electronic check,28.16,1750.94,No
CUST-04349,Female,0,Yes,Yes,50,Yes,Yes,Fiber optic,No,Yes,Yes,Yes,No,Yes,Two year,No,Bank transfer (automatic),93.06,4642.52,No
CUST-04350,Male,0,Yes,Yes,9,Yes,No,Fiber optic,Yes,Yes,No,Yes,No,Yes,Month-to-month,No,Electronic check,84.01,740.64,Yes
CUST-04351,Female,0,No,No,14,No,No phone service,DSL,Yes,Yes,No,No,No,No,Month-to-month,Yes,Bank transfer (automatic),67.18,982.84,Yes
CUST-04352,Female,0,No,No,50,Yes,Yes,DSL,No,Yes,No,No,No,No,Two year,Yes,Bank transfer (automatic),52.79,2669.29,No
CUST-04353,Female,0,No,Yes,29,Yes,No,Fiber optic,No,No,Yes,No,No,No,Month-to-month,Yes,Credit card (automatic),90.26,2598.86,No
CUST-04354,Male,0,Yes,No,24,Yes,No,Fiber optic,Yes,Yes,Yes,No,No,No,Two year,No,Bank transfer (automatic),88.73,2102.49,No
CUST-04355,Male,0,No,Yes,9,Yes,No,No,No internet service,No internet service,No internet service,No internet service,No internet service,No internet service,Month-to-month,No,Electronic check,33.52,280.61,Yes
CUST-04356,Female,0,No,No,26,Yes,No,DSL,Yes,No,No,No,No,No,Month-to-month,No,Electronic check,68.34,1806.84,Yes
CUST-04357,Female,0,No,No,4,Yes,Yes,DSL,No,Yes,No,No,No,Yes,Month-to-month,Yes,Mailed check,59.07,196.86,No
CUST-04358,Male,0,Yes,Yes,5,No,No phone service,Fiber optic,No,Yes,No,No,Yes,Yes,Month-to-month,Yes,Credit card (automatic),101.08,501.16,Yes
CUST-04359,Female,1,Yes,No,43,Yes,No,Fiber optic,Yes,Yes,Yes,Yes,No,Yes,One year,Yes,Electronic check,101.51,4390.75,No
CUST-04360,Female,0,Yes,No,4,No,No phone service,Fiber optic,No,No,No,No,Yes,No,One year,Yes,Bank transfer (automatic),86.15,361.64,Yes
CUST-04361,Male,0,Yes,No,0,Yes,Yes,Fiber optic,No,Yes,No,Yes,No,No,Month-to-month,Yes,Bank transfer (automatic),79.95,0.0,No
CUST-04362,Female,0,No,No,22,Yes,Yes,Fiber optic,Yes,No,Yes,Yes,No,Yes,Month-to-month,Yes,Electronic check,88.93,1896.54,No
CUST-04363,Male,0,Yes,No,0,Yes,No,DSL,Yes,No,No,Yes,Yes,No,Month-to-month,No,Electronic check,64.76,0.0,No
CUST-04364,Female,0,Yes,Yes,42,Yes,No,Fiber optic,Yes,No,Yes,No,Yes,Yes,Two year,Yes,Bank transfer (automatic),90.27,3761.36,No
CUST-04365,Female,0,Yes,No,45,Yes,Yes,Fiber optic,No,No,No,No,Yes,No,Two year,No,Credit card (automatic),86.89,3892.05,No
CUST-04366,Female,0,Yes,Yes,43,Yes,No,No,No internet service,No internet service,No internet service,No internet service,No internet service,No internet service,One year,Yes,Credit card (automatic),30.05,1229.43,No
CUST-04367,Male,0,Yes,No,61,Yes,No,Fiber optic,Yes,Yes,No,Yes,Yes,Yes,Two year,No,Bank transfer (automatic),87.89,5400.77,No
CUST-04368,Male,0,Yes,No,37,Yes,Yes,No,No internet service,No internet service,No internet service,No internet service,No internet service,No internet service,Month-to-month,Yes,Bank transfer (automatic),25.0,947.27,No
CUST-04369,Female,0,No,No,8,Yes,Yes,No,No internet service,No internet service,No internet service,No internet service,No internet service,No internet service,Month-to-month,Yes,Electronic check,36.1,262.23,Yes
CUST-04370,Female,0,Yes,No,29,Yes,No,Fiber optic,No,No,No,No,No,Yes,Month-to-month,No,Mailed check,81.48,2378.94,No
CUST-04371,Female,0,No,No,63,Yes,No,Fiber optic,No,No,No,No,No,No,Two year,Yes,Bank transfer (automatic),74.39,4718.22,No
CUST-04372,Male,0,No,No,19,Yes,Yes,DSL,No,Yes,Yes,Yes,No,Yes,Month-to-month,Yes,Electronic check,59.93,1189.05,No
CUST-04373,Male,0,No,No,59,Yes,No,DSL,No,Yes,No,No,Yes,Yes,Two year,No,Electronic check,67.21,3987.51,No
CUST-04374,Female,0,No,No,4,Yes,No,Fiber optic,Yes,No,No,No,No,Yes,Month-to-month,No,Bank transfer (automatic),83.91,317.02,Yes
CUST-04375,Male,0,Yes,Yes,13,Yes,No,DSL,Yes,No,No,Yes,No,Yes,Month-to-month,No,Credit card (automatic),54.36,663.97,Yes
CUST-04376,Female,0,No,No,13,Yes,Yes,Fiber optic,No,No,No,No,Yes,No,Month-to-month,Yes,Credit card (automatic),82.37,1157.32,Yes
CUST-04377,Male,0,No,No,17,Yes,Yes,DSL,Yes,Yes,No,No,No,No,One year,No,Electronic check,63.42,1064.65,No
CUST-04378,Male,0,No,Yes,12,Yes,Yes,DSL,No,No,Yes,No,No,No,Month-to-month,Yes,Electronic check,52.96,634.89,No
CUST-04379,Male,1,Yes,No,72,Yes,No,Fiber optic,No,No,No,No,No,Yes,Two year,Yes,Mailed check,90.41,6526.5,No
CUST-04380,Female,1,No,No,59,Yes,No,No,No internet service,No internet service,No internet service,No internet service,No internet service,No internet service,One year,No,Credit card (automatic),32.97,1981.09,No
CUST-04381,Female,0,Yes,No,26,Yes,Yes,Fiber optic,Yes,No,Yes,No,No,No,Month-to-month,Yes,Bank transfer (automatic),88.16,2285.81,Yes
CUST-04382,Male,0,No,No,20,Yes,No,Fiber optic,Yes,No,No,No,Yes,No,One year,Yes,Electronic check,81.56,1670.59,No
CUST-04383,Male,0,Yes,No,25,Yes,Yes,Fiber optic,No,No,Yes,No,Yes,No,Month-to-month,No,Electronic check,80.05,2104.72,Yes
CUST-04384,Female,0,Yes,No,60,Yes,No,No,No internet service,No internet service,No internet service,No internet service,No internet service,No internet service,Two year,Yes,Bank transfer (automatic),34.81,2078.93,No
CUST-04385,Male,0,No,No,9,Yes,No,DSL,No,No,No,No,Yes,Yes,Month-to-month,No,Mailed check,64.03,600.63,Yes
CUST-04386,Female,0,No,Yes,22,Yes,Yes,No,No internet service,No internet service,No internet service,No internet service,No internet service,No internet service,One year,Yes,Electronic check,30.01,625.22,No
CUST-04387,Male,0,No,No,2,Yes,Yes,Fiber optic,Yes,Yes,Yes,No,No,No,Month-to-month,Yes,Mailed check,91.67,169.94,No
CUST-04388,Male,0,No,No,4,Yes,Yes,Fiber optic,No,Yes,No,No,No,No,Month-to-month,No,Electronic check,88.85,326.03,Yes
CUST-04389,Male,0,No,No,10,Yes,Yes,No,No internet service,No internet service,No internet service,No internet service,No internet service,No internet service,One year,No,Credit card (automatic),24.58,206.05,No
CUST-04390,Female,0,Yes,No,14,Yes,No,No,No internet service,No internet service,No internet service,No internet service,No internet service,No internet service,Month-to-month,Yes,Electronic check,33.84,434.47,Yes
CUST-04391,Male,0,No,Yes,13,Yes,Yes,Fiber optic,Yes,No,No,No,No,No,One year,Yes,Electronic check,82.7,1131.75,No
CUST-04392,Female,1,Yes,No,6,Yes,No,Fiber optic,Yes,No,No,No,No,Yes,Month-to-month,Yes,Electronic check,88.73,602.71,No
CUST-04393,Male,0,Yes,No,2,Yes,No,Fiber optic,No,No,Yes,No,No,No,Month-to-month,No,Electronic check,94.09,241.57,Yes
CUST-04394,Male,0,No,Yes,1,Yes,Yes,DSL,No,No,No,No,Yes,No,Month-to-month,Yes,Credit card (automatic),61.41,58.64,No
CUST-04395,Female,0,Yes,No,5,Yes,Yes,Fiber optic,Yes,Yes,No,No,Yes,Yes,One year,Yes,Credit card (automatic),87.95,475.17,No
CUST-04396,Female,0,No,No,16,Yes,Yes,Fiber optic,Yes,Yes,No,No,Yes,No,Month-to-month,No,Mailed check,92.61,1428.77,No
CUST-04397,Male,0,Yes,Yes,11,Yes,No,Fiber optic,No,Yes,Yes,No,Yes,No,Month-to-month,Yes,Credit card (automatic),87.4,854.45,Yes
CUST-04398,Male,0,Yes,No,14,Yes,No,DSL,Yes,No,Yes,No,Yes,Yes,Month-to-month,No,Electronic check,65.03,898.87,No
CUST-04399,Male,1,Yes,No,14,Yes,Yes,Fiber optic,No,No,Yes,No,No,No,Month-to-month,Yes,Credit card (automatic),89.23,1258.72,Yes
CUST-04400,Female,0,No,No,44,Yes,Yes,DSL,No,Yes,No,Yes,No,Yes,One year,No,Bank transfer (automatic),52.48,2299.82,No
CUST-04401,Male,0,No,Yes,45,No,No phone service,Fiber optic,Yes,No,No,No,No,Yes,Two year,No,Electronic check,84.31,3803.97,No
CUST-04402,Male,0,Yes,Yes,23,Yes,Yes,Fiber optic,Yes,No,Yes,No,No,No,One year,Yes,Credit card (automatic),85.01,1959.54,No
CUST-04403,Male,1,Yes,No,19,Yes,Yes,DSL,Yes,No,No,Yes,No,No,Month-to-month,No,Electronic check,63.93,1197.6,Yes
CUST-04404,Female,0,Yes,No,16,Yes,Yes,No,No internet service,No internet service,No internet service,No internet service,No internet service,No internet service,Month-to-month,Yes,Mailed check,19.68,298.81,Yes
CUST-04405,Male,1,Yes,Yes,39,Yes,Yes,Fiber optic,No,Yes,Yes,No,No,Yes,One year,Yes,Bank transfer (automatic),83.19,3260.81,No
CUST-04406,Female,0,No,No,13,Yes,No,DSL,No,Yes,Yes,Yes,Yes,No,One year,No,Bank transfer (automatic),65.92,930.02,No
CUST-04407,Male,0,No,Yes,21,Yes,No,DSL,No,Yes,No,No,No,No,Month-to-month,No,Electronic check,64.54,1341.29,Yes
CUST-04408,Male,0,Yes,No,46,Yes,Yes,DSL,Yes,Yes,No,No,Yes,Yes,One year,No,Electronic check,66.71,3122.38,No
CUST-04409,Male,0,Yes,No,13,No,No phone service,No,No internet service,No internet service,No internet service,No internet service,No internet service,No internet service,Month-to-month,Yes,Bank transfer (automatic),43.36,538.5,Yes
CUST-04410,Male,0,No,Yes,5,Yes,No,DSL,Yes,No,No,No,No,Yes,Month-to-month,No,Bank transfer (automatic),59.02,267.85,Yes
CUST-04411,Male,1,Yes,No,41,Yes,Yes,Fiber optic,No,Yes,No,Yes,Yes,Yes,Month-to-month,Yes,Mailed check,94.44,3908.7,Yes
CUST-04412,Female,0,Yes,No,10,Yes,No,Fiber optic,Yes,Yes,No,No,No,Yes,Month-to-month,No,Bank transfer (automatic),85.0,915.2,Yes
CUST-04413,Male,0,No,No,2,Yes,No,DSL,No,Yes,Yes,No,No,Yes,Month-to-month,Yes,Electronic check,70.88,103.58,No
CUST-04414,Female,1,Yes,No,11,Yes,No,Fiber optic,No,Yes,No,No,No,Yes,Month-to-month,Yes,Mailed check,85.68,867.39,No
CUST-04415,Male,1,Yes,Yes,14,No,No phone service,DSL,Yes,No,Yes,No,No,Yes,Month-to-month,No,Electronic check,66.1,911.44,Yes
CUST-04416,Male,1,Yes,Yes,7,Yes,No,No,No internet service,No internet service,No internet service,No internet service,No internet service,No internet service,Month-to-month,Yes,Credit card (automatic),18.0,178.51,No
CUST-04417,Male,1,No,No,8,Yes,Yes,No,No internet service,No internet service,No internet service,No internet service,No internet service,No internet service,Month-to-month,Yes,Credit card (automatic),39.02,328.54,Yes
CUST-04418,Male,0,Yes,No,4,Yes,No,No,No internet service,No internet service,No internet service,No internet service,No internet service,No internet service,Month-to-month,No,Electronic check,32.73,64.71,No
CUST-04419,Female,1,No,Yes,36,Yes,No,DSL,No,No,No,No,Yes,No,Two year,No,Bank transfer (automatic),59.26,2110.14,No
CUST-04420,Male,0,Yes,No,5,Yes,No,Fiber optic,No,No,Yes,No,Yes,No,One year,Yes,Electronic check,85.98,441.36,Yes
CUST-04421,Female,0,Yes,Yes,10,Yes,Yes,Fiber optic,Yes,Yes,Yes,No,No,Yes,Month-to-month,No,Credit card (automatic),93.88,984.86,No
CUST-04422,Female,0,No,Yes,1,Yes,No,No,No internet service,No internet service,No internet service,No internet service,No internet service,No internet service,Month-to-month,No,Mailed check,40.32,29.88,No
CUST-04423,Female,0,Yes,No,4,Yes,No,Fiber optic,No,No,Yes,No,Yes,Yes,Month-to-month,No,Electronic check,86.75,374.27,No
CUST-04424,Male,0,Yes,No,18,No,No phone service,Fiber optic,No,Yes,No,No,No,No,Month-to-month,Yes,Mailed check,86.62,1589.88,Yes
CUST-04425,Male,1,Yes,No,16,Yes,No,Fiber optic,No,No,No,No,No,No,Month-to-month,No,Electronic check,77.38,1243.93,No
CUST-04426,Female,0,No,Yes,4,Yes,No,No,No internet service,No internet service,No internet service,No internet service,No internet service,No internet service,Month-to-month,Yes,Mailed check,33.91,127.67,Yes
CUST-04427,Male,0,Yes,No,4,Yes,No,Fiber optic,No,No,No,Yes,No,Yes,Month-to-month,No,Credit card (automatic),94.31,406.06,No
CUST-04428,Male,0,No,Yes,28,Yes,Yes,DSL,No,Yes,No,No,Yes,Yes,One year,Yes,Credit card (automatic),57.36,1590.42,Yes
CUST-04429,Female,0,Yes,No,0,Yes,No,No,No internet service,No internet service,No internet service,No internet service,No internet service,No internet service,Month-to-month,No,Bank transfer (automatic),26.11,0.0,No
CUST-04430,Female,0,Yes,No,38,No,No phone service,Fiber optic,No,No,No,Yes,No,Yes,Month-to-month,Yes,Bank transfer (automatic),94.82,3545.33,No
CUST-04431,Female,0,Yes,No,29,Yes,No,DSL,Yes,Yes,No,Yes,Yes,No,Month-to-month,No,Mailed check,66.35,1827.36,Yes
CUST-04432,Male,0,Yes,No,71,Yes,No,Fiber optic,Yes,No,No,Yes,No,No,Two year,Yes,Electronic check,78.2,5498.24,No
CUST-04433,Female,0,No,No,38,Yes,Yes,DSL,Yes,Yes,No,No,No,No,One year,Yes,Electronic check,66.61,2529.94,Yes
CUST-04434,Male,0,Yes,Yes,22,Yes,No,Fiber optic,No,No,Yes,Yes,No,Yes,One year,Yes,Bank transfer (automatic),87.27,1971.63,Yes
CUST-04435,Female,0,No,Yes,42,Yes,No,Fiber optic,Yes,Yes,No,No,Yes,Yes,Two year,Yes,Bank transfer (automatic),85.49,3607.26,No
CUST-04436,Female,0,Yes,No,6,Yes,Yes,No,No internet service,No internet service,No internet service,No internet service,No internet service,No internet service,Month-to-month,No,Electronic check,32.18,244.65,No
CUST-04437,Female,0,No,Yes,7,Yes,Yes,DSL,Yes,Yes,Yes,No,Yes,No,Month-to-month,Yes,Bank transfer (automatic),78.84,544.09,No
CUST-04438,Female,0,Yes,Yes,11,Yes,No,Fiber optic,No,Yes,Yes,No,Yes,No,One year,Yes,Electronic check,90.2,1005.38,Yes
CUST-04439,Male,0,No,Yes,20,Yes,No,DSL,Yes,Yes,No,No,Yes,No,Month-to-month,Yes,Electronic check,61.41,1208.41,Yes
CUST-04440,Male,0,Yes,No,18,Yes,Yes,DSL,No,No,No,No,No,Yes,One year,Yes,Bank transfer (automatic),47.78,774.83,No
CUST-04441,Male,0,No,No,64,Yes,No,Fiber optic,No,Yes,No,No,Yes,No,Month-to-month,Yes,Mailed check,79.04,5009.25,No
CUST-04442,Male,0,No,No,15,Yes,Yes,Fiber optic,No,Yes,No,No,No,No,Month-to-month,Yes,Bank transfer (automatic),71.82,1053.38,No
CUST-04443,Female,0,No,No,18,Yes,Yes,No,No internet service,No internet service,No internet service,No internet service,No internet service,No internet service,Month-to-month,Yes,Electronic check,22.7,419.66,Yes
CUST-04444,Male,0,Yes,No,1,Yes,No,Fiber optic,No,Yes,No,Yes,Yes,Yes,Month-to-month,No,Bank transfer (automatic),87.26,28.75,Yes
CUST-04445,Female,0,No,Yes,20,Yes,Yes,DSL,No,Yes,No,No,No,No,One year,No,Credit card (automatic),52.47,1063.71,No
CUST-04446,Male,0,Yes,No,30,Yes,No,Fiber optic,No,No,Yes,Yes,No,No,Month-to-month,No,Electronic check,85.4,2578.05,No
CUST-04447,Male,1,Yes,No,2,Yes,Yes,Fiber optic,Yes,Yes,No,No,Yes,No,Month-to-month,Yes,Electronic check,92.12,124.82,Yes
CUST-04448,Male,0,No,No,12,Yes,Yes,Fiber optic,No,No,Yes,No,Yes,No,Month-to-month,No,Mailed check,80.4,991.97,Yes
CUST-04449,Female,0,No,No,63,Yes,No,DSL,No,No,No,No,Yes,No,Two year,No,Mailed check,56.76,3568.04,No
CUST-04450,Female,1,Yes,No,52,Yes,Yes,No,No internet service,No internet service,No internet service,No internet service,No internet service,No internet service,One year,Yes,Bank transfer (automatic),34.72,1748.16,No
CUST-04451,Female,0,No,Yes,31,Yes,No,No,No internet service,No internet service,No internet service,No internet service,No internet service,No internet service,One year,Yes,Electronic check,34.04,1054.25,No
CUST-04452,Male,0,No,No,13,Yes,No,Fiber optic,No,No,No,No,Yes,No,Month-to-month,Yes,Bank transfer (automatic),87.23,1086.5,No
CUST-04453,Male,1,Yes,No,10,Yes,No,DSL,No,No,No,No,Yes,No,Month-to-month,Yes,Mailed check,68.63,731.85,Yes
CUST-04454,Female,0,Yes,Yes,6,Yes,No,DSL,No,No,No,Yes,No,Yes,Month-to-month,Yes,Credit card (automatic),51.04,232.91,No
CUST-04455,Female,0,No,Yes,0,Yes,No,Fiber optic,No,Yes,Yes,No,No,No,Month-to-month,Yes,Mailed check,69.16,0.0,Yes
CUST-04456,Male,0,Yes,No,11,No,No phone service,DSL,Yes,Yes,No,No,No,No,Month-to-month,No,Credit card (automatic),63.21,760.18,No
CUST-04457,Female,0,Yes,No,62,Yes,No,Fiber optic,Yes,No,Yes,No,Yes,Yes,Two year,Yes,Mailed check,101.33,6338.64,No
CUST-04458,Male,0,Yes,No,31,Yes,Yes,Fiber optic,Yes,No,Yes,No,No,No,Month-to-month,Yes,Mailed check,77.93,2464.1,Yes
CUST-04459,Male,0,No,Yes,5,Yes,No,DSL,No,Yes,Yes,No,Yes,No,Month-to-month,No,Bank transfer (automatic),60.98,286.79,Yes
CUST-04460,Female,1,Yes,No,10,Yes,No,DSL,No,No,Yes,Yes,No,No,Month-to-month,Yes,Electronic check,60.23,600.56,Yes
CUST-04461,Male,0,Yes,Yes,8,Yes,Yes,DSL,No,Yes,No,No,Yes,No,Month-to-month,Yes,Mailed check,70.16,567.37,No
CUST-04462,Male,0,Yes,No,16,Yes,No,DSL,No,No,No,Yes,No,Yes,Month-to-month,Yes,Mailed check,63.0,957.47,Yes
CUST-04463,Female,0,Yes,Yes,22,Yes,Yes,Fiber optic,No,No,No,No,No,No,One year,Yes,Credit card (automatic),80.94,1811.33,Yes
CUST-04464,Female,0,No,Yes,70,Yes,No,No,No internet service,No internet service,No internet service,No internet service,No internet service,No internet service,Two year,Yes,Credit card (automatic),34.7,2454.61,No
CUST-04465,Male,0,No,No,36,Yes,Yes,DSL,No,No,No,No,No,Yes,One year,No,Mailed check,58.55,2121.32,No
CUST-04466,Male,0,No,Yes,54,Yes,Yes,Fiber optic,Yes,Yes,No,No,No,No,Two year,No,Electronic check,82.27,4378.68,No
CUST-04467,Female,0,No,No,3,Yes,No,DSL,Yes,Yes,Yes,No,Yes,Yes,Month-to-month,No,Bank transfer (automatic),74.33,253.31,No
CUST-04468,Female,1,Yes,Yes,28,Yes,No,Fiber optic,Yes,No,No,No,No,Yes,One year,Yes,Bank transfer (automatic),80.74,2276.95,No
CUST-04469,Female,0,No,No,45,Yes,No,DSL,No,No,No,Yes,No,Yes,Two year,Yes,Credit card (automatic),58.4,2594.57,Yes
CUST-04470,Female,0,No,Yes,11,Yes,No,DSL,No,Yes,Yes,No,Yes,Yes,Month-to-month,Yes,Electronic check,62.98,694.23,No
CUST-04471,Male,0,No,No,44,Yes,No,No,No internet service,No internet service,No internet service,No internet service,No internet service,No internet service,One year,Yes,Credit card (automatic),42.53,1933.78,No
CUST-04472,Female,0,No,Yes,54,Yes,No,No,No internet service,No internet service,No internet service,No internet service,No internet service,No internet service,Two year,Yes,Mailed check,18.39,1018.31,Yes
CUST-04473,Male,0,Yes,No,39,Yes,No,Fiber optic,No,No,No,Yes,No,No,One year,Yes,Electronic check,78.13,3099.18,No
CUST-04474,Male,0,No,Yes,20,Yes,Yes,DSL,No,No,Yes,Yes,No,No,Month-to-month,No,Electronic check,65.07,1369.77,Yes
CUST-04475,Female,0,Yes,No,9,Yes,No,Fiber optic,No,Yes,Yes,No,Yes,No,Month-to-month,No,Bank transfer (automatic),84.64,749.38,Yes
CUST-04476,Male,1,No,No,36,Yes,Yes,Fiber optic,Yes,Yes,No,No,No,Yes,One year,Yes,Electronic check,94.43,3386.31,No
CUST-04477,Female,0,Yes,Yes,61,Yes,No,Fiber optic,No,No,No,No,Yes,No,Two year,Yes,Electronic check,82.72,5047.01,No
CUST-04478,Male,1,No,Yes,10,Yes,No,No,No internet service,No internet service,No internet service,No internet service,No internet service,No internet service,Month-to-month,Yes,Credit card (automatic),26.58,180.31,Yes
CUST-04479,Female,1,No,Yes,5,Yes,No,Fiber optic,No,No,No,No,No,No,Month-to-month,No,Mailed check,85.7,466.63,Yes
CUST-04480,Female,0,No,Yes,8,Yes,No,No,No internet service,No internet service,No internet service,No internet service,No internet service,No internet service,Month-to-month,Yes,Electronic check,31.55,268.22,Yes
CUST-04481,Male,0,Yes,No,2,Yes,No,No,No internet service,No internet service,No internet service,No internet service,No internet service,No internet service,Month-to-month,Yes,Mailed check,22.69,14.55,Yes
CUST-04482,Male,1,No,No,39,Yes,Yes,No,No internet service,No internet service,No internet service,No internet service,No internet service,No internet service,One year,Yes,Mailed check,23.71,914.71,No
CUST-04483,Female,1,No,No,5,Yes,No,DSL,Yes,No,No,Yes,No,No,Month-to-month,No,Bank transfer (automatic),61.2,251.07,Yes
CUST-04484,Male,1,No,No,25,Yes,Yes,DSL,No,Yes,Yes,No,Yes,No,Month-to-month,No,Mailed check,62.01,1593.34,No
CUST-04485,Male,0,No,Yes,33,Yes,Yes,Fiber optic,No,No,Yes,No,No,No,One year,Yes,Electronic check,87.87,2900.02,No
CUST-04486,Male,0,No,Yes,10,Yes,Yes,Fiber optic,No,No,Yes,No,Yes,Yes,Month-to-month,Yes,Electronic check,90.18,924.17,Yes
CUST-04487,Female,1,No,Yes,52,Yes,No,DSL,No,No,Yes,No,Yes,No,One year,No,Bank transfer (automatic),65.19,3391.73,No
CUST-04488,Male,1,Yes,Yes,10,Yes,No,DSL,No,No,No,Yes,No,No,Month-to-month,No,Electronic check,60.19,669.32,Yes
CUST-04489,Female,0,Yes,No,12,Yes,No,DSL,Yes,Yes,No,No,No,Yes,Month-to-month,Yes,Credit card (automatic),58.9,664.84,No
CUST-04490,Male,1,No,Yes,51,Yes,Yes,DSL,No,No,Yes,Yes,Yes,No,Two year,Yes,Mailed check,74.45,3758.23,Yes
CUST-04491,Male,0,No,Yes,5,Yes,Yes,No,No internet service,No internet service,No internet service,No internet service,No internet service,No internet service,Month-to-month,Yes,Mailed check,29.63,96.52,No
CUST-04492,Male,1,Yes,Yes,5,Yes,Yes,No,No internet service,No internet service,No internet service,No internet service,No internet service,No internet service,Month-to-month,Yes,Bank transfer (automatic),21.27,140.07,Yes
CUST-04493,Female,0,Yes,No,51,Yes,Yes,DSL,No,No,No,Yes,No,Yes,Month-to-month,No,Electronic check,62.52,3108.66,No
CUST-04494,Male,1,Yes,Yes,32,Yes,No,DSL,Yes,No,No,No,Yes,Yes,One year,No,Credit card (automatic),57.1,1754.62,No
CUST-04495,Male,0,No,No,15,Yes,Yes,Fiber optic,No,No,No,No,No,Yes,Month-to-month,Yes,Bank transfer (automatic),86.85,1276.66,No
CUST-04496,Female,0,No,No,2,Yes,Yes,Fiber optic,No,No,No,No,No,No,Month-to-month,No,Credit card (automatic),89.99,217.91,No
CUST-04497,Male,0,No,No,4,Yes,No,Fiber optic,Yes,Yes,No,Yes,No,No,Month-to-month,Yes,Mailed check,90.46,393.62,Yes
CUST-04498,Male,0,Yes,No,53,Yes,No,Fiber optic,Yes,Yes,No,No,No,Yes,Two year,Yes,Mailed check,102.4,5382.31,Yes
CUST-04499,Male,0,Yes,No,25,Yes,No,Fiber optic,No,No,No,No,No,Yes,One year,No,Electronic check,76.17,1827.49,No
CUST-04500,Male,1,No,No,49,Yes,Yes,DSL,No,No,No,No,No,Yes,Two year,No,Electronic check,65.62,3283.89,No
CUST-04501,Female,0,Yes,No,33,Yes,No,Fiber optic,No,No,Yes,Yes,No,No,One year,Yes,Electronic check,85.19,2789.99,No
CUST-04502,Female,1,Yes,No,47,Yes,Yes,No,No internet service,No internet service,No internet service,No internet service,No internet service,No internet service,Two year,Yes,Mailed check,24.55,1187.89,No
CUST-04503,Female,0,Yes,No,35,Yes,No,No,No internet service,No internet service,No internet service,No internet service,No internet service,No internet service,Month-to-month,No,Bank transfer (automatic),37.23,1337.42,No
CUST-04504,Female,0,No,Yes,14,No,No phone service,Fiber optic,No,Yes,No,No,No,No,Month-to-month,Yes,Credit card (automatic),83.11,1120.94,Yes
CUST-04505,Male,0,No,No,55,Yes,Yes,Fiber optic,No,No,No,Yes,Yes,Yes,Two year,Yes,Credit card (automatic),89.56,4908.29,No
CUST-04506,Male,0,Yes,No,42,Yes,Yes,No,No internet service,No internet service,No internet service,No internet service,No internet service,No internet service,Two year,Yes,Mailed check,27.79,1200.19,No
CUST-04507,Male,0,Yes,No,64,Yes,Yes,Fiber optic,Yes,No,No,No,No,No,Two year,No,Electronic check,99.89,6384.89,No
CUST-04508,Female,0,No,No,69,Yes,Yes,Fiber optic,Yes,Yes,Yes,Yes,No,Yes,Two year,Yes,Mailed check,98.7,6752.27,No
CUST-04509,Male,1,Yes,No,10,Yes,Yes,DSL,Yes,Yes,Yes,Yes,No,No,One year,Yes,Credit card (automatic),75.05,746.47,Yes
CUST-04510,Female,0,Yes,No,16,Yes,Yes,Fiber optic,Yes,Yes,No,Yes,Yes,No,Month-to-month,Yes,Bank transfer (automatic),86.87,1371.08,Yes
CUST-04511,Male,1,Yes,No,28,Yes,Yes,Fiber optic,Yes,No,No,No,No,No,One year,No,Bank transfer (automatic),81.84,2330.07,No
CUST-04512,Female,0,Yes,No,2,Yes,Yes,Fiber optic,Yes,No,No,Yes,Yes,Yes,Month-to-month,No,Electronic check,87.72,204.92,Yes
CUST-04513,Male,0,No,No,36,Yes,Yes,DSL,No,No,No,No,Yes,Yes,One year,Yes,Electronic check,57.47,2027.9,No
CUST-04514,Female,0,No,Yes,25,Yes,Yes,Fiber optic,No,No,Yes,No,No,Yes,Two year,Yes,Credit card (automatic),80.7,2022.99,No
CUST-04515,Female,0,Yes,Yes,40,Yes,Yes,Fiber optic,No,Yes,No,Yes,No,No,One year,No,Mailed check,85.16,3334.56,No
CUST-04516,Female,0,No,No,21,Yes,No,DSL,No,No,Yes,No,No,Yes,Month-to-month,Yes,Electronic check,67.61,1381.65,No
CUST-04517,Male,0,Yes,Yes,47,Yes,Yes,Fiber optic,No,No,No,No,Yes,No,One year,Yes,Electronic check,84.89,4054.3,No
CUST-04518,Male,0,No,Yes,40,Yes,Yes,DSL,No,Yes,No,No,No,No,Two year,Yes,Bank transfer (automatic),45.79,1835.11,No
CUST-04519,Female,0,Yes,No,24,Yes,No,No,No internet service,No internet service,No internet service,No internet service,No internet service,No internet service,Month-to-month,Yes,Electronic check,36.62,934.63,No
CUST-04520,Male,0,Yes,No,0,Yes,Yes,Fiber optic,Yes,No,No,No,Yes,No,Month-to-month,Yes,Mailed check,77.47,0.0,No
CUST-04521,Female,0,No,Yes,3,Yes,Yes,Fiber optic,No,No,No,No,No,No,One year,Yes,Electronic check,89.26,293.11,No
CUST-04522,Female,0,No,Yes,44,Yes,No,No,No internet service,No internet service,No internet service,No internet service,No internet service,No internet service,Two year,Yes,Electronic check,27.44,1210.83,No
CUST-04523,Female,1,No,No,14,Yes,Yes,Fiber optic,No,No,Yes,No,No,No,One year,No,Mailed check,103.3,1365.78,Yes
CUST-04524,Female,0,No,No,34,Yes,No,Fiber optic,Yes,No,No,No,Yes,Yes,One year,Yes,Electronic check,99.61,3403.88,No
CUST-04525,Female,0,No,No,7,Yes,No,DSL,No,No,Yes,Yes,No,Yes,Month-to-month,No,Electronic check,66.45,515.92,Yes
CUST-04526,Male,0,No,Yes,14,Yes,No,No,No internet service,No internet service,No internet service,No internet service,No internet service,No internet service,Month-to-month,Yes,Electronic check,27.76,421.12,Yes
CUST-04527,Male,0,Yes,No,45,Yes,No,Fiber optic,No,No,Yes,No,Yes,No,Two year,Yes,Mailed check,95.9,4235.44,Yes
CUST-04528,Male,0,Yes,No,4,Yes,Yes,Fiber optic,Yes,Yes,Yes,Yes,No,No,Month-to-month,No,Electronic check,92.85,405.65,No
CUST-04529,Male,1,No,No,18,Yes,Yes,Fiber optic,No,No,No,No,Yes,No,Month-to-month,No,Electronic check,90.91,1630.96,Yes
CUST-04530,Female,0,No,No,7,Yes,Yes,Fiber optic,No,No,Yes,Yes,No,No,Month-to-month,Yes,Credit card (automatic),88.16,599.86,Yes
CUST-04531,Male,0,No,No,4,No,No phone service,Fiber optic,Yes,Yes,No,No,Yes,No,Month-to-month,Yes,Electronic check,85.43,328.02,Yes
CUST-04532,Male,0,Yes,No,7,Yes,No,Fiber optic,Yes,No,No,No,Yes,Yes,Month-to-month,Yes,Mailed check,91.59,642.73,Yes
CUST-04533,Female,0,Yes,No,39,Yes,No,Fiber optic,No,Yes,No,Yes,No,Yes,One year,No,Mailed check,84.75,3272.92,Yes
CUST-04534,Female,0,Yes,No,9,Yes,Yes,Fiber optic,No,No,No,Yes,Yes,Yes,Month-to-month,Yes,Mailed check,94.04,846.33,No
CUST-04535,Male,0,No,No,45,Yes,No,Fiber optic,Yes,No,No,No,No,Yes,One year,Yes,Electronic check,86.99,3940.44,No
CUST-04536,Female,1,Yes,No,2,Yes,Yes,Fiber optic,No,Yes,Yes,No,Yes,Yes,Month-to-month,No,Credit card (automatic),91.74,198.54,Yes
CUST-04537,Male,0,No,No,50,No,No phone service,No,No internet service,No internet service,No internet service,No internet service,No internet service,No internet service,Two year,Yes,Mailed check,23.91,1217.83,No
CUST-04538,Female,0,Yes,No,16,Yes,Yes,Fiber optic,No,No,Yes,No,No,No,Month-to-month,Yes,Electronic check,94.79,1575.76,Yes
CUST-04539,Female,0,Yes,No,19,No,No phone service,Fiber optic,Yes,No,No,No,No,Yes,Month-to-month,No,Electronic check,80.44,1529.17,Yes
CUST-04540,Female,0,No,No,6,Yes,No,Fiber optic,No,No,Yes,No,No,No,Month-to-month,Yes,Bank transfer (automatic),86.4,542.06,Yes
CUST-04541,Female,0,Yes,No,53,Yes,No,DSL,No,Yes,No,No,No,No,Two year,Yes,Electronic check,50.43,2653.59,No
CUST-04542,Female,0,No,No,27,Yes,No,Fiber optic,Yes,No,No,No,No,No,One year,Yes,Mailed check,87.16,2368.24,No
CUST-04543,Female,1,Yes,Yes,7,Yes,No,Fiber optic,Yes,Yes,No,Yes,No,No,One year,Yes,Electronic check,90.49,648.19,Yes
CUST-04544,Female,0,No,Yes,8,Yes,No,DSL,Yes,Yes,No,No,Yes,No,Month-to-month,Yes,Electronic check,63.02,467.11,No
CUST-04545,Male,1,No,No,17,Yes,No,Fiber optic,Yes,Yes,No,Yes,No,Yes,Month-to-month,No,Mailed check,92.48,1552.57,No
CUST-04546,Female,0,No,Yes,44,Yes,Yes,Fiber optic,No,No,No,No,Yes,No,Two year,No,Bank transfer (automatic),71.99,3126.76,No
CUST-04547,Female,0,Yes,No,0,No,No phone service,Fiber optic,Yes,No,Yes,Yes,No,No,Month-to-month,No,Electronic check,91.61,0.0,Yes
CUST-04548,Female,1,Yes,Yes,39,Yes,No,DSL,No,Yes,Yes,Yes,No,Yes,One year,Yes,Bank transfer (automatic),69.65,2713.89,No
CUST-04549,Female,0,No,No,51,Yes,Yes,Fiber optic,No,Yes,No,No,No,No,Two year,Yes,Electronic check,78.07,4024.41,No
CUST-04550,Female,0,No,No,17,Yes,Yes,Fiber optic,Yes,Yes,No,Yes,Yes,Yes,One year,No,Electronic check,94.87,1642.06,Yes
CUST-04551,Male,0,No,No,10,Yes,Yes,Fiber optic,No,No,No,No,No,No,Month-to-month,Yes,Credit card (automatic),83.71,847.55,Yes
CUST-04552,Male,0,No,No,11,Yes,Yes,Fiber optic,Yes,Yes,Yes,No,No,No,Month-to-month,Yes,Mailed check,91.82,1040.25,Yes
CUST-04553,Male,1,No,No,5,Yes,No,DSL,No,No,Yes,No,Yes,Yes,Month-to-month,Yes,Credit card (automatic),65.89,351.54,Yes
CUST-04554,Female,0,No,Yes,52,Yes,No,DSL,Yes,No,No,No,No,No,Two year,Yes,Electronic check,53.24,2807.49,No
CUST-04555,Female,1,No,No,32,Yes,Yes,Fiber optic,No,No,Yes,Yes,Yes,Yes,Two year,Yes,Mailed check,99.76,3233.84,Yes
CUST-04556,Male,0,No,Yes,12,Yes,No,DSL,No,Yes,No,No,No,Yes,Month-to-month,No,Bank transfer (automatic),62.0,823.4,Yes
CUST-04557,Male,0,No,No,34,No,No phone service,DSL,No,No,Yes,Yes,No,No,Two year,Yes,Bank transfer (automatic),48.34,1679.49,No
CUST-04558,Female,0,No,No,20,Yes,No,No,No internet service,No internet service,No internet service,No internet service,No internet service,No internet service,Month-to-month,Yes,Credit card (automatic),25.29,463.67,No
CUST-04559,Female,0,No,No,8,Yes,No,DSL,No,No,Yes,No,No,Yes,Month-to-month,No,Electronic check,63.91,566.82,Yes
CUST-04560,Female,1,Yes,No,35,No,No phone service,Fiber optic,No,Yes,No,No,No,Yes,Month-to-month,Yes,Bank transfer (automatic),100.24,3486.21,Yes
CUST-04561,Male,0,Yes,No,29,Yes,Yes,Fiber optic,No,Yes,No,No,No,Yes,Two year,No,Bank transfer (automatic),88.25,2636.51,No
CUST-04562,Male,0,No,Yes,1,No,No phone service,DSL,No,Yes,No,No,Yes,No,Month-to-month,Yes,Bank transfer (automatic),52.3,42.03,No
CUST-04563,Male,0,No,No,0,No,No phone service,DSL,No,No,No,No,No,Yes,Month-to-month,No,Electronic check,47.43,0.0,No
CUST-04564,Male,0,Yes,Yes,5,Yes,Yes,DSL,No,No,No,No,No,Yes,Month-to-month,No,Credit card (automatic),57.98,250.62,No
CUST-04565,Female,1,No,No,47,Yes,No,DSL,No,No,No,No,No,No,Month-to-month,No,Bank transfer (automatic),56.98,2742.41,No
CUST-04566,Male,0,No,No,23,Yes,Yes,Fiber optic,No,No,No,Yes,Yes,No,Month-to-month,Yes,Electronic check,89.18,2125.01,No
CUST-04567,Female,0,No,No,0,Yes,No,Fiber optic,No,No,No,Yes,No,Yes,Month-to-month,No,Bank transfer (automatic),80.32,0.0,Yes
CUST-04568,Female,0,No,No,40,Yes,No,Fiber optic,No,Yes,No,No,No,No,Two year,Yes,Electronic check,85.87,3497.16,No
CUST-04569,Male,0,Yes,Yes,52,Yes,Yes,Fiber optic,No,No,Yes,No,Yes,No,Two year,Yes,Electronic check,86.46,4512.93,Yes
CUST-04570,Male,1,Yes,Yes,0,Yes,No,DSL,No,Yes,No,Yes,Yes,No,Month-to-month,Yes,Electronic check,59.86,0.0,Yes
CUST-04571,Female,0,Yes,No,72,Yes,No,No,No internet service,No internet service,No internet service,No internet service,No internet service,No internet service,Two year,No,Bank transfer (automatic),37.53,2717.87,No
CUST-04572,Male,0,No,Yes,50,Yes,Yes,DSL,No,Yes,Yes,No,No,No,Two year,Yes,Mailed check,65.16,3221.39,Yes
CUST-04573,Male,0,Yes,No,53,Yes,No,DSL,Yes,No,No,Yes,No,No,Two year,No,Bank transfer (automatic),59.21,3136.49,No
CUST-04574,Female,0,No,No,1,Yes,Yes,Fiber optic,No,No,No,No,Yes,Yes,Month-to-month,No,Credit card (automatic),78.91,124.33,No
CUST-04575,Female,1,No,No,48,Yes,Yes,No,No internet service,No internet service,No internet service,No internet service,No internet service,No internet service,Two year,Yes,Credit card (automatic),33.93,1703.81,No
CUST-04576,Female,0,No,No,19,Yes,No,Fiber optic,No,Yes,No,No,No,Yes,One year,Yes,Credit card (automatic),82.9,1567.92,Yes
CUST-04577,Male,0,No,No,13,Yes,No,DSL,No,No,Yes,Yes,No,Yes,Month-to-month,Yes,Electronic check,66.48,857.97,Yes
CUST-04578,Male,0,No,No,36,Yes,Yes,DSL,No,Yes,No,Yes,No,No,One year,Yes,Bank transfer (automatic),62.44,2318.44,No
CUST-04579,Male,1,No,No,5,Yes,No,Fiber optic,Yes,Yes,No,No,No,No,Month-to-month,Yes,Mailed check,83.83,418.38,Yes
CUST-04580,Male,1,Yes,No,40,Yes,No,No,No internet service,No internet service,No internet service,No internet service,No internet service,No internet service,One year,Yes,Electronic check,30.82,1206.0,No
CUST-04581,Male,0,Yes,No,40,Yes,No,DSL,Yes,Yes,No,No,No,Yes,One year,Yes,Bank transfer (automatic),68.35,2787.0,No
CUST-04582,Female,0,No,Yes,2,Yes,Yes,DSL,Yes,No,No,Yes,Yes,No,Month-to-month,Yes,Credit card (automatic),53.05,112.43,No
CUST-04583,Male,0,Yes,No,5,Yes,No,DSL,No,Yes,Yes,No,Yes,No,Month-to-month,Yes,Bank transfer (automatic),64.53,343.73,Yes
CUST-04584,Female,0,No,No,36,Yes,No,DSL,No,No,No,Yes,No,Yes,Two year,Yes,Mailed check,70.02,2517.64,No
CUST-04585,Female,0,Yes,No,11,Yes,No,DSL,Yes,No,No,No,Yes,No,Month-to-month,Yes,Bank transfer (automatic),53.47,613.84,No
CUST-04586,Female,0,No,No,60,No,No phone service,Fiber optic,Yes,No,Yes,Yes,No,Yes,Two year,Yes,Electronic check,81.55,4851.65,No
CUST-04587,Male,1,Yes,No,49,Yes,No,DSL,Yes,No,No,No,No,No,One year,Yes,Bank transfer (automatic),76.7,3751.13,No
CUST-04588,Male,0,No,Yes,2,Yes,Yes,Fiber optic,Yes,No,Yes,No,No,No,Month-to-month,No,Electronic check,73.05,152.42,Yes
CUST-04589,Female,0,Yes,Yes,8,Yes,No,Fiber optic,Yes,Yes,No,No,No,Yes,Month-to-month,Yes,Electronic check,89.03,694.47,Yes
CUST-04590,Male,0,No,No,72,Yes,Yes,Fiber optic,Yes,No,No,No,Yes,Yes,Two year,No,Electronic check,96.64,6990.92,No
CUST-04591,Female,0,Yes,No,46,No,No phone service,No,No internet service,No internet service,No internet service,No internet service,No internet service,No internet service,Two year,Yes,Credit card (automatic),36.07,1732.67,No
CUST-04592,Male,0,No,No,31,No,No phone service,DSL,No,No,No,No,No,Yes,Month-to-month,No,Electronic check,59.3,1868.7,Yes
CUST-04593,Male,0,Yes,No,12,Yes,No,DSL,Yes,No,Yes,No,Yes,Yes,Month-to-month,Yes,Mailed check,74.0,886.29,No
CUST-04594,Female,1,No,No,5,Yes,Yes,Fiber optic,No,No,No,Yes,No,No,Month-to-month,No,Bank transfer (automatic),86.11,415.03,Yes
CUST-04595,Female,0,No,No,6,Yes,No,Fiber optic,No,No,Yes,No,Yes,Yes,One year,Yes,Mailed check,86.67,447.04,Yes
CUST-04596,Male,1,No,No,10,Yes,Yes,Fiber optic,Yes,No,Yes,Yes,Yes,No,Month-to-month,Yes,Electronic check,95.81,926.75,No
CUST-04597,Female,0,No,Yes,13,Yes,Yes,Fiber optic,Yes,No,No,No,Yes,Yes,Month-to-month,No,Electronic check,91.93,1182.33,No
CUST-04598,Male,0,No,No,10,Yes,No,DSL,Yes,No,No,No,No,Yes,Month-to-month,Yes,Electronic check,62.72,659.16,No
CUST-04599,Female,0,No,No,63,No,No phone service,Fiber optic,No,No,Yes,No,No,Yes,Two year,Yes,Electronic check,81.26,5092.21,No
CUST-04600,Female,1,Yes,Yes,2,Yes,No,No,No internet service,No internet service,No internet service,No internet service,No internet service,No internet service,Month-to-month,No,Credit card (automatic),31.53,87.76,Yes
CUST-04601,Female,0,No,No,40,Yes,Yes,Fiber optic,No,No,No,Yes,Yes,No,One year,Yes,Bank transfer (automatic),80.65,3277.81,No
CUST-04602,Female,0,Yes,Yes,14,Yes,No,Fiber optic,No,Yes,Yes,No,Yes,No,Month-to-month,Yes,Electronic check,88.52,1217.09,Yes
CUST-04603,Male,0,No,No,9,Yes,Yes,No,No internet service,No internet service,No internet service,No internet service,No internet service,No internet service,One year,Yes,Mailed check,31.55,297.3,Yes
CUST-04604,Female,0,Yes,No,38,Yes,Yes,Fiber optic,Yes,No,No,No,Yes,No,One year,Yes,Bank transfer (automatic),90.22,3479.77,No
CUST-04605,Male,0,Yes,Yes,66,Yes,No,DSL,No,No,No,Yes,No,Yes,Two year,No,Credit card (automatic),71.73,4736.46,No
CUST-04606,Male,0,No,No,29,Yes,No,Fiber optic,No,No,No,No,Yes,No,One year,Yes,Mailed check,81.4,2361.46,No
CUST-04607,Male,0,Yes,No,13,Yes,Yes,Fiber optic,No,No,No,Yes,Yes,No,Month-to-month,No,Bank transfer (automatic),93.33,1197.92,Yes
CUST-04608,Male,0,Yes,Yes,6,Yes,No,No,No internet service,No internet service,No internet service,No internet service,No internet service,No internet service,Month-to-month,Yes,Credit card (automatic),40.12,217.65,No
CUST-04609,Female,0,Yes,No,11,Yes,Yes,No,No internet service,No internet service,No internet service,No internet service,No internet service,No internet service,Month-to-month,Yes,Mailed check,41.86,411.86,Yes
CUST-04610,Male,0,No,No,44,No,No phone service,Fiber optic,No,Yes,No,Yes,Yes,No,Month-to-month,Yes,Mailed check,95.81,4191.72,No
CUST-04611,Male,0,Yes,No,47,Yes,No,Fiber optic,Yes,No,Yes,Yes,Yes,No,Two year,No,Bank transfer (automatic),83.63,3925.33,No
CUST-04612,Male,0,Yes,No,25,Yes,Yes,DSL,No,Yes,No,No,No,Yes,Month-to-month,Yes,Credit card (automatic),54.06,1366.36,No
CUST-04613,Female,1,No,Yes,43,Yes,Yes,Fiber optic,No,No,Yes,Yes,No,No,Two year,Yes,Mailed check,84.8,3694.24,No
CUST-04614,Female,0,No,No,7,Yes,Yes,DSL,No,No,Yes,No,No,No,Month-to-month,No,Credit card (automatic),58.32,357.84,No
CUST-04615,Female,0,Yes,No,58,Yes,No,No,No internet service,No internet service,No internet service,No internet service,No internet service,No internet service,Two year,No,Credit card (automatic),39.5,2245.14,Yes
CUST-04616,Male,1,No,Yes,71,Yes,Yes,DSL,No,No,No,No,No,No,Two year,No,Electronic check,57.16,4113.19,No
CUST-04617,Male,0,Yes,No,23,Yes,Yes,Fiber optic,No,No,No,Yes,Yes,No,One year,Yes,Bank transfer (automatic),82.45,1882.31,No
CUST-04618,Female,0,No,No,11,Yes,No,Fiber optic,Yes,Yes,Yes,No,Yes,Yes,Month-to-month,No,Credit card (automatic),101.88,1145.9,Yes
CUST-04619,Female,0,Yes,No,59,Yes,No,Fiber optic,No,No,Yes,No,No,Yes,Two year,No,Electronic check,84.12,5003.95,No
CUST-04620,Female,0,Yes,No,51,Yes,Yes,Fiber optic,Yes,Yes,Yes,No,Yes,Yes,Two year,Yes,Mailed check,100.62,5152.7,No
CUST-04621,Female,0,Yes,No,4,Yes,No,DSL,No,No,No,No,No,Yes,Month-to-month,Yes,Electronic check,55.33,222.31,No
CUST-04622,Female,0,No,No,27,Yes,No,Fiber optic,No,No,Yes,Yes,No,No,Two year,Yes,Bank transfer (automatic),92.48,2528.13,No
CUST-04623,Female,0,Yes,No,53,Yes,No,Fiber optic,Yes,No,No,No,Yes,Yes,Two year,Yes,Electronic check,91.12,4836.56,No
CUST-04624,Male,0,No,Yes,23,Yes,Yes,Fiber optic,Yes,No,No,No,Yes,Yes,Month-to-month,No,Credit card (automatic),87.74,2001.45,Yes
CUST-04625,Male,1,No,No,28,Yes,Yes,DSL,No,No,No,No,Yes,Yes,Month-to-month,Yes,Mailed check,54.44,1525.22,No
CUST-04626,Male,0,No,Yes,6,Yes,Yes,Fiber optic,No,No,No,No,Yes,Yes,Month-to-month,Yes,Mailed check,87.3,514.53,No
CUST-04627,Male,0,No,Yes,4,Yes,No,Fiber optic,No,Yes,No,No,No,No,Month-to-month,Yes,Electronic check,76.84,317.33,No
CUST-04628,Male,0,Yes,Yes,57,Yes,Yes,DSL,Yes,Yes,No,No,Yes,Yes,Two year,Yes,Bank transfer (automatic),67.23,3795.14,No
CUST-04629,Female,0,Yes,No,52,Yes,Yes,Fiber optic,Yes,Yes,No,No,No,Yes,Two year,No,Mailed check,95.15,4991.95,No
CUST-04630,Male,0,Yes,No,16,Yes,Yes,No,No internet service,No internet service,No internet service,No internet service,No internet service,No internet service,Month-to-month,No,Credit card (automatic),31.42,501.17,No
CUST-04631,Male,0,No,No,9,Yes,Yes,DSL,No,No,No,Yes,No,No,One year,Yes,Bank transfer (automatic),57.23,477.73,No
CUST-04632,Male,1,Yes,No,13,Yes,Yes,DSL,No,Yes,Yes,No,No,Yes,Month-to-month,Yes,Electronic check,65.17,822.37,No
CUST-04633,Male,0,No,No,12,Yes,Yes,DSL,No,Yes,Yes,No,No,No,Month-to-month,No,Credit card (automatic),64.35,739.39,Yes
CUST-04634,Male,0,No,Yes,44,Yes,No,Fiber optic,No,Yes,No,No,Yes,No,One year,Yes,Credit card (automatic),83.35,3627.37,No
CUST-04635,Male,0,No,Yes,47,Yes,No,Fiber optic,No,No,Yes,No,No,Yes,One year,No,Electronic check,88.14,4206.68,No
CUST-04636,Female,0,No,Yes,24,Yes,No,Fiber optic,No,No,No,No,No,No,Month-to-month,No,Electronic check,73.7,1818.88,No
CUST-04637,Female,0,Yes,No,10,Yes,Yes,Fiber optic,No,No,No,Yes,Yes,Yes,Month-to-month,Yes,Mailed check,85.11,809.15,Yes
CUST-04638,Male,0,Yes,Yes,61,Yes,Yes,No,No internet service,No internet service,No internet service,No internet service,No internet service,No internet service,Two year,Yes,Bank transfer (automatic),29.51,1763.73,No
CUST-04639,Female,0,No,No,22,Yes,Yes,DSL,No,No,Yes,No,Yes,Yes,Month-to-month,Yes,Mailed check,54.46,1161.4,Yes
CUST-04640,Female,0,Yes,No,7,No,No phone service,Fiber optic,No,No,No,No,Yes,No,Month-to-month,Yes,Mailed check,85.7,619.72,No
CUST-04641,Female,0,No,No,52,Yes,Yes,No,No internet service,No internet service,No internet service,No internet service,No internet service,No internet service,Two year,Yes,Electronic check,31.89,1666.37,No
CUST-04642,Male,0,No,No,59,Yes,No,DSL,No,No,No,Yes,No,Yes,Two year,Yes,Mailed check,55.79,3307.4,No
CUST-04643,Female,0,Yes,No,59,Yes,No,DSL,Yes,No,No,No,No,Yes,One year,Yes,Credit card (automatic),62.04,3622.53,No
CUST-04644,Male,0,Yes,Yes,6,Yes,Yes,No,No internet service,No internet service,No internet service,No internet service,No internet service,No internet service,Month-to-month,Yes,Electronic check,19.88,73.07,Yes
CUST-04645,Male,0,Yes,No,30,Yes,Yes,Fiber optic,Yes,No,No,Yes,No,Yes,One year,Yes,Mailed check,92.21,2744.98,Yes
CUST-04646,Male,0,Yes,Yes,32,Yes,No,Fiber optic,Yes,No,Yes,No,No,Yes,One year,No,Electronic check,86.74,2806.18,No
CUST-04647,Female,0,No,No,14,Yes,No,DSL,No,No,No,No,Yes,No,Month-to-month,Yes,Mailed check,51.7,816.33,No
CUST-04648,Male,0,No,Yes,6,Yes,No,Fiber optic,No,No,No,No,No,Yes,Month-to-month,No,Electronic check,82.32,444.76,No
CUST-04649,Male,0,Yes,No,2,Yes,Yes,Fiber optic,Yes,No,No,No,No,Yes,Month-to-month,Yes,Credit card (automatic),79.85,209.54,Yes
CUST-04650,Male,0,No,No,6,Yes,Yes,Fiber optic,Yes,No,Yes,No,No,Yes,Month-to-month,No,Credit card (automatic),94.1,590.39,Yes
CUST-04651,Male,0,Yes,No,51,Yes,No,DSL,No,Yes,Yes,No,Yes,No,Two year,No,Mailed check,63.26,3190.85,No
CUST-04652,Female,0,No,No,34,Yes,No,DSL,No,Yes,No,Yes,No,No,One year,Yes,Mailed check,66.23,2271.0,No
CUST-04653,Male,0,No,Yes,7,Yes,No,No,No internet service,No internet service,No internet service,No internet service,No internet service,No internet service,Month-to-month,Yes,Electronic check,18.0,133.65,Yes
CUST-04654,Male,1,Yes,No,0,Yes,Yes,Fiber optic,No,Yes,No,No,Yes,No,Month-to-month,No,Electronic check,95.36,0.0,Yes
CUST-04655,Male,0,No,No,20,Yes,Yes,Fiber optic,No,No,No,No,Yes,No,Month-to-month,Yes,Electronic check,74.67,1523.29,Yes
CUST-04656,Male,1,No,Yes,2,No,No phone service,DSL,No,No,No,Yes,Yes,No,Month-to-month,Yes,Credit card (automatic),62.67,197.83,No
CUST-04657,Male,1,Yes,Yes,5,Yes,No,DSL,Yes,No,No,No,No,No,Month-to-month,Yes,Bank transfer (automatic),74.86,402.6,No
CUST-04658,Female,0,Yes,Yes,72,No,No phone service,No,No internet service,No internet service,No internet service,No internet service,No internet service,No internet service,Two year,Yes,Credit card (automatic),18.43,1332.8,No
CUST-04659,Male,0,No,Yes,68,Yes,Yes,Fiber optic,No,Yes,Yes,No,No,Yes,Two year,Yes,Electronic check,89.49,6063.17,No
CUST-04660,Male,0,Yes,No,66,Yes,Yes,Fiber optic,Yes,No,No,No,No,No,Two year,Yes,Bank transfer (automatic),78.16,5155.76,No
CUST-04661,Female,0,Yes,Yes,3,Yes,No,DSL,Yes,No,No,No,No,Yes,Month-to-month,No,Mailed check,56.45,180.95,Yes
CUST-04662,Female,0,Yes,No,44,Yes,No,Fiber optic,No,No,No,No,Yes,Yes,Two year,Yes,Mailed check,80.98,3551.93,No
CUST-04663,Male,0,No,Yes,19,Yes,No,Fiber optic,Yes,No,No,No,Yes,No,One year,No,Credit card (automatic),71.03,1382.13,Yes
CUST-04664,Male,0,Yes,No,2,Yes,No,DSL,No,No,No,No,Yes,Yes,Month-to-month,Yes,Electronic check,63.08,196.92,No
CUST-04665,Male,0,No,Yes,40,Yes,Yes,DSL,Yes,Yes,No,No,Yes,No,Month-to-month,No,Mailed check,62.6,2444.73,No
CUST-04666,Female,0,Yes,No,26,Yes,No,DSL,Yes,Yes,No,No,No,No,Month-to-month,No,Credit card (automatic),54.33,1390.08,Yes
CUST-04667,Male,0,Yes,No,10,Yes,Yes,No,No internet service,No internet service,No internet service,No internet service,No internet service,No internet service,Month-to-month,Yes,Electronic check,35.49,424.31,Yes
CUST-04668,Male,1,No,No,57,No,No phone service,No,No internet service,No internet service,No internet service,No internet service,No internet service,No internet service,Two year,No,Bank transfer (automatic),34.21,1954.79,No
CUST-04669,Female,0,Yes,No,41,Yes,Yes,DSL,No,No,No,Yes,No,Yes,One year,Yes,Credit card (automatic),60.02,2508.59,No
CUST-04670,Male,0,No,No,55,No,No phone service,No,No internet service,No internet service,No internet service,No internet service,No internet service,No internet service,Two year,No,Electronic check,31.2,1676.18,No
CUST-04671,Male,1,Yes,No,37,Yes,No,Fiber optic,No,No,No,No,Yes,No,One year,No,Electronic check,90.74,3375.51,Yes
CUST-04672,Female,0,No,No,16,Yes,Yes,No,No internet service,No internet service,No internet service,No internet service,No internet service,No internet service,Month-to-month,Yes,Credit card (automatic),27.75,433.83,No
CUST-04673,Male,0,Yes,No,1,Yes,Yes,Fiber optic,No,No,Yes,No,Yes,Yes,Month-to-month,No,Electronic check,92.17,91.06,Yes
CUST-04674,Female,0,No,Yes,0,Yes,Yes,DSL,No,No,No,No,Yes,No,Month-to-month,No,Bank transfer (automatic),58.93,0.0,No
CUST-04675,Female,0,Yes,Yes,51,Yes,Yes,No,No internet service,No internet service,No internet service,No internet service,No internet service,No internet service,Two year,No,Bank transfer (automatic),25.73,1377.7,No
CUST-04676,Male,1,No,Yes,10,Yes,No,No,No internet service,No internet service,No internet service,No internet service,No internet service,No internet service,Month-to-month,Yes,Credit card (automatic),26.72,248.01,Yes
CUST-04677,Female,0,Yes,No,8,No,No phone service,Fiber optic,No,No,No,No,Yes,No,Month-to-month,Yes,Bank transfer (automatic),80.37,688.64,Yes
CUST-04678,Female,0,Yes,Yes,41,No,No phone service,Fiber optic,No,No,No,Yes,Yes,Yes,Month-to-month,Yes,Mailed check,84.03,3448.02,No
CUST-04679,Female,0,No,Yes,43,Yes,Yes,Fiber optic,No,No,No,Yes,No,No,Two year,Yes,Electronic check,83.53,3663.37,Yes
CUST-04680,Male,0,Yes,No,15,Yes,No,DSL,Yes,No,No,No,Yes,No,Month-to-month,Yes,Bank transfer (automatic),63.06,971.45,Yes
CUST-04681,Male,0,Yes,No,0,Yes,No,No,No internet service,No internet service,No internet service,No internet service,No internet service,No internet service,Month-to-month,No,Bank transfer (automatic),33.42,0.0,No
CUST-04682,Male,0,No,No,15,Yes,No,No,No internet service,No internet service,No internet service,No internet service,No internet service,No internet service,One year,Yes,Electronic check,29.25,444.29,Yes
CUST-04683,Female,0,No,No,21,Yes,Yes,DSL,No,Yes,No,Yes,No,No,Month-to-month,No,Electronic check,66.58,1391.77,Yes
CUST-04684,Male,0,No,Yes,37,Yes,No,DSL,No,No,Yes,No,No,No,One year,No,Bank transfer (automatic),50.58,1896.89,No
CUST-04685,Female,0,No,No,17,Yes,No,DSL,No,No,No,Yes,No,No,One year,Yes,Credit card (automatic),63.84,1092.7,Yes
CUST-04686,Female,1,Yes,Yes,21,Yes,Yes,No,No internet service,No internet service,No internet service,No internet service,No internet service,No internet service,Month-to-month,Yes,Credit card (automatic),36.88,714.28,Yes
CUST-04687,Female,0,Yes,Yes,13,No,No phone service,Fiber optic,Yes,No,No,Yes,Yes,Yes,Month-to-month,No,Credit card (automatic),83.54,1072.9,No
CUST-04688,Male,0,No,No,15,Yes,Yes,Fiber optic,Yes,No,Yes,No,Yes,Yes,Month-to-month,No,Electronic check,84.97,1256.74,Yes
CUST-04689,Male,0,Yes,Yes,1,Yes,Yes,No,No internet service,No internet service,No internet service,No internet service,No internet service,No internet service,Month-to-month,No,Bank transfer (automatic),23.96,24.07,Yes
CUST-04690,Female,0,Yes,No,31,Yes,No,No,No internet service,No internet service,No internet service,No internet service,No internet service,No internet service,One year,Yes,Mailed check,30.87,970.04,No
CUST-04691,Male,0,Yes,No,4,Yes,No,No,No internet service,No internet service,No internet service,No internet service,No internet service,No internet service,Month-to-month,Yes,Mailed check,18.0,101.34,No
CUST-04692,Male,1,Yes,Yes,0,Yes,No,Fiber optic,Yes,Yes,Yes,Yes,Yes,No,Month-to-month,No,Electronic check,99.05,0.0,Yes
CUST-04693,Female,0,Yes,Yes,26,Yes,No,No,No internet service,No internet service,No internet service,No internet service,No internet service,No internet service,One year,No,Electronic check,31.35,718.95,No
CUST-04694,Female,1,Yes,Yes,52,Yes,No,DSL,No,Yes,No,No,Yes,No,One year,Yes,Electronic check,74.01,3870.17,No
CUST-04695,Female,1,No,Yes,40,Yes,No,DSL,No,No,No,No,No,Yes,Two year,Yes,Electronic check,69.36,2829.3,No
CUST-04696,Female,0,No,No,64,Yes,Yes,Fiber optic,Yes,Yes,No,Yes,No,Yes,Two year,Yes,Mailed check,89.47,5732.99,No
CUST-04697,Male,0,No,No,59,Yes,Yes,DSL,No,No,No,No,Yes,Yes,Month-to-month,No,Credit card (automatic),56.27,3295.91,No
CUST-04698,Male,0,Yes,Yes,2,Yes,Yes,DSL,No,Yes,No,Yes,Yes,No,Month-to-month,Yes,Credit card (automatic),69.27,104.14,No
CUST-04699,Male,0,Yes,Yes,30,Yes,No,DSL,No,No,No,No,Yes,Yes,One year,Yes,Credit card (automatic),67.58,2063.28,Yes
CUST-04700,Male,0,No,No,19,Yes,Yes,Fiber optic,No,No,No,Yes,Yes,No,One year,No,Bank transfer (automatic),90.21,1727.88,No
CUST-04701,Female,0,Yes,No,7,Yes,Yes,Fiber optic,Yes,Yes,No,No,No,Yes,Month-to-month,No,Bank transfer (automatic),82.17,552.87,No
CUST-04702,Male,1,Yes,No,46,Yes,No,No,No internet service,No internet service,No internet service,No internet service,No internet service,No internet service,Two year,Yes,Credit card (automatic),30.77,1422.37,No
CUST-04703,Female,0,No,Yes,3,Yes,No,Fiber optic,Yes,No,No,No,Yes,Yes,One year,No,Bank transfer (automatic),86.12,242.58,No
CUST-04704,Female,0,No,No,0,No,No phone service,Fiber optic,Yes,No,No,Yes,Yes,Yes,Month-to-month,Yes,Electronic check,84.61,0.0,Yes
CUST-04705,Female,0,Yes,Yes,31,Yes,No,No,No internet service,No internet service,No internet service,No internet service,No internet service,No internet service,One year,No,Bank transfer (automatic),29.69,922.01,No
CUST-04706,Male,0,No,No,29,Yes,Yes,No,No internet service,No internet service,No internet service,No internet service,No internet service,No internet service,Month-to-month,Yes,Electronic check,22.59,662.85,No
CUST-04707,Male,0,No,No,59,Yes,Yes,DSL,Yes,No,No,No,Yes,No,Two year,Yes,Credit card (automatic),73.67,4316.88,No
CUST-04708,Female,0,No,No,2,No,No phone service,Fiber optic,No,No,Yes,No,Yes,Yes,Month-to-month,Yes,Credit card (automatic),83.22,152.47,No
CUST-04709,Female,0,Yes,Yes,20,Yes,No,No,No internet service,No internet service,No internet service,No internet service,No internet service,No internet service,One year,Yes,Mailed check,18.0,428.77,No
CUST-04710,Male,1,No,No,19,Yes,No,No,No internet service,No internet service,No internet service,No internet service,No internet service,No internet service,One year,No,Electronic check,32.15,574.19,No
CUST-04711,Male,0,No,Yes,21,No,No phone service,DSL,No,Yes,Yes,Yes,Yes,Yes,Month-to-month,No,Mailed check,76.65,1618.36,No
CUST-04712,Female,1,Yes,No,35,Yes,Yes,Fiber optic,Yes,No,No,No,Yes,No,One year,Yes,Credit card (automatic),90.96,3207.46,Yes
CUST-04713,Female,0,No,Yes,15,Yes,Yes,Fiber optic,No,Yes,Yes,Yes,No,Yes,Month-to-month,Yes,Bank transfer (automatic),88.81,1308.77,Yes
CUST-04714,Male,0,No,No,2,Yes,No,DSL,Yes,Yes,No,No,No,Yes,Month-to-month,Yes,Electronic check,56.07,90.95,Yes
CUST-04715,Male,0,Yes,Yes,11,Yes,No,Fiber optic,No,No,No,No,Yes,No,Month-to-month,No,Electronic check,75.82,805.69,No
CUST-04716,Female,0,Yes,No,69,Yes,Yes,DSL,Yes,No,No,No,Yes,No,Two year,Yes,Bank transfer (automatic),56.43,3853.84,No
CUST-04717,Female,1,Yes,No,51,Yes,No,DSL,No,No,No,Yes,Yes,No,Two year,No,Mailed check,56.83,2955.92,No
CUST-04718,Female,0,No,No,26,Yes,No,DSL,Yes,No,No,No,No,Yes,Month-to-month,No,Electronic check,61.08,1570.6,Yes
CUST-04719,Male,0,Yes,Yes,65,Yes,Yes,DSL,Yes,No,Yes,No,No,Yes,Two year,No,Bank transfer (automatic),61.57,4001.73,No
CUST-04720,Male,0,No,No,22,Yes,Yes,DSL,No,No,No,No,Yes,Yes,Two year,Yes,Mailed check,60.42,1293.25,No
CUST-04721,Female,0,Yes,Yes,14,Yes,Yes,No,No internet service,No internet service,No internet service,No internet service,No internet service,No internet service,Month-to-month,Yes,Credit card (automatic),22.62,331.86,No
CUST-04722,Female,0,No,No,45,No,No phone service,DSL,No,No,No,No,No,Yes,Two year,Yes,Mailed check,56.36,2513.15,No
CUST-04723,Female,0,No,Yes,0,Yes,No,DSL,Yes,No,Yes,Yes,No,No,Month-to-month,No,Credit card (automatic),68.26,0.0,Yes
CUST-04724,Male,1,No,Yes,71,No,No phone service,Fiber optic,No,No,No,No,No,No,Two year,No,Bank transfer (automatic),74.26,5236.11,No
CUST-04725,Male,0,No,Yes,25,No,No phone service,Fiber optic,No,Yes,Yes,Yes,No,Yes,One year,Yes,Credit card (automatic),86.89,2236.77,No
CUST-04726,Male,0,Yes,Yes,46,Yes,No,Fiber optic,No,No,Yes,No,No,No,Two year,No,Bank transfer (automatic),82.59,3775.78,No
CUST-04727,Male,0,Yes,Yes,56,Yes,Yes,No,No internet service,No internet service,No internet service,No internet service,No internet service,No internet service,Month-to-month,Yes,Credit card (automatic),25.26,1427.34,No
CUST-04728,Female,0,No,No,15,Yes,No,Fiber optic,No,No,No,Yes,No,No,Month-to-month,Yes,Credit card (automatic),93.51,1416.48,No
CUST-04729,Male,1,Yes,Yes,72,Yes,No,Fiber optic,No,Yes,No,No,No,No,Two year,Yes,Electronic check,77.61,5622.93,No
CUST-04730,Female,0,No,No,29,Yes,No,Fiber optic,No,No,No,No,Yes,No,One year,No,Credit card (automatic),66.95,1883.56,No
CUST-04731,Female,0,No,No,53,Yes,Yes,Fiber optic,Yes,Yes,No,Yes,No,No,One year,Yes,Mailed check,96.47,5075.88,No
CUST-04732,Female,0,No,No,25,No,No phone service,Fiber optic,Yes,No,Yes,Yes,No,No,One year,Yes,Bank transfer (automatic),80.58,1999.7,Yes
CUST-04733,Female,1,Yes,No,30,Yes,No,Fiber optic,No,No,No,No,Yes,No,One year,Yes,Mailed check,82.71,2526.15,Yes
CUST-04734,Male,0,No,No,9,Yes,No,DSL,No,No,Yes,No,Yes,No,Month-to-month,Yes,Mailed check,61.86,548.92,Yes
CUST-04735,Female,1,Yes,No,4,Yes,No,Fiber optic,No,Yes,No,No,No,Yes,Month-to-month,No,Mailed check,97.54,457.75,No
CUST-04736,Male,0,No,No,0,Yes,No,Fiber optic,No,No,Yes,No,No,No,Month-to-month,Yes,Electronic check,80.19,0.0,Yes
CUST-04737,Male,1,No,No,13,Yes,Yes,DSL,Yes,No,No,No,No,Yes,Month-to-month,Yes,Mailed check,59.2,768.22,No
CUST-04738,Male,0,No,Yes,49,Yes,Yes,Fiber optic,No,No,No,No,No,No,Two year,No,Bank transfer (automatic),74.59,3740.18,No
CUST-04739,Male,0,No,No,27,No,No phone service,No,No internet service,No internet service,No internet service,No internet service,No internet service,No internet service,Month-to-month,No,Credit card (automatic),28.14,745.75,Yes
CUST-04740,Female,0,Yes,Yes,18,Yes,No,DSL,No,No,Yes,No,Yes,No,Month-to-month,Yes,Mailed check,69.02,1252.05,Yes
CUST-04741,Male,0,No,No,12,Yes,No,Fiber optic,No,Yes,No,Yes,Yes,Yes,Month-to-month,No,Credit card (automatic),88.15,1072.15,Yes
CUST-04742,Male,1,No,No,70,Yes,No,DSL,No,No,Yes,No,No,Yes,Two year,Yes,Electronic check,57.55,4084.12,No
CUST-04743,Male,1,Yes,Yes,6,Yes,Yes,Fiber optic,Yes,No,Yes,No,Yes,Yes,Month-to-month,Yes,Credit card (automatic),94.17,608.56,No
CUST-04744,Male,0,No,Yes,0,Yes,No,DSL,Yes,No,No,Yes,No,Yes,Month-to-month,Yes,Electronic check,65.84,0.0,Yes
CUST-04745,Female,1,No,No,46,Yes,Yes,No,No internet service,No internet service,No internet service,No internet service,No internet service,No internet service,Two year,No,Bank transfer (automatic),35.88,1627.26,No
CUST-04746,Male,0,No,Yes,3,Yes,Yes,DSL,No,Yes,No,No,Yes,No,Month-to-month,Yes,Mailed check,58.88,192.34,No
CUST-04747,Female,0,No,Yes,13,Yes,No,No,No internet service,No internet service,No internet service,No internet service,No internet service,No internet service,One year,No,Electronic check,37.45,512.41,No
CUST-04748,Male,0,Yes,No,23,Yes,No,DSL,No,No,No,No,Yes,No,Month-to-month,No,Bank transfer (automatic),61.16,1456.85,No
CUST-04749,Female,0,No,No,56,Yes,Yes,Fiber optic,No,No,No,No,Yes,Yes,One year,No,Credit card (automatic),87.06,4941.01,No
CUST-04750,Male,0,Yes,No,13,Yes,No,DSL,No,No,No,No,No,No,Month-to-month,Yes,Credit card (automatic),54.82,702.28,Yes
CUST-04751,Male,0,No,No,55,Yes,No,Fiber optic,No,No,Yes,Yes,No,Yes,Month-to-month,Yes,Electronic check,76.84,4204.78,No
CUST-04752,Male,0,Yes,No,44,Yes,Yes,No,No internet service,No internet service,No internet service,No internet service,No internet service,No internet service,Month-to-month,No,Credit card (automatic),24.35,1090.72,No
CUST-04753,Female,0,No,No,41,Yes,No,No,No internet service,No internet service,No internet service,No internet service,No internet service,No internet service,One year,No,Credit card (automatic),21.74,839.98,Yes
CUST-04754,Female,0,Yes,No,46,Yes,Yes,No,No internet service,No internet service,No internet service,No internet service,No internet service,No internet service,Two year,Yes,Bank transfer (automatic),26.39,1276.56,No
CUST-04755,Male,0,Yes,No,22,Yes,No,Fiber optic,No,Yes,No,No,No,No,Month-to-month,Yes,Credit card (automatic),79.2,1709.94,Yes
CUST-04756,Female,0,Yes,No,0,Yes,No,Fiber optic,No,No,Yes,Yes,No,Yes,One year,Yes,Bank transfer (automatic),80.96,0.0,No
CUST-04757,Female,0,No,No,21,Yes,Yes,No,No internet service,No internet service,No internet service,No internet service,No internet service,No internet service,Month-to-month,No,Electronic check,33.17,642.86,No
CUST-04758,Male,0,Yes,Yes,47,Yes,Yes,No,No internet service,No internet service,No internet service,No internet service,No internet service,No internet service,One year,No,Electronic check,18.0,817.78,No
CUST-04759,Male,0,Yes,Yes,45,Yes,Yes,Fiber optic,No,No,No,Yes,Yes,Yes,Two year,No,Mailed check,103.93,4702.48,No
CUST-04760,Female,0,Yes,Yes,5,Yes,No,Fiber optic,No,Yes,No,Yes,No,Yes,Month-to-month,Yes,Electronic check,82.9,376.19,Yes
CUST-04761,Female,0,Yes,No,38,Yes,No,DSL,Yes,Yes,No,Yes,Yes,No,Month-to-month,Yes,Credit card (automatic),64.48,2434.74,No
CUST-04762,Female,0,No,No,14,Yes,No,Fiber optic,No,No,No,No,No,No,One year,No,Electronic check,73.5,1096.73,Yes
CUST-04763,Male,0,No,No,70,Yes,No,Fiber optic,Yes,No,No,No,No,No,Two year,Yes,Credit card (automatic),78.6,5521.15,Yes
CUST-04764,Male,1,Yes,No,70,Yes,No,No,No internet service,No internet service,No internet service,No internet service,No internet service,No internet service,One year,Yes,Bank transfer (automatic),35.8,2491.29,No
CUST-04765,Male,0,Yes,No,7,Yes,No,DSL,No,No,Yes,Yes,No,Yes,Month-to-month,Yes,Credit card (automatic),57.95,350.66,No
CUST-04766,Male,1,Yes,No,47,Yes,Yes,DSL,No,Yes,No,No,Yes,No,One year,Yes,Electronic check,58.94,2819.92,No
CUST-04767,Female,1,Yes,No,21,Yes,Yes,DSL,No,Yes,Yes,Yes,No,Yes,Month-to-month,No,Electronic check,73.82,1618.24,No
CUST-04768,Male,0,Yes,Yes,31,Yes,Yes,DSL,No,No,No,Yes,Yes,No,Two year,No,Electronic check,71.48,2127.08,No
CUST-04769,Male,0,Yes,No,42,Yes,Yes,No,No internet service,No internet service,No internet service,No internet service,No internet service,No internet service,Two year,Yes,Credit card (automatic),25.5,1015.16,No
CUST-04770,Male,0,Yes,No,61,Yes,Yes,DSL,No,Yes,No,Yes,No,Yes,Two year,No,Credit card (automatic),50.9,3139.09,No
CUST-04771,Male,0,Yes,Yes,52,Yes,Yes,No,No internet service,No internet service,No internet service,No internet service,No internet service,No internet service,Two year,No,Bank transfer (automatic),25.85,1317.21,No
CUST-04772,Female,0,No,Yes,49,Yes,No,DSL,Yes,No,Yes,No,No,Yes,Two year,Yes,Mailed check,60.87,3020.97,No
CUST-04773,Male,1,Yes,Yes,9,Yes,Yes,No,No internet service,No internet service,No internet service,No internet service,No internet service,No internet service,Month-to-month,No,Electronic check,30.75,254.67,No
CUST-04774,Female,0,No,Yes,50,Yes,Yes,DSL,Yes,No,No,No,Yes,No,Two year,Yes,Bank transfer (automatic),63.67,3237.76,No
CUST-04775,Male,0,No,Yes,8,Yes,No,Fiber optic,No,Yes,No,No,Yes,No,Month-to-month,Yes,Bank transfer (automatic),91.88,680.27,No
CUST-04776,Male,0,No,No,14,Yes,No,Fiber optic,No,No,No,No,No,Yes,Month-to-month,Yes,Credit card (automatic),79.55,1102.95,No
CUST-04777,Male,0,Yes,No,31,No,No phone service,DSL,No,No,Yes,No,Yes,No,Month-to-month,Yes,Electronic check,60.59,1867.34,No
CUST-04778,Female,0,No,No,3,Yes,No,Fiber optic,No,No,Yes,No,Yes,Yes,Month-to-month,Yes,Bank transfer (automatic),90.41,298.9,Yes
CUST-04779,Male,1,No,Yes,14,Yes,No,Fiber optic,No,No,Yes,No,No,No,Month-to-month,Yes,Electronic check,98.11,1373.93,No
CUST-04780,Male,0,No,No,16,Yes,Yes,DSL,No,No,Yes,No,No,No,Month-to-month,No,Credit card (automatic),62.85,994.98,No
CUST-04781,Female,0,No,No,7,Yes,Yes,Fiber optic,Yes,No,No,Yes,No,No,Month-to-month,Yes,Credit card (automatic),83.08,566.84,No
CUST-04782,Female,0,Yes,No,0,Yes,Yes,Fiber optic,No,No,Yes,No,No,Yes,Month-to-month,Yes,Mailed check,79.53,0.0,Yes
CUST-04783,Male,0,No,No,30,Yes,Yes,Fiber optic,No,No,No,No,No,Yes,Month-to-month,Yes,Mailed check,81.64,2431.46,No
CUST-04784,Female,0,No,No,32,Yes,No,Fiber optic,Yes,No,No,Yes,Yes,No,One year,Yes,Mailed check,89.81,2841.8,No
CUST-04785,Female,0,Yes,No,43,Yes,No,Fiber optic,Yes,Yes,No,Yes,No,No,One year,Yes,Electronic check,87.86,3797.46,No
CUST-04786,Male,0,Yes,No,9,Yes,Yes,No,No internet service,No internet service,No internet service,No internet service,No internet service,No internet service,One year,No,Electronic check,22.51,176.83,No
CUST-04787,Female,0,No,No,30,Yes,Yes,Fiber optic,No,No,No,No,No,Yes,One year,Yes,Bank transfer (automatic),79.24,2405.49,No
CUST-04788,Male,1,Yes,Yes,11,Yes,Yes,DSL,Yes,No,No,Yes,No,Yes,One year,Yes,Mailed check,70.99,761.44,No
CUST-04789,Male,0,No,Yes,18,Yes,No,DSL,Yes,No,No,Yes,No,No,Month-to-month,Yes,Bank transfer (automatic),48.65,868.71,No
CUST-04790,Female,0,Yes,No,0,No,No phone service,Fiber optic,No,Yes,No,No,Yes,No,Month-to-month,No,Bank transfer (automatic),94.4,0.0,No
CUST-04791,Male,0,No,Yes,35,Yes,Yes,Fiber optic,Yes,Yes,No,No,Yes,No,Month-to-month,No,Electronic check,89.68,3112.7,No
CUST-04792,Female,1,Yes,No,16,Yes,No,DSL,No,Yes,No,No,Yes,No,Month-to-month,Yes,Bank transfer (automatic),58.0,932.11,No
CUST-04793,Female,0,No,Yes,51,Yes,Yes,Fiber optic,No,No,Yes,No,Yes,No,Two year,No,Bank transfer (automatic),87.16,4384.26,No
CUST-04794,Male,0,No,No,17,Yes,No,No,No internet service,No internet service,No internet service,No internet service,No internet service,No internet service,Month-to-month,No,Electronic check,33.73,591.78,No
CUST-04795,Male,0,No,Yes,61,Yes,Yes,No,No internet service,No internet service,No internet service,No internet service,No internet service,No internet service,Two year,No,Electronic check,29.54,1808.07,No
CUST-04796,Male,0,Yes,No,26,Yes,No,DSL,No,No,Yes,No,Yes,No,Month-to-month,Yes,Credit card (automatic),56.45,1487.41,No
CUST-04797,Female,0,Yes,No,24,Yes,No,Fiber optic,Yes,No,Yes,Yes,Yes,No,One year,Yes,Credit card (automatic),89.21,2187.67,No
CUST-04798,Male,0,Yes,No,13,Yes,No,Fiber optic,No,Yes,No,No,Yes,No,Month-to-month,No,Electronic check,85.6,1190.7,No
CUST-04799,Male,0,Yes,Yes,58,Yes,No,DSL,Yes,Yes,Yes,No,No,No,Two year,Yes,Electronic check,65.22,3771.08,No
CUST-04800,Female,0,No,No,47,Yes,Yes,DSL,No,Yes,No,No,No,No,Two year,No,Mailed check,47.85,2218.77,No
CUST-04801,Female,0,Yes,No,11,Yes,Yes,No,No internet service,No internet service,No internet service,No internet service,No internet service,No internet service,Month-to-month,No,Credit card (automatic),24.75,255.31,No
CUST-04802,Female,0,Yes,Yes,25,Yes,No,Fiber optic,No,Yes,No,No,Yes,No,Month-to-month,Yes,Electronic check,86.53,2222.85,No
CUST-04803,Male,0,No,Yes,49,Yes,No,No,No internet service,No internet service,No internet service,No internet service,No internet service,No internet service,One year,Yes,Credit card (automatic),27.83,1324.18,No
CUST-04804,Female,0,Yes,No,17,Yes,No,Fiber optic,No,No,Yes,No,No,Yes,Month-to-month,Yes,Electronic check,84.6,1540.46,Yes
CUST-04805,Female,0,Yes,No,12,Yes,No,Fiber optic,No,Yes,Yes,No,Yes,Yes,Month-to-month,No,Mailed check,92.59,1116.27,Yes
CUST-04806,Female,0,No,No,47,Yes,No,Fiber optic,No,No,No,No,No,Yes,Two year,No,Electronic check,72.42,3417.92,No
CUST-04807,Male,0,Yes,Yes,43,Yes,No,Fiber optic,Yes,No,No,Yes,Yes,No,One year,No,Electronic check,78.74,3448.09,No
CUST-04808,Female,0,No,No,9,Yes,No,DSL,Yes,No,No,No,Yes,No,Month-to-month,No,Electronic check,68.51,602.52,Yes
CUST-04809,Male,0,No,No,36,Yes,Yes,DSL,Yes,Yes,No,Yes,No,No,Month-to-month,No,Credit card (automatic),62.18,2254.45,No
CUST-04810,Female,1,Yes,No,0,Yes,Yes,Fiber optic,Yes,No,No,Yes,Yes,No,Month-to-month,No,Credit card (automatic),91.44,0.0,No
CUST-04811,Male,1,No,No,67,No,No phone service,DSL,No,No,Yes,Yes,No,No,Two year,Yes,Electronic check,52.32,3466.9,No
CUST-04812,Male,0,No,No,3,Yes,Yes,No,No internet service,No internet service,No internet service,No internet service,No internet service,No internet service,Month-to-month,Yes,Credit card (automatic),18.0,0.0,Yes
CUST-04813,Female,0,Yes,No,0,Yes,No,Fiber optic,No,Yes,No,Yes,No,No,Month-to-month,Yes,Electronic check,89.21,0.0,Yes
CUST-04814,Female,0,No,No,6,No,No phone service,No,No internet service,No internet service,No internet service,No internet service,No internet service,No internet service,Month-to-month,Yes,Mailed check,35.76,167.68,Yes
CUST-04815,Female,0,Yes,No,46,Yes,No,Fiber optic,Yes,No,Yes,Yes,Yes,No,Two year,Yes,Mailed check,86.27,3985.41,No
CUST-04816,Male,0,No,Yes,6,Yes,No,Fiber optic,No,No,Yes,No,No,Yes,Month-to-month,No,Electronic check,88.62,524.69,Yes
CUST-04817,Female,1,No,No,23,Yes,No,DSL,No,Yes,No,No,No,No,One year,Yes,Bank transfer (automatic),66.98,1581.09,Yes
CUST-04818,Male,1,Yes,No,1,Yes,No,DSL,Yes,No,No,No,Yes,Yes,Month-to-month,Yes,Mailed check,63.52,100.25,Yes
CUST-04819,Female,0,Yes,Yes,72,No,No phone service,Fiber optic,No,No,No,Yes,No,No,Two year,No,Credit card (automatic),91.91,6554.12,No
CUST-04820,Female,0,Yes,No,34,Yes,Yes,DSL,Yes,Yes,Yes,No,No,No,Month-to-month,Yes,Electronic check,60.24,2032.23,No
CUST-04821,Female,0,No,No,44,Yes,No,No,No internet service,No internet service,No internet service,No internet service,No internet service,No internet service,Two year,No,Credit card (automatic),29.5,1250.88,No
CUST-04822,Female,0,No,Yes,52,Yes,Yes,DSL,Yes,Yes,Yes,No,Yes,Yes,Two year,Yes,Mailed check,78.0,4072.12,No
CUST-04823,Female,0,Yes,No,16,Yes,Yes,No,No internet service,No internet service,No internet service,No internet service,No internet service,No internet service,Month-to-month,Yes,Credit card (automatic),32.28,469.29,Yes
CUST-04824,Female,1,Yes,Yes,3,Yes,No,Fiber optic,No,No,Yes,No,Yes,No,Month-to-month,No,Mailed check,89.13,309.58,Yes
CUST-04825,Male,1,No,No,52,Yes,No,Fiber optic,No,Yes,Yes,No,Yes,No,Two year,Yes,Mailed check,88.71,4548.34,No
CUST-04826,Male,0,Yes,No,11,Yes,Yes,No,No internet service,No internet service,No internet service,No internet service,No internet service,No internet service,Month-to-month,Yes,Electronic check,34.49,375.25,No
CUST-04827,Male,0,Yes,No,62,No,No phone service,Fiber optic,Yes,No,No,Yes,No,No,Two year,Yes,Bank transfer (automatic),90.54,5582.43,No
CUST-04828,Female,0,Yes,No,24,Yes,No,DSL,Yes,No,Yes,No,Yes,Yes,Two year,No,Electronic check,68.99,1638.04,No
CUST-04829,Female,0,No,No,20,Yes,No,DSL,No,No,Yes,No,No,Yes,Month-to-month,Yes,Bank transfer (automatic),60.86,1196.68,Yes
CUST-04830,Male,0,Yes,No,9,Yes,No,DSL,No,Yes,No,No,No,No,Month-to-month,Yes,Bank transfer (automatic),62.57,563.68,Yes
CUST-04831,Male,0,No,No,1,Yes,Yes,Fiber optic,No,Yes,No,No,No,No,Month-to-month,Yes,Credit card (automatic),78.96,34.93,Yes
CUST-04832,Male,0,No,No,30,Yes,No,Fiber optic,Yes,No,Yes,No,Yes,No,One year,No,Mailed check,85.12,2534.62,No
CUST-04833,Male,0,Yes,No,5,No,No phone service,No,No internet service,No internet service,No internet service,No internet service,No internet service,No internet service,Month-to-month,Yes,Bank transfer (automatic),22.51,181.74,Yes
CUST-04834,Male,0,No,No,8,Yes,No,DSL,Yes,No,No,Yes,Yes,No,One year,Yes,Mailed check,66.16,531.69,No
CUST-04835,Female,0,Yes,No,20,Yes,No,DSL,No,Yes,No,No,No,No,Month-to-month,No,Mailed check,53.45,1133.11,No
CUST-04836,Female,0,Yes,No,40,Yes,No,DSL,Yes,Yes,No,No,No,No,Two year,Yes,Mailed check,55.23,2205.86,No
CUST-04837,Male,0,No,No,4,Yes,No,No,No internet service,No internet service,No internet service,No internet service,No internet service,No internet service,Month-to-month,Yes,Bank transfer (automatic),28.81,94.24,No
CUST-04838,Male,0,Yes,No,19,Yes,No,No,No internet service,No internet service,No internet service,No internet service,No internet service,No internet service,Month-to-month,No,Bank transfer (automatic),21.91,369.68,No
CUST-04839,Female,0,No,Yes,11,Yes,Yes,Fiber optic,No,No,Yes,No,Yes,No,Month-to-month,Yes,Electronic check,89.92,1009.07,No
CUST-04840,Female,0,No,No,11,Yes,Yes,Fiber optic,No,No,Yes,Yes,No,No,Month-to-month,No,Credit card (automatic),83.59,981.25,Yes
CUST-04841,Female,0,Yes,Yes,61,Yes,Yes,No,No internet service,No internet service,No internet service,No internet service,No internet service,No internet service,Month-to-month,Yes,Electronic check,36.37,2262.11,No
CUST-04842,Male,0,No,No,49,Yes,Yes,Fiber optic,No,Yes,Yes,No,No,No,Two year,No,Bank transfer (automatic),95.12,4687.26,No
CUST-04843,Male,0,No,Yes,1,Yes,Yes,No,No internet service,No internet service,No internet service,No internet service,No internet service,No internet service,Month-to-month,No,Mailed check,37.99,91.09,No
CUST-04844,Male,0,Yes,No,28,Yes,No,No,No internet service,No internet service,No internet service,No internet service,No internet service,No internet service,Month-to-month,No,Credit card (automatic),21.33,627.45,No
CUST-04845,Female,0,No,Yes,46,Yes,Yes,Fiber optic,No,No,No,Yes,No,No,One year,No,Bank transfer (automatic),82.87,3850.43,No
CUST-04846,Female,0,No,No,8,No,No phone service,Fiber optic,No,No,Yes,No,Yes,No,One year,Yes,Mailed check,93.33,780.17,Yes
CUST-04847,Female,0,Yes,No,3,Yes,Yes,DSL,No,Yes,Yes,No,Yes,Yes,Month-to-month,Yes,Mailed check,75.17,261.72,No
CUST-04848,Male,0,Yes,No,9,Yes,Yes,DSL,No,No,No,No,Yes,No,Month-to-month,Yes,Credit card (automatic),48.26,392.73,No
CUST-04849,Male,0,Yes,No,1,No,No phone service,No,No internet service,No internet service,No internet service,No internet service,No internet service,No internet service,Month-to-month,Yes,Bank transfer (automatic),31.98,9.87,No
CUST-04850,Female,0,Yes,No,6,Yes,Yes,DSL,No,No,Yes,No,No,No,Month-to-month,No,Mailed check,58.67,425.4,No
CUST-04851,Female,1,Yes,Yes,27,Yes,Yes,DSL,Yes,Yes,No,Yes,Yes,No,Month-to-month,No,Mailed check,69.86,1862.39,No
CUST-04852,Female,1,No,No,12,Yes,No,No,No internet service,No internet service,No internet service,No internet service,No internet service,No internet service,Month-to-month,Yes,Electronic check,24.72,254.44,Yes
CUST-04853,Male,0,No,No,14,Yes,Yes,DSL,No,No,No,Yes,Yes,Yes,One year,Yes,Mailed check,60.08,863.17,No
CUST-04854,Male,0,No,No,48,Yes,No,Fiber optic,No,No,No,No,Yes,No,Two year,Yes,Credit card (automatic),90.45,4334.91,No
CUST-04855,Male,0,Yes,No,1,Yes,Yes,Fiber optic,No,No,Yes,No,Yes,No,Month-to-month,Yes,Bank transfer (automatic),92.79,154.7,Yes
CUST-04856,Female,0,Yes,No,1,Yes,Yes,DSL,No,Yes,No,Yes,No,Yes,Month-to-month,Yes,Bank transfer (automatic),63.98,8.64,Yes
CUST-04857,Female,0,Yes,No,48,No,No phone service,DSL,No,No,No,No,No,No,Two year,Yes,Mailed check,62.54,2954.85,No
CUST-04858,Female,0,Yes,No,35,Yes,No,DSL,No,No,Yes,Yes,Yes,Yes,One year,No,Credit card (automatic),70.52,2546.7,No
CUST-04859,Male,1,No,No,30,Yes,Yes,DSL,No,No,No,Yes,No,Yes,One year,No,Credit card (automatic),72.82,2148.78,No
CUST-04860,Female,0,Yes,No,46,Yes,Yes,DSL,No,Yes,Yes,No,Yes,No,Two year,No,Credit card (automatic),66.16,3019.92,No
CUST-04861,Male,0,No,No,15,Yes,No,No,No internet service,No internet service,No internet service,No internet service,No internet service,No internet service,One year,Yes,Electronic check,45.23,666.62,No
CUST-04862,Female,1,Yes,No,43,No,No phone service,No,No internet service,No internet service,No internet service,No internet service,No internet service,No internet service,One year,No,Bank transfer (automatic),29.23,1166.83,No
CUST-04863,Female,0,No,Yes,0,Yes,Yes,DSL,Yes,No,No,No,Yes,Yes,Month-to-month,Yes,Mailed check,74.78,0.0,No
CUST-04864,Female,0,No,No,39,Yes,No,Fiber optic,Yes,No,No,Yes,No,No,Two year,Yes,Bank transfer (automatic),81.09,3108.63,No
CUST-04865,Female,0,No,No,24,Yes,No,Fiber optic,Yes,Yes,Yes,No,No,No,One year,Yes,Mailed check,88.92,2158.12,Yes
CUST-04866,Female,1,No,Yes,18,Yes,No,Fiber optic,Yes,No,Yes,No,Yes,No,Month-to-month,Yes,Credit card (automatic),96.84,1681.91,No
CUST-04867,Male,0,No,No,14,Yes,No,No,No internet service,No internet service,No internet service,No internet service,No internet service,No internet service,One year,Yes,Mailed check,18.0,280.72,No
CUST-04868,Male,0,No,Yes,0,No,No phone service,DSL,No,No,No,No,No,Yes,Month-to-month,No,Electronic check,54.23,0.0,Yes
CUST-04869,Female,0,Yes,No,18,Yes,No,No,No internet service,No internet service,No internet service,No internet service,No internet service,No internet service,Month-to-month,Yes,Credit card (automatic),41.43,739.08,No
CUST-04870,Female,0,Yes,No,19,Yes,Yes,DSL,Yes,No,No,Yes,Yes,Yes,Month-to-month,No,Mailed check,73.98,1430.3,No
CUST-04871,Male,0,No,Yes,54,Yes,No,Fiber optic,Yes,Yes,No,No,Yes,Yes,One year,Yes,Electronic check,83.09,4522.53,No
CUST-04872,Female,0,Yes,Yes,13,Yes,No,No,No internet service,No internet service,No internet service,No internet service,No internet service,No internet service,Month-to-month,No,Mailed check,18.42,243.06,Yes
CUST-04873,Male,0,No,No,37,Yes,Yes,Fiber optic,No,No,No,No,No,No,One year,Yes,Credit card (automatic),72.96,2699.01,No
CUST-04874,Female,0,Yes,Yes,14,Yes,No,Fiber optic,No,No,Yes,No,No,No,One year,Yes,Mailed check,79.42,1091.68,No
CUST-04875,Male,0,No,Yes,13,Yes,Yes,DSL,No,No,No,Yes,No,No,Month-to-month,No,Electronic check,57.41,762.24,No
CUST-04876,Female,0,Yes,No,11,Yes,No,Fiber optic,Yes,Yes,No,Yes,No,No,Month-to-month,No,Credit card (automatic),94.72,1098.01,Yes
CUST-04877,Male,0,No,No,23,Yes,No,DSL,No,Yes,No,No,Yes,No,Month-to-month,Yes,Credit card (automatic),66.48,1550.12,No
CUST-04878,Male,0,Yes,No,27,Yes,No,Fiber optic,Yes,Yes,Yes,Yes,Yes,Yes,One year,Yes,Electronic check,108.12,2873.96,No
CUST-04879,Female,0,Yes,No,67,Yes,Yes,DSL,Yes,No,Yes,No,Yes,No,Two year,No,Bank transfer (automatic),70.82,4745.6,No
CUST-04880,Female,0,No,No,4,Yes,Yes,Fiber optic,No,No,Yes,Yes,No,No,Month-to-month,Yes,Credit card (automatic),73.01,266.03,No
CUST-04881,Male,0,Yes,No,35,Yes,Yes,Fiber optic,No,No,Yes,No,No,No,One year,No,Electronic check,81.68,2814.69,No
CUST-04882,Female,0,Yes,Yes,31,Yes,No,DSL,No,No,No,Yes,No,No,Two year,Yes,Credit card (automatic),49.24,1515.39,No
CUST-04883,Male,0,No,No,18,Yes,Yes,Fiber optic,Yes,No,No,No,No,No,One year,Yes,Electronic check,98.81,1794.68,Yes
CUST-04884,Male,0,No,No,22,Yes,Yes,DSL,No,No,No,Yes,Yes,No,Month-to-month,No,Electronic check,57.81,1298.17,No
CUST-04885,Male,0,Yes,No,25,Yes,Yes,Fiber optic,Yes,No,No,No,Yes,No,Month-to-month,Yes,Mailed check,82.66,2085.98,No
CUST-04886,Male,0,No,Yes,47,No,No phone service,No,No internet service,No internet service,No internet service,No internet service,No internet service,No internet service,Two year,Yes,Electronic check,32.74,1510.97,Yes
CUST-04887,Female,1,Yes,No,3,Yes,No,Fiber optic,No,No,Yes,No,No,No,Month-to-month,Yes,Mailed check,86.09,221.72,Yes
CUST-04888,Female,0,Yes,No,11,Yes,No,Fiber optic,Yes,Yes,No,No,No,Yes,Month-to-month,No,Electronic check,96.29,1007.74,Yes
CUST-04889,Male,0,No,Yes,36,No,No phone service,No,No internet service,No internet service,No internet service,No internet service,No internet service,No internet service,Month-to-month,Yes,Electronic check,24.47,875.88,No
CUST-04890,Male,0,Yes,No,15,Yes,Yes,Fiber optic,Yes,No,Yes,No,No,No,Month-to-month,Yes,Mailed check,92.9,1415.97,No
CUST-04891,Female,0,Yes,Yes,41,Yes,No,No,No internet service,No internet service,No internet service,No internet service,No internet service,No internet service,One year,No,Mailed check,18.0,756.61,No
CUST-04892,Female,0,Yes,No,60,Yes,Yes,DSL,No,No,No,No,No,No,Two year,Yes,Credit card (automatic),70.41,4187.2,No
CUST-04893,Male,0,No,No,40,Yes,Yes,Fiber optic,Yes,No,No,No,No,Yes,Two year,Yes,Credit card (automatic),91.59,3728.93,No
CUST-04894,Male,0,No,Yes,21,Yes,No,Fiber optic,No,Yes,No,No,No,No,One year,No,Credit card (automatic),86.7,1829.81,Yes
CUST-04895,Male,0,Yes,No,46,Yes,Yes,Fiber optic,No,No,No,Yes,No,No,Two year,Yes,Electronic check,81.64,3785.39,Yes
CUST-04896,Male,0,No,Yes,47,Yes,Yes,DSL,No,No,Yes,Yes,Yes,Yes,Two year,No,Credit card (automatic),64.9,3071.79,No
CUST-04897,Female,0,No,No,36,Yes,Yes,DSL,No,No,No,No,No,No,Two year,No,Bank transfer (automatic),54.78,1915.62,No
CUST-04898,Female,0,Yes,No,58,Yes,No,Fiber optic,No,No,Yes,Yes,No,No,Two year,No,Credit card (automatic),85.92,5012.68,No
CUST-04899,Female,1,No,No,43,Yes,Yes,Fiber optic,No,Yes,Yes,Yes,Yes,Yes,Two year,No,Electronic check,99.34,4330.66,No
CUST-04900,Female,0,Yes,Yes,9,Yes,No,Fiber optic,No,No,No,Yes,Yes,Yes,Month-to-month,No,Bank transfer (automatic),88.83,760.69,No
CUST-04901,Male,0,Yes,No,2,Yes,Yes,No,No internet service,No internet service,No internet service,No internet service,No internet service,No internet service,Month-to-month,Yes,Bank transfer (automatic),27.73,17.74,No
CUST-04902,Female,0,Yes,No,1,Yes,Yes,Fiber optic,No,No,No,No,No,Yes,Month-to-month,Yes,Mailed check,82.15,99.08,Yes
CUST-04903,Female,0,Yes,No,21,Yes,No,No,No internet service,No internet service,No internet service,No internet service,No internet service,No internet service,One year,Yes,Credit card (automatic),27.26,575.68,No
CUST-04904,Female,0,No,No,64,Yes,No,DSL,No,No,No,No,No,No,Two year,No,Electronic check,56.54,3639.2,No
CUST-04905,Male,1,No,No,59,Yes,No,No,No internet service,No internet service,No internet service,No internet service,No internet service,No internet service,Two year,Yes,Mailed check,31.97,1845.07,No
CUST-04906,Female,0,No,No,43,Yes,Yes,No,No internet service,No internet service,No internet service,No internet service,No internet service,No internet service,Two year,No,Mailed check,27.62,1215.52,No
CUST-04907,Male,0,Yes,No,45,Yes,No,No,No internet service,No internet service,No internet service,No internet service,No internet service,No internet service,Two year,Yes,Bank transfer (automatic),26.49,1129.52,No
CUST-04908,Female,0,Yes,No,18,Yes,No,No,No internet service,No internet service,No internet service,No internet service,No internet service,No internet service,Month-to-month,Yes,Electronic check,31.52,554.26,No
CUST-04909,Female,1,Yes,Yes,4,Yes,No,No,No internet service,No internet service,No internet service,No internet service,No internet service,No internet service,Month-to-month,No,Mailed check,27.24,121.51,Yes
CUST-04910,Female,0,Yes,No,8,Yes,No,DSL,No,No,Yes,Yes,Yes,Yes,One year,Yes,Electronic check,54.67,408.69,No
CUST-04911,Female,0,No,No,12,Yes,Yes,No,No internet service,No internet service,No internet service,No internet service,No internet service,No internet service,Month-to-month,Yes,Electronic check,27.54,333.33,No
CUST-04912,Female,0,No,No,39,Yes,No,DSL,No,Yes,No,No,No,No,One year,Yes,Bank transfer (automatic),62.99,2499.25,No
CUST-04913,Male,0,No,No,13,No,No phone service,No,No internet service,No internet service,No internet service,No internet service,No internet service,No internet service,One year,No,Electronic check,31.11,372.46,Yes
CUST-04914,Female,0,No,No,26,Yes,No,Fiber optic,Yes,No,No,Yes,No,No,Month-to-month,No,Electronic check,91.95,2375.67,Yes
CUST-04915,Female,0,Yes,Yes,57,No,No phone service,DSL,Yes,Yes,Yes,Yes,Yes,No,One year,Yes,Credit card (automatic),65.16,3621.66,No
CUST-04916,Male,0,Yes,No,35,Yes,Yes,DSL,No,No,No,No,No,No,One year,Yes,Electronic check,57.73,2027.17,No
CUST-04917,Male,1,Yes,No,17,Yes,Yes,DSL,No,No,No,No,Yes,No,One year,Yes,Mailed check,73.04,1293.68,No
CUST-04918,Male,1,No,Yes,54,Yes,Yes,Fiber optic,No,Yes,Yes,No,Yes,No,Two year,Yes,Bank transfer (automatic),85.49,4575.5,Yes
CUST-04919,Female,0,Yes,Yes,1,Yes,Yes,Fiber optic,No,Yes,No,No,Yes,Yes,Month-to-month,Yes,Credit card (automatic),92.53,73.23,Yes
CUST-04920,Female,0,Yes,Yes,53,Yes,No,Fiber optic,No,No,No,No,No,No,Two year,Yes,Bank transfer (automatic),79.89,4275.1,No
CUST-04921,Female,0,No,No,13,Yes,No,Fiber optic,No,Yes,No,No,No,No,Month-to-month,Yes,Bank transfer (automatic),92.38,1258.78,Yes
CUST-04922,Female,1,Yes,No,9,Yes,Yes,DSL,Yes,No,No,Yes,No,Yes,Month-to-month,No,Electronic check,65.54,587.44,Yes
CUST-04923,Female,0,No,Yes,19,Yes,Yes,Fiber optic,Yes,No,No,No,No,Yes,Month-to-month,No,Bank transfer (automatic),85.39,1585.71,Yes
CUST-04924,Female,1,Yes,No,62,Yes,No,Fiber optic,No,No,Yes,No,Yes,No,Two year,Yes,Credit card (automatic),81.67,5046.04,Yes
CUST-04925,Male,0,No,No,43,Yes,Yes,Fiber optic,No,No,No,No,No,No,Two year,Yes,Electronic check,76.44,3308.46,No
CUST-04926,Male,0,Yes,No,10,Yes,No,DSL,No,No,No,No,No,Yes,Month-to-month,Yes,Mailed check,55.35,526.78,No
CUST-04927,Male,0,No,No,44,Yes,Yes,Fiber optic,Yes,No,No,No,No,Yes,One year,Yes,Electronic check,92.65,4057.29,No
CUST-04928,Female,0,No,No,71,Yes,No,No,No internet service,No internet service,No internet service,No internet service,No internet service,No internet service,Two year,No,Electronic check,37.31,2619.91,No
CUST-04929,Male,1,Yes,No,53,Yes,No,No,No internet service,No internet service,No internet service,No internet service,No internet service,No internet service,Two year,Yes,Electronic check,30.26,1641.18,No
CUST-04930,Male,0,No,No,8,Yes,Yes,DSL,No,No,Yes,No,No,No,Month-to-month,No,Bank transfer (automatic),55.53,450.32,Yes
CUST-04931,Male,0,No,No,5,Yes,Yes,No,No internet service,No internet service,No internet service,No internet service,No internet service,No internet service,Month-to-month,Yes,Mailed check,30.21,128.95,No
CUST-04932,Female,0,No,No,36,Yes,Yes,DSL,No,Yes,No,Yes,No,No,Month-to-month,Yes,Bank transfer (automatic),61.33,2211.67,No
CUST-04933,Female,1,No,No,49,No,No phone service,DSL,No,No,Yes,No,No,No,Two year,No,Bank transfer (automatic),59.53,2935.41,No
CUST-04934,Female,0,No,No,26,Yes,Yes,DSL,No,No,No,No,Yes,No,Month-to-month,Yes,Electronic check,57.36,1426.55,Yes
CUST-04935,Male,0,Yes,No,5,No,No phone service,Fiber optic,No,No,No,No,No,No,Month-to-month,Yes,Electronic check,83.8,436.27,Yes
CUST-04936,Female,0,Yes,Yes,72,Yes,No,No,No internet service,No internet service,No internet service,No internet service,No internet service,No internet service,Two year,No,Electronic check,35.14,2581.25,No
CUST-04937,Female,0,Yes,No,3,Yes,Yes,No,No internet service,No internet service,No internet service,No internet service,No internet service,No internet service,Month-to-month,Yes,Bank transfer (automatic),23.84,41.88,Yes
CUST-04938,Female,0,No,Yes,37,Yes,No,Fiber optic,No,Yes,No,No,No,No,One year,Yes,Credit card (automatic),76.79,2811.76,No
CUST-04939,Male,1,No,Yes,55,No,No phone service,Fiber optic,Yes,Yes,No,No,Yes,No,Two year,No,Mailed check,93.66,5195.34,No
CUST-04940,Male,0,No,No,11,Yes,Yes,DSL,Yes,No,Yes,No,No,No,Month-to-month,Yes,Credit card (automatic),54.58,525.17,No
CUST-04941,Female,0,Yes,Yes,3,Yes,Yes,No,No internet service,No internet service,No internet service,No internet service,No internet service,No internet service,Month-to-month,No,Mailed check,36.58,200.15,No
CUST-04942,Male,0,No,No,4,Yes,Yes,DSL,No,Yes,Yes,Yes,No,No,Month-to-month,Yes,Mailed check,64.73,216.64,No
CUST-04943,Female,0,No,No,38,Yes,Yes,DSL,No,No,No,No,No,No,One year,Yes,Credit card (automatic),54.26,2042.83,No
CUST-04944,Female,0,Yes,No,1,Yes,Yes,No,No internet service,No internet service,No internet service,No internet service,No internet service,No internet service,Month-to-month,Yes,Electronic check,27.8,0.0,No
CUST-04945,Male,1,No,No,0,Yes,Yes,DSL,Yes,Yes,No,Yes,No,Yes,Month-to-month,Yes,Electronic check,70.49,0.0,Yes
CUST-04946,Female,0,Yes,Yes,6,Yes,No,DSL,Yes,No,No,No,No,No,Month-to-month,No,Electronic check,61.26,381.8,No
CUST-04947,Male,0,No,Yes,18,Yes,No,No,No internet service,No internet service,No internet service,No internet service,No internet service,No internet service,Month-to-month,No,Bank transfer (automatic),42.98,793.45,Yes
CUST-04948,Female,0,Yes,No,55,Yes,No,DSL,Yes,Yes,Yes,No,Yes,No,Two year,Yes,Electronic check,58.7,3200.89,No
CUST-04949,Male,0,No,Yes,2,Yes,Yes,DSL,Yes,No,Yes,No,No,No,Month-to-month,Yes,Electronic check,65.9,74.42,Yes
CUST-04950,Male,0,Yes,No,25,Yes,No,Fiber optic,No,Yes,No,No,No,Yes,One year,No,Credit card (automatic),100.57,2495.27,No
CUST-04951,Male,1,Yes,Yes,66,Yes,Yes,DSL,No,No,No,No,Yes,No,Two year,No,Electronic check,62.87,4168.14,No
CUST-04952,Male,0,No,No,7,Yes,Yes,No,No internet service,No internet service,No internet service,No internet service,No internet service,No internet service,One year,Yes,Bank transfer (automatic),28.5,198.74,Yes
CUST-04953,Female,0,No,Yes,21,No,No phone service,Fiber optic,Yes,Yes,No,No,No,No,One year,Yes,Bank transfer (automatic),84.9,1793.08,No
CUST-04954,Male,1,Yes,No,0,Yes,Yes,Fiber optic,Yes,No,No,No,Yes,No,Month-to-month,Yes,Bank transfer (automatic),89.6,0.0,No
CUST-04955,Male,0,Yes,Yes,8,Yes,Yes,DSL,No,Yes,No,Yes,No,Yes,Month-to-month,Yes,Credit card (automatic),62.37,408.14,Yes
CUST-04956,Male,0,No,No,16,Yes,No,DSL,No,No,No,Yes,No,No,Month-to-month,Yes,Credit card (automatic),64.66,970.03,No
CUST-04957,Male,1,No,Yes,15,Yes,No,No,No internet service,No internet service,No internet service,No internet service,No internet service,No internet service,Month-to-month,Yes,Credit card (automatic),38.69,622.94,No
CUST-04958,Male,1,Yes,Yes,72,Yes,Yes,DSL,No,No,Yes,No,Yes,Yes,Two year,Yes,Credit card (automatic),62.53,4511.55,No
CUST-04959,Female,0,Yes,Yes,1,Yes,No,DSL,No,No,No,No,No,Yes,Month-to-month,Yes,Bank transfer (automatic),65.4,22.59,Yes
CUST-04960,Female,0,Yes,No,4,Yes,Yes,DSL,No,No,No,Yes,Yes,Yes,Month-to-month,No,Electronic check,63.72,250.91,Yes
CUST-04961,Male,1,No,No,47,Yes,Yes,Fiber optic,No,No,No,No,No,Yes,Two year,No,Electronic check,89.03,4255.86,No
CUST-04962,Female,0,No,No,53,Yes,Yes,No,No internet service,No internet service,No internet service,No internet service,No internet service,No internet service,Two year,No,Credit card (automatic),33.76,1765.48,No
CUST-04963,Female,0,No,No,22,Yes,Yes,DSL,No,Yes,Yes,No,Yes,No,One year,No,Bank transfer (automatic),61.36,1350.2,No
CUST-04964,Male,1,Yes,No,3,Yes,Yes,DSL,Yes,Yes,No,No,Yes,Yes,Month-to-month,Yes,Electronic check,68.95,231.94,No
CUST-04965,Female,0,No,Yes,46,Yes,Yes,No,No internet service,No internet service,No internet service,No internet service,No internet service,No internet service,One year,Yes,Credit card (automatic),30.22,1364.62,No
CUST-04966,Male,0,Yes,No,6,Yes,Yes,DSL,No,No,Yes,No,No,No,Month-to-month,Yes,Bank transfer (automatic),66.46,501.43,No
CUST-04967,Male,0,No,No,18,Yes,No,Fiber optic,Yes,No,No,No,No,Yes,One year,No,Electronic check,75.83,1359.01,No
CUST-04968,Male,0,Yes,Yes,4,Yes,No,Fiber optic,No,Yes,Yes,Yes,Yes,Yes,One year,Yes,Bank transfer (automatic),95.75,429.84,No
CUST-04969,Male,0,Yes,Yes,48,Yes,No,Fiber optic,No,Yes,Yes,No,No,Yes,Two year,No,Electronic check,83.68,4047.66,No
CUST-04970,Female,0,Yes,No,1,Yes,Yes,DSL,No,Yes,No,No,Yes,No,Month-to-month,No,Mailed check,67.56,99.57,Yes
CUST-04971,Female,0,Yes,Yes,48,Yes,Yes,No,No internet service,No internet service,No internet service,No internet service,No internet service,No internet service,Two year,Yes,Mailed check,21.29,1049.08,No
CUST-04972,Male,0,Yes,Yes,12,Yes,No,DSL,Yes,Yes,No,No,Yes,No,Month-to-month,Yes,Mailed check,69.34,769.1,Yes
CUST-04973,Female,0,No,No,27,No,No phone service,Fiber optic,Yes,No,No,No,Yes,Yes,Month-to-month,Yes,Credit card (automatic),86.37,2277.18,No
CUST-04974,Female,0,No,Yes,42,Yes,Yes,Fiber optic,No,No,No,Yes,No,No,Two year,Yes,Electronic check,96.75,4126.19,No
CUST-04975,Female,0,No,No,2,Yes,No,No,No internet service,No internet service,No internet service,No internet service,No internet service,No internet service,Month-to-month,Yes,Mailed check,22.36,6.45,No
CUST-04976,Female,0,No,No,28,Yes,No,Fiber optic,No,No,No,No,Yes,Yes,Month-to-month,Yes,Electronic check,88.23,2544.62,No
CUST-04977,Female,0,Yes,No,5,Yes,Yes,Fiber optic,No,Yes,No,Yes,Yes,Yes,Month-to-month,Yes,Electronic check,94.97,419.49,Yes
CUST-04978,Male,0,No,No,35,No,No phone service,DSL,Yes,Yes,No,No,No,No,Month-to-month,Yes,Credit card (automatic),59.05,2051.53,No
CUST-04979,Female,0,Yes,No,2,Yes,Yes,Fiber optic,No,No,Yes,Yes,No,No,Month-to-month,Yes,Mailed check,79.0,165.25,Yes
CUST-04980,Female,0,Yes,No,13,Yes,No,Fiber optic,No,No,Yes,Yes,Yes,Yes,One year,Yes,Electronic check,94.28,1211.19,No
CUST-04981,Female,0,Yes,No,6,Yes,Yes,Fiber optic,No,No,Yes,No,Yes,Yes,Month-to-month,No,Bank transfer (automatic),78.95,504.92,No
CUST-04982,Female,0,Yes,No,58,Yes,No,Fiber optic,Yes,No,No,Yes,No,Yes,Two year,No,Credit card (automatic),91.49,5385.32,No
CUST-04983,Male,0,No,No,49,No,No phone service,Fiber optic,Yes,Yes,No,Yes,No,No,One year,Yes,Bank transfer (automatic),90.65,4412.52,No
CUST-04984,Male,0,Yes,No,68,Yes,No,DSL,No,No,No,No,No,Yes,Two year,No,Electronic check,54.31,3654.27,No
CUST-04985,Male,0,Yes,No,55,Yes,Yes,No,No internet service,No internet service,No internet service,No internet service,No internet service,No internet service,Two year,No,Mailed check,18.0,1006.72,No
CUST-04986,Male,0,No,Yes,34,Yes,Yes,Fiber optic,No,Yes,No,No,Yes,No,One year,Yes,Bank transfer (automatic),74.21,2542.39,No
CUST-04987,Female,1,Yes,Yes,26,Yes,No,DSL,Yes,Yes,No,No,Yes,No,Month-to-month,Yes,Bank transfer (automatic),60.09,1522.9,Yes
CUST-04988,Female,0,No,No,33,Yes,Yes,Fiber optic,No,Yes,Yes,No,No,No,Two year,Yes,Credit card (automatic),85.53,2891.03,No
CUST-04989,Female,0,Yes,No,8,Yes,No,Fiber optic,No,No,No,No,Yes,No,Month-to-month,Yes,Electronic check,87.28,666.18,No
CUST-04990,Female,0,No,No,19,Yes,No,Fiber optic,No,No,No,No,No,No,Month-to-month,No,Bank transfer (automatic),82.88,1603.88,No
CUST-04991,Female,0,No,No,33,Yes,No,Fiber optic,Yes,No,No,No,Yes,No,One year,No,Bank transfer (automatic),78.87,2604.37,No
CUST-04992,Female,1,Yes,Yes,8,Yes,No,Fiber optic,No,Yes,Yes,No,Yes,No,Month-to-month,Yes,Electronic check,101.48,853.88,Yes
CUST-04993,Female,0,No,No,13,Yes,Yes,Fiber optic,No,No,Yes,No,Yes,No,One year,Yes,Electronic check,94.06,1183.1,No
CUST-04994,Female,1,Yes,No,57,Yes,No,Fiber optic,No,Yes,Yes,Yes,No,No,Two year,Yes,Credit card (automatic),91.68,5250.54,No
CUST-04995,Female,0,Yes,No,33,Yes,No,DSL,No,No,No,Yes,No,No,One year,Yes,Electronic check,62.9,1995.71,No
CUST-04996,Male,0,No,No,14,Yes,No,No,No internet service,No internet service,No internet service,No internet service,No internet service,No internet service,Month-to-month,No,Bank transfer (automatic),22.92,316.03,No
CUST-04997,Female,0,No,No,15,Yes,Yes,DSL,No,No,Yes,Yes,No,No,Month-to-month,Yes,Mailed check,58.13,846.62,Yes
CUST-04998,Female,1,Yes,No,44,No,No phone service,Fiber optic,No,No,Yes,No,Yes,No,Month-to-month,Yes,Credit card (automatic),77.84,3442.28,Yes
CUST-04999,Female,0,Yes,No,3,Yes,Yes,Fiber optic,Yes,Yes,Yes,Yes,Yes,Yes,Month-to-month,Yes,Mailed check,92.55,352.25,No
CUST-05000,Male,0,Yes,No,7,Yes,No,No,No internet service,No internet service,No internet service,No internet service,No internet service,No internet service,One year,Yes,Credit card (automatic),25.89,149.1,No
CUST-05001,Male,0,No,No,38,Yes,No,Fiber optic,No,Yes,Yes,No,No,No,One year,Yes,Electronic check,91.64,3493.35,Yes
CUST-05002,Male,0,No,Yes,39,No,No phone service,DSL,No,Yes,No,Yes,Yes,No,One year,Yes,Electronic check,67.48,2612.28,No
CUST-05003,Female,0,Yes,Yes,40,Yes,Yes,DSL,No,No,No,No,No,No,One year,Yes,Credit card (automatic),48.02,1977.22,No
CUST-05004,Female,0,No,No,12,Yes,Yes,Fiber optic,No,No,No,No,No,Yes,Month-to-month,No,Credit card (automatic),78.99,963.67,Yes
CUST-05005,Female,0,Yes,No,34,Yes,No,Fiber optic,No,Yes,No,No,No,No,Month-to-month,No,Mailed check,82.32,2783.48,Yes
CUST-05006,Female,0,No,No,51,Yes,No,Fiber optic,No,Yes,No,Yes,No,Yes,One year,Yes,Credit card (automatic),97.47,5002.93,No
CUST-05007,Male,0,No,No,20,Yes,Yes,No,No internet service,No internet service,No internet service,No internet service,No internet service,No internet service,Month-to-month,No,Electronic check,33.63,630.12,No
CUST-05008,Female,0,No,No,23,Yes,No,Fiber optic,Yes,No,No,Yes,Yes,No,Month-to-month,Yes,Mailed check,91.45,2114.0,Yes
CUST-05009,Female,1,Yes,No,18,Yes,No,Fiber optic,No,No,Yes,Yes,No,Yes,One year,Yes,Electronic check,95.1,1703.78,Yes
CUST-05010,Male,1,Yes,No,7,Yes,Yes,DSL,No,No,No,Yes,No,Yes,Month-to-month,No,Electronic check,63.68,473.76,No
CUST-05011,Female,0,Yes,No,0,Yes,Yes,No,No internet service,No internet service,No internet service,No internet service,No internet service,No internet service,Month-to-month,Yes,Bank transfer (automatic),30.39,0.0,No
CUST-05012,Male,0,No,No,1,No,No phone service,DSL,No,Yes,Yes,Yes,Yes,No,Month-to-month,Yes,Bank transfer (automatic),59.86,29.1,Yes
CUST-05013,Female,0,No,No,8,Yes,Yes,No,No internet service,No internet service,No internet service,No internet service,No internet service,No internet service,Month-to-month,No,Credit card (automatic),24.47,184.53,No
CUST-05014,Female,1,Yes,No,35,Yes,No,DSL,No,Yes,Yes,No,Yes,No,One year,No,Mailed check,60.38,2051.22,No
CUST-05015,Female,0,Yes,No,3,Yes,No,Fiber optic,No,No,No,No,No,No,Month-to-month,No,Bank transfer (automatic),88.99,195.73,No
CUST-05016,Female,0,Yes,Yes,66,No,No phone service,Fiber optic,Yes,Yes,No,Yes,No,No,Two year,Yes,Credit card (automatic),99.83,6634.58,Yes
CUST-05017,Male,1,No,No,18,Yes,Yes,Fiber optic,No,Yes,No,Yes,No,No,Month-to-month,Yes,Electronic check,89.94,1612.25,Yes
CUST-05018,Female,0,No,No,38,Yes,No,No,No internet service,No internet service,No internet service,No internet service,No internet service,No internet service,Month-to-month,Yes,Credit card (automatic),37.58,1482.96,No
CUST-05019,Female,0,Yes,Yes,21,Yes,Yes,Fiber optic,No,No,No,No,No,No,Month-to-month,Yes,Bank transfer (automatic),86.44,1814.45,Yes
CUST-05020,Female,0,No,No,50,No,No phone service,DSL,No,No,Yes,Yes,No,No,Two year,Yes,Credit card (automatic),59.39,3016.87,No
CUST-05021,Female,0,Yes,Yes,20,Yes,No,Fiber optic,No,Yes,No,No,No,No,Month-to-month,No,Credit card (automatic),72.73,1409.84,No
CUST-05022,Male,0,No,No,17,Yes,No,DSL,Yes,Yes,No,No,No,Yes,One year,Yes,Bank transfer (automatic),76.09,1320.65,No
CUST-05023,Female,1,Yes,No,58,Yes,No,DSL,Yes,No,No,No,No,No,Two year,Yes,Credit card (automatic),66.29,3787.5,No
CUST-05024,Male,0,Yes,Yes,8,Yes,Yes,DSL,No,Yes,No,No,Yes,No,Month-to-month,No,Mailed check,59.57,493.47,Yes
CUST-05025,Female,0,No,No,5,Yes,No,Fiber optic,Yes,Yes,No,No,Yes,No,Month-to-month,No,Electronic check,89.94,540.57,No
CUST-05026,Male,0,No,No,47,Yes,No,No,No internet service,No internet service,No internet service,No internet service,No internet service,No internet service,One year,Yes,Electronic check,36.89,1720.25,No
CUST-05027,Male,0,Yes,No,46,Yes,Yes,DSL,No,No,Yes,Yes,Yes,No,Two year,No,Mailed check,60.57,2798.97,No
CUST-05028,Male,0,No,No,4,Yes,No,No,No internet service,No internet service,No internet service,No internet service,No internet service,No internet service,Month-to-month,Yes,Mailed check,19.44,67.16,Yes
CUST-05029,Female,0,No,Yes,69,Yes,Yes,No,No internet service,No internet service,No internet service,No internet service,No internet service,No internet service,Two year,Yes,Credit card (automatic),36.45,2530.23,No
CUST-05030,Male,0,Yes,Yes,49,Yes,No,Fiber optic,No,No,No,No,Yes,No,One year,No,Credit card (automatic),81.02,3967.52,No
CUST-05031,Male,0,No,No,49,Yes,Yes,Fiber optic,No,No,Yes,Yes,No,Yes,Two year,Yes,Mailed check,86.82,4349.75,No
CUST-05032,Female,0,No,No,11,Yes,Yes,Fiber optic,No,Yes,Yes,No,No,Yes,Month-to-month,No,Electronic check,79.31,887.31,No
CUST-05033,Male,0,Yes,No,14,Yes,No,Fiber optic,No,No,Yes,No,No,Yes,Month-to-month,No,Bank transfer (automatic),95.63,1303.76,No
CUST-05034,Male,1,No,Yes,53,Yes,No,No,No internet service,No internet service,No internet service,No internet service,No internet service,No internet service,Month-to-month,No,Bank transfer (automatic),36.47,1908.13,No
CUST-05035,Male,0,No,No,60,No,No phone service,Fiber optic,No,Yes,No,Yes,No,No,Two year,Yes,Bank transfer (automatic),76.29,4632.78,No
CUST-05036,Male,0,Yes,No,1,Yes,No,DSL,Yes,No,Yes,No,Yes,No,Month-to-month,Yes,Electronic check,68.22,56.44,Yes
CUST-05037,Female,0,No,No,31,Yes,No,Fiber optic,No,No,No,No,Yes,Yes,One year,No,Bank transfer (automatic),91.38,2883.24,No
CUST-05038,Female,1,Yes,Yes,9,Yes,No,DSL,Yes,No,No,No,No,No,Month-to-month,No,Credit card (automatic),68.08,651.67,No
CUST-05039,Female,0,No,No,34,No,No phone service,DSL,Yes,No,No,Yes,No,No,Month-to-month,No,Mailed check,56.55,1908.73,No
CUST-05040,Male,0,No,No,13,Yes,No,DSL,No,No,No,No,Yes,No,Month-to-month,Yes,Bank transfer (automatic),46.78,584.15,No
CUST-05041,Male,0,Yes,Yes,38,Yes,No,Fiber optic,No,No,No,Yes,No,No,One year,Yes,Electronic check,81.25,3108.76,No
CUST-05042,Male,0,No,No,0,Yes,No,DSL,No,Yes,Yes,No,Yes,No,Month-to-month,Yes,Mailed check,53.53,0.0,Yes
CUST-05043,Male,0,Yes,No,72,Yes,No,DSL,Yes,No,No,Yes,Yes,No,Two year,Yes,Mailed check,69.18,5028.46,No
CUST-05044,Female,1,No,Yes,34,Yes,Yes,DSL,No,Yes,Yes,No,Yes,No,One year,Yes,Electronic check,50.72,1700.11,Yes
CUST-05045,Female,0,No,Yes,26,Yes,No,Fiber optic,No,Yes,No,Yes,Yes,No,Two year,No,Credit card (automatic),87.83,2277.91,No
CUST-05046,Male,0,Yes,No,14,Yes,No,DSL,No,No,No,No,No,Yes,One year,Yes,Electronic check,51.59,736.71,No
CUST-05047,Female,0,No,Yes,34,Yes,Yes,Fiber optic,Yes,Yes,No,No,No,No,One year,Yes,Bank transfer (automatic),83.24,2846.6,No
CUST-05048,Female,0,Yes,Yes,30,Yes,No,No,No internet service,No internet service,No internet service,No internet service,No internet service,No internet service,One year,No,Bank transfer (automatic),26.21,747.26,No
CUST-05049,Male,0,No,No,2,Yes,No,Fiber optic,No,No,No,Yes,No,No,Month-to-month,No,Bank transfer (automatic),86.98,95.12,Yes
CUST-05050,Female,0,No,No,32,Yes,No,DSL,Yes,No,No,No,Yes,No,Month-to-month,Yes,Electronic check,60.13,1899.78,Yes
CUST-05051,Male,0,No,No,42,Yes,Yes,Fiber optic,No,Yes,No,No,Yes,No,Two year,No,Mailed check,86.67,3652.51,No
CUST-05052,Male,0,Yes,No,27,Yes,Yes,DSL,No,Yes,No,No,No,Yes,Month-to-month,Yes,Bank transfer (automatic),58.3,1612.87,No
CUST-05053,Female,0,No,No,1,Yes,Yes,No,No internet service,No internet service,No internet service,No internet service,No internet service,No internet service,Month-to-month,Yes,Credit card (automatic),35.72,0.0,No
CUST-05054,Female,0,No,No,54,Yes,Yes,DSL,Yes,Yes,Yes,Yes,Yes,No,One year,Yes,Bank transfer (automatic),71.85,3877.17,No
CUST-05055,Male,0,No,Yes,72,Yes,No,DSL,No,Yes,No,No,Yes,No,Two year,No,Electronic check,55.96,3962.44,No
CUST-05056,Female,0,No,No,6,Yes,No,DSL,No,No,Yes,No,Yes,No,Month-to-month,No,Credit card (automatic),51.6,214.03,No
CUST-05057,Female,0,No,No,51,No,No phone service,No,No internet service,No internet service,No internet service,No internet service,No internet service,No internet service,Two year,No,Bank transfer (automatic),29.0,1566.87,No
CUST-05058,Female,0,Yes,No,20,Yes,Yes,DSL,No,No,No,No,No,Yes,Month-to-month,No,Credit card (automatic),58.19,1143.75,No
CUST-05059,Male,0,Yes,No,4,Yes,No,DSL,Yes,No,Yes,No,Yes,No,Month-to-month,Yes,Bank transfer (automatic),57.72,237.47,No
CUST-05060,Female,1,No,No,51,Yes,No,DSL,No,Yes,Yes,No,No,Yes,Two year,Yes,Credit card (automatic),61.09,3146.57,No
CUST-05061,Female,0,Yes,No,27,Yes,No,No,No internet service,No internet service,No internet service,No internet service,No internet service,No internet service,Month-to-month,No,Electronic check,30.43,893.08,Yes
CUST-05062,Female,0,No,No,50,Yes,No,Fiber optic,No,Yes,No,Yes,No,Yes,One year,No,Mailed check,102.73,5127.77,No
CUST-05063,Female,1,No,No,53,Yes,Yes,No,No internet service,No internet service,No internet service,No internet service,No internet service,No internet service,Two year,Yes,Electronic check,39.1,2043.25,No
CUST-05064,Female,0,No,Yes,1,Yes,No,No,No internet service,No internet service,No internet service,No internet service,No internet service,No internet service,Month-to-month,Yes,Electronic check,23.19,0.0,Yes
CUST-05065,Female,0,No,No,39,Yes,No,Fiber optic,Yes,No,No,No,No,Yes,Month-to-month,Yes,Credit card (automatic),87.43,3399.48,No
CUST-05066,Female,0,No,Yes,60,No,No phone service,DSL,Yes,No,No,No,Yes,No,Two year,Yes,Credit card (automatic),62.34,3739.92,No
CUST-05067,Female,1,No,No,39,Yes,No,No,No internet service,No internet service,No internet service,No internet service,No internet service,No internet service,One year,No,Electronic check,34.49,1345.15,No
CUST-05068,Male,0,No,Yes,70,Yes,Yes,Fiber optic,No,Yes,Yes,No,No,No,Two year,Yes,Bank transfer (automatic),97.19,6778.66,No
CUST-05069,Male,0,Yes,No,36,Yes,No,Fiber optic,No,Yes,No,No,No,No,Two year,No,Mailed check,82.92,2940.98,No
CUST-05070,Female,0,Yes,No,34,Yes,Yes,Fiber optic,Yes,Yes,No,No,Yes,No,One year,No,Electronic check,84.15,2927.18,No
CUST-05071,Female,0,Yes,No,32,Yes,Yes,Fiber optic,No,Yes,Yes,No,No,No,Month-to-month,No,Bank transfer (automatic),88.01,2814.76,Yes
CUST-05072,Female,1,No,No,31,Yes,Yes,No,No internet service,No internet service,No internet service,No internet service,No internet service,No internet service,Month-to-month,No,Mailed check,25.73,762.04,No
CUST-05073,Male,0,Yes,Yes,1,No,No phone service,No,No internet service,No internet service,No internet service,No internet service,No internet service,No internet service,Month-to-month,Yes,Electronic check,28.38,0.0,No
CUST-05074,Female,0,No,No,7,Yes,No,Fiber optic,No,No,No,No,No,Yes,Month-to-month,No,Mailed check,80.58,572.22,Yes
CUST-05075,Male,1,No,No,44,Yes,Yes,DSL,Yes,No,No,Yes,No,No,Two year,Yes,Mailed check,67.25,2948.52,No
CUST-05076,Male,0,Yes,No,72,Yes,No,No,No internet service,No internet service,No internet service,No internet service,No internet service,No internet service,Two year,Yes,Bank transfer (automatic),36.05,2559.85,No
CUST-05077,Male,0,No,No,34,Yes,Yes,DSL,Yes,Yes,Yes,No,Yes,No,Two year,No,Electronic check,58.34,2014.38,No
CUST-05078,Male,0,Yes,No,59,Yes,Yes,Fiber optic,No,No,No,Yes,Yes,No,Two year,Yes,Bank transfer (automatic),80.94,4726.35,No
CUST-05079,Female,0,No,Yes,5,Yes,No,DSL,No,No,No,No,Yes,No,Month-to-month,No,Electronic check,51.44,260.91,Yes
CUST-05080,Female,0,Yes,No,8,Yes,Yes,Fiber optic,No,Yes,No,Yes,Yes,Yes,Month-to-month,Yes,Credit card (automatic),90.08,740.17,Yes
CUST-05081,Male,0,Yes,Yes,24,Yes,Yes,Fiber optic,No,Yes,No,Yes,Yes,Yes,Month-to-month,Yes,Electronic check,97.5,2296.43,Yes
CUST-05082,Female,0,Yes,No,53,Yes,No,Fiber optic,No,No,No,Yes,Yes,Yes,One year,No,Bank transfer (automatic),80.57,4274.56,No
CUST-05083,Male,0,No,No,59,Yes,Yes,No,No internet service,No internet service,No internet service,No internet service,No internet service,No internet service,Two year,Yes,Mailed check,29.77,1745.4,No
CUST-05084,Male,0,Yes,No,61,Yes,Yes,No,No internet service,No internet service,No internet service,No internet service,No internet service,No internet service,Two year,Yes,Mailed check,38.02,2342.33,No
CUST-05085,Female,1,No,Yes,50,Yes,No,Fiber optic,No,Yes,Yes,No,No,Yes,Two year,No,Credit card (automatic),87.13,4385.75,No
CUST-05086,Male,0,No,No,11,Yes,No,DSL,Yes,Yes,No,No,No,Yes,Month-to-month,Yes,Bank transfer (automatic),58.66,545.82,No
CUST-05087,Female,0,Yes,No,18,Yes,Yes,Fiber optic,No,No,Yes,No,Yes,Yes,Month-to-month,Yes,Bank transfer (automatic),85.75,1560.97,Yes
CUST-05088,Male,0,Yes,No,18,No,No phone service,Fiber optic,Yes,No,No,No,No,No,Month-to-month,Yes,Credit card (automatic),93.27,1696.41,No
CUST-05089,Male,0,Yes,No,4,Yes,No,Fiber optic,No,No,Yes,No,No,No,One year,No,Credit card (automatic),85.26,411.9,No
CUST-05090,Female,0,No,No,8,No,No phone service,No,No internet service,No internet service,No internet service,No internet service,No internet service,No internet service,Month-to-month,No,Electronic check,33.23,293.86,No
CUST-05091,Female,0,No,Yes,64,Yes,No,Fiber optic,No,Yes,Yes,No,Yes,No,Two year,Yes,Mailed check,85.89,5504.49,No
CUST-05092,Male,0,Yes,No,13,No,No phone service,DSL,Yes,Yes,Yes,Yes,No,No,Month-to-month,No,Credit card (automatic),70.38,898.89,No
CUST-05093,Male,1,No,Yes,35,Yes,No,Fiber optic,No,No,Yes,Yes,No,No,One year,No,Bank transfer (automatic),89.26,3077.69,No
CUST-05094,Female,0,No,No,61,Yes,Yes,DSL,No,Yes,No,No,No,Yes,Two year,Yes,Electronic check,70.19,4297.23,No
CUST-05095,Male,0,No,No,38,Yes,No,DSL,Yes,Yes,No,No,Yes,No,Month-to-month,Yes,Mailed check,67.66,2546.54,No
CUST-05096,Male,0,Yes,Yes,25,Yes,Yes,Fiber optic,Yes,No,No,No,No,No,One year,No,Electronic check,94.5,2333.82,Yes
CUST-05097,Female,0,Yes,Yes,48,No,No phone service,DSL,No,No,No,No,Yes,No,Two year,No,Electronic check,64.1,3069.97,No
CUST-05098,Male,0,Yes,No,65,Yes,No,Fiber optic,Yes,No,No,Yes,Yes,Yes,Two year,No,Mailed check,86.81,5657.11,No
CUST-05099,Female,0,No,No,38,Yes,No,No,No internet service,No internet service,No internet service,No internet service,No internet service,No internet service,Month-to-month,No,Electronic check,37.99,1484.78,Yes
CUST-05100,Male,0,No,No,0,Yes,No,DSL,No,Yes,No,No,No,Yes,One year,No,Bank transfer (automatic),69.94,0.0,No
CUST-05101,Female,0,Yes,No,6,Yes,No,Fiber optic,No,No,No,Yes,Yes,No,Month-to-month,Yes,Mailed check,78.92,484.3,Yes
CUST-05102,Female,0,Yes,No,5,Yes,Yes,Fiber optic,No,Yes,No,No,Yes,Yes,Month-to-month,No,Electronic check,89.11,430.49,Yes
CUST-05103,Male,0,No,No,13,Yes,No,Fiber optic,No,No,No,No,No,No,Month-to-month,Yes,Electronic check,77.37,987.31,No
CUST-05104,Male,1,Yes,No,9,Yes,No,No,No internet service,No internet service,No internet service,No internet service,No internet service,No internet service,One year,Yes,Credit card (automatic),33.27,288.73,No
CUST-05105,Male,0,No,Yes,40,Yes,Yes,No,No internet service,No internet service,No internet service,No internet service,No internet service,No internet service,Month-to-month,Yes,Credit card (automatic),29.11,1172.26,No
CUST-05106,Female,0,Yes,No,17,Yes,Yes,DSL,Yes,No,No,No,Yes,No,One year,Yes,Mailed check,63.09,1024.28,No
CUST-05107,Female,0,Yes,Yes,3,Yes,Yes,Fiber optic,Yes,Yes,No,No,No,Yes,Month-to-month,No,Credit card (automatic),85.76,218.17,Yes
CUST-05108,Female,0,No,No,2,No,No phone service,DSL,No,Yes,No,No,Yes,No,Month-to-month,Yes,Electronic check,51.16,141.04,Yes
CUST-05109,Male,0,Yes,No,5,Yes,Yes,DSL,Yes,No,Yes,Yes,No,No,One year,No,Mailed check,55.57,280.48,No
CUST-05110,Male,0,No,Yes,29,Yes,No,Fiber optic,Yes,Yes,Yes,No,No,No,Month-to-month,Yes,Mailed check,93.85,2611.0,No
CUST-05111,Female,0,Yes,No,15,Yes,No,DSL,Yes,No,No,No,Yes,Yes,Month-to-month,No,Electronic check,57.49,881.9,No
CUST-05112,Female,0,Yes,Yes,24,Yes,Yes,Fiber optic,Yes,Yes,Yes,Yes,Yes,Yes,Month-to-month,No,Credit card (automatic),87.94,2112.66,Yes
CUST-05113,Female,0,No,No,0,Yes,Yes,Fiber optic,Yes,No,Yes,No,No,Yes,Month-to-month,No,Mailed check,84.31,0.0,Yes
CUST-05114,Male,0,Yes,No,17,Yes,No,Fiber optic,No,Yes,Yes,No,No,Yes,Month-to-month,No,Electronic check,94.7,1608.97,Yes
CUST-05115,Male,0,No,No,50,Yes,No,No,No internet service,No internet service,No internet service,No internet service,No internet service,No internet service,Two year,Yes,Electronic check,22.56,1195.43,No
CUST-05116,Male,0,No,No,37,Yes,Yes,No,No internet service,No internet service,No internet service,No internet service,No internet service,No internet service,One year,Yes,Bank transfer (automatic),30.78,1137.79,No
CUST-05117,Male,0,No,No,15,Yes,Yes,Fiber optic,No,Yes,No,No,No,No,Month-to-month,Yes,Bank transfer (automatic),84.59,1175.68,No
CUST-05118,Male,0,Yes,No,10,Yes,No,Fiber optic,No,No,No,No,Yes,Yes,Month-to-month,Yes,Bank transfer (automatic),87.75,933.91,Yes
CUST-05119,Female,0,Yes,Yes,31,Yes,No,DSL,No,No,No,Yes,No,Yes,Two year,Yes,Mailed check,62.33,1973.46,No
CUST-05120,Male,0,Yes,No,6,Yes,Yes,DSL,No,No,Yes,No,Yes,Yes,Month-to-month,No,Bank transfer (automatic),53.68,295.16,No
CUST-05121,Female,1,No,No,10,Yes,No,DSL,No,No,No,No,No,No,Month-to-month,No,Electronic check,59.64,575.28,Yes
CUST-05122,Female,0,Yes,Yes,2,No,No phone service,No,No internet service,No internet service,No internet service,No internet service,No internet service,No internet service,Month-to-month,Yes,Bank transfer (automatic),25.62,89.29,Yes
CUST-05123,Female,0,Yes,Yes,38,Yes,No,Fiber optic,No,Yes,Yes,No,No,No,One year,Yes,Mailed check,84.85,3332.09,No
CUST-05124,Female,0,No,Yes,49,Yes,Yes,Fiber optic,No,No,No,Yes,No,Yes,One year,Yes,Credit card (automatic),84.07,4141.1,No
CUST-05125,Male,0,Yes,Yes,4,Yes,No,Fiber optic,Yes,Yes,Yes,No,No,No,Month-to-month,No,Credit card (automatic),87.77,322.31,Yes
CUST-05126,Female,0,No,Yes,21,Yes,No,Fiber optic,No,No,No,No,Yes,No,Month-to-month,Yes,Bank transfer (automatic),86.49,1842.29,No
CUST-05127,Male,0,Yes,No,25,Yes,Yes,No,No internet service,No internet service,No internet service,No internet service,No internet service,No internet service,One year,Yes,Bank transfer (automatic),32.48,783.69,No
CUST-05128,Female,1,No,No,1,No,No phone service,DSL,Yes,Yes,Yes,No,Yes,Yes,Month-to-month,No,Electronic check,75.7,44.51,No
CUST-05129,Female,0,No,No,36,No,No phone service,No,No internet service,No internet service,No internet service,No internet service,No internet service,No internet service,Month-to-month,Yes,Bank transfer (automatic),48.41,1735.52,No
CUST-05130,Female,1,Yes,Yes,57,Yes,Yes,Fiber optic,Yes,No,No,No,No,No,Two year,No,Mailed check,87.91,5042.71,No
CUST-05131,Male,0,No,No,14,Yes,Yes,DSL,Yes,Yes,No,No,Yes,No,Month-to-month,Yes,Electronic check,69.8,1017.94,Yes
CUST-05132,Male,0,No,No,1,Yes,No,Fiber optic,No,No,No,No,Yes,No,Month-to-month,Yes,Electronic check,80.99,26.66,Yes
CUST-05133,Male,0,Yes,Yes,16,Yes,No,Fiber optic,Yes,Yes,Yes,No,No,Yes,One year,Yes,Mailed check,86.52,1358.34,No
CUST-05134,Male,0,No,No,23,Yes,Yes,DSL,No,Yes,No,Yes,No,No,One year,No,Mailed check,57.04,1244.83,No
CUST-05135,Female,0,No,No,17,Yes,Yes,DSL,Yes,No,Yes,Yes,No,No,Month-to-month,Yes,Credit card (automatic),57.37,1017.91,No
CUST-05136,Male,0,No,Yes,16,Yes,Yes,Fiber optic,Yes,No,No,No,No,No,Month-to-month,Yes,Electronic check,91.23,1474.59,Yes
CUST-05137,Male,0,No,No,13,Yes,No,Fiber optic,No,Yes,Yes,No,No,Yes,Month-to-month,No,Electronic check,100.1,1316.53,Yes
CUST-05138,Female,0,Yes,No,6,Yes,Yes,Fiber optic,Yes,No,Yes,Yes,No,No,Month-to-month,No,Bank transfer (automatic),93.26,559.81,No
CUST-05139,Male,0,Yes,No,8,Yes,No,Fiber optic,No,No,No,Yes,No,No,Month-to-month,No,Bank transfer (automatic),84.34,685.11,No
CUST-05140,Female,0,Yes,No,5,Yes,No,Fiber optic,No,Yes,No,Yes,No,No,Month-to-month,Yes,Credit card (automatic),87.4,448.38,No
CUST-05141,Male,0,Yes,No,24,Yes,No,No,No internet service,No internet service,No internet service,No internet service,No internet service,No internet service,Month-to-month,No,Bank transfer (automatic),30.16,737.51,No
CUST-05142,Male,1,Yes,No,6,Yes,Yes,No,No internet service,No internet service,No internet service,No internet service,No internet service,No internet service,Month-to-month,No,Bank transfer (automatic),41.62,216.17,No
CUST-05143,Female,0,Yes,No,1,Yes,No,DSL,Yes,Yes,No,No,No,No,Month-to-month,Yes,Mailed check,65.95,101.43,Yes
CUST-05144,Female,0,Yes,No,35,Yes,No,DSL,No,Yes,Yes,No,No,Yes,One year,Yes,Electronic check,73.69,2628.07,Yes
CUST-05145,Female,0,No,No,9,Yes,No,Fiber optic,No,No,Yes,No,No,Yes,One year,Yes,Credit card (automatic),85.51,779.51,No
CUST-05146,Female,0,Yes,No,62,Yes,No,DSL,Yes,Yes,No,No,No,Yes,Two year,Yes,Bank transfer (automatic),61.71,3816.95,No
CUST-05147,Male,0,No,No,12,Yes,No,No,No internet service,No internet service,No internet service,No internet service,No internet service,No internet service,One year,Yes,Credit card (automatic),30.0,436.11,No
CUST-05148,Female,0,No,Yes,46,Yes,No,DSL,Yes,Yes,No,No,Yes,No,One year,Yes,Credit card (automatic),57.55,2676.8,No
CUST-05149,Male,0,No,Yes,19,Yes,Yes,DSL,No,No,No,No,No,No,Month-to-month,Yes,Credit card (automatic),60.46,1083.99,Yes
CUST-05150,Female,0,Yes,Yes,8,Yes,No,No,No internet service,No internet service,No internet service,No internet service,No internet service,No internet service,One year,Yes,Electronic check,24.5,222.31,No
CUST-05151,Male,0,No,No,13,Yes,Yes,DSL,Yes,Yes,Yes,No,No,Yes,Month-to-month,No,Credit card (automatic),57.39,791.79,No
CUST-05152,Female,1,No,No,33,Yes,No,DSL,No,Yes,Yes,Yes,No,No,Two year,No,Bank transfer (automatic),79.03,2601.32,No
CUST-05153,Male,1,No,No,42,Yes,No,No,No internet service,No internet service,No internet service,No internet service,No internet service,No internet service,Two year,No,Credit card (automatic),39.02,1587.24,No
CUST-05154,Female,0,Yes,No,1,Yes,Yes,DSL,Yes,No,No,Yes,Yes,No,Month-to-month,No,Credit card (automatic),65.86,115.54,Yes
CUST-05155,Female,0,Yes,No,46,Yes,Yes,Fiber optic,No,No,No,Yes,Yes,No,Two year,No,Mailed check,92.39,4262.2,No
CUST-05156,Female,0,No,No,39,Yes,Yes,Fiber optic,No,No,No,Yes,No,No,One year,Yes,Mailed check,89.3,3532.16,No
CUST-05157,Female,0,Yes,Yes,30,Yes,Yes,DSL,No,No,Yes,No,No,No,One year,No,Electronic check,56.79,1712.8,No
CUST-05158,Male,0,No,No,21,Yes,No,DSL,No,No,No,No,Yes,No,Month-to-month,No,Electronic check,67.87,1357.61,Yes
CUST-05159,Male,0,No,No,11,Yes,Yes,DSL,No,No,No,No,No,No,Month-to-month,Yes,Credit card (automatic),63.38,726.8,No
CUST-05160,Female,0,No,No,31,No,No phone service,Fiber optic,No,Yes,No,No,Yes,No,Two year,No,Credit card (automatic),91.97,2878.89,No
CUST-05161,Male,0,No,No,17,Yes,Yes,No,No internet service,No internet service,No internet service,No internet service,No internet service,No internet service,Month-to-month,No,Electronic check,19.5,293.19,No
CUST-05162,Male,0,No,No,13,Yes,Yes,Fiber optic,No,Yes,No,No,No,No,Month-to-month,Yes,Electronic check,76.3,1093.34,Yes
CUST-05163,Male,1,No,No,9,Yes,No,Fiber optic,Yes,No,Yes,No,No,No,Month-to-month,No,Electronic check,93.25,802.67,Yes
CUST-05164,Female,1,No,No,7,Yes,Yes,Fiber optic,No,No,No,No,Yes,No,Month-to-month,No,Electronic check,95.44,639.18,Yes
CUST-05165,Male,0,Yes,Yes,59,Yes,No,Fiber optic,No,No,No,No,Yes,Yes,One year,No,Credit card (automatic),80.5,4812.46,No
CUST-05166,Male,0,No,No,38,No,No phone service,Fiber optic,Yes,No,No,No,Yes,No,One year,No,Mailed check,93.75,3509.16,No
CUST-05167,Female,0,No,No,63,Yes,No,No,No internet service,No internet service,No internet service,No internet service,No internet service,No internet service,Two year,No,Bank transfer (automatic),24.72,1553.69,No
CUST-05168,Male,0,No,No,43,Yes,No,Fiber optic,No,No,Yes,No,Yes,Yes,One year,Yes,Electronic check,92.23,3938.58,No
CUST-05169,Male,0,Yes,No,24,Yes,No,Fiber optic,No,No,Yes,No,No,Yes,One year,No,Electronic check,86.15,2067.04,No
CUST-05170,Male,1,Yes,No,59,Yes,No,DSL,Yes,Yes,Yes,No,Yes,Yes,Two year,No,Mailed check,68.15,3981.02,No
CUST-05171,Female,0,No,No,3,Yes,Yes,Fiber optic,No,No,No,No,Yes,Yes,Month-to-month,Yes,Mailed check,86.02,338.4,Yes
CUST-05172,Male,0,Yes,No,22,Yes,Yes,Fiber optic,No,Yes,No,No,Yes,No,One year,Yes,Mailed check,90.38,1952.59,No
CUST-05173,Female,1,No,Yes,37,Yes,Yes,Fiber optic,No,No,Yes,No,No,No,Two year,Yes,Electronic check,96.23,3590.3,Yes
CUST-05174,Male,0,No,No,30,Yes,No,No,No internet service,No internet service,No internet service,No internet service,No internet service,No internet service,One year,Yes,Mailed check,24.74,684.59,No
CUST-05175,Male,0,Yes,Yes,38,Yes,Yes,DSL,No,Yes,Yes,No,Yes,No,One year,No,Electronic check,60.55,2293.92,No
CUST-05176,Male,0,Yes,No,5,Yes,Yes,Fiber optic,No,No,No,Yes,Yes,No,Month-to-month,Yes,Credit card (automatic),90.47,505.79,Yes
CUST-05177,Male,0,No,No,9,Yes,Yes,No,No internet service,No internet service,No internet service,No internet service,No internet service,No internet service,Month-to-month,No,Mailed check,31.26,287.5,No
CUST-05178,Male,0,Yes,No,30,Yes,Yes,DSL,No,No,No,No,Yes,Yes,One year,Yes,Credit card (automatic),54.38,1684.69,No
CUST-05179,Male,0,No,No,25,Yes,Yes,Fiber optic,No,No,Yes,No,No,No,One year,No,Credit card (automatic),70.34,1751.01,No
CUST-05180,Male,0,No,No,43,Yes,No,DSL,No,Yes,No,No,No,Yes,Month-to-month,Yes,Bank transfer (automatic),52.7,2292.6,No
CUST-05181,Female,0,No,No,8,No,No phone service,Fiber optic,No,Yes,Yes,No,No,Yes,Month-to-month,No,Mailed check,86.23,698.03,Yes
CUST-05182,Female,0,Yes,No,10,No,No phone service,No,No internet service,No internet service,No internet service,No internet service,No internet service,No internet service,Month-to-month,Yes,Electronic check,27.71,238.62,No
CUST-05183,Female,0,Yes,No,9,Yes,No,Fiber optic,No,Yes,No,Yes,Yes,No,Month-to-month,Yes,Mailed check,94.82,900.19,Yes
CUST-05184,Female,1,No,Yes,6,Yes,No,Fiber optic,No,No,No,No,Yes,Yes,Month-to-month,Yes,Bank transfer (automatic),81.63,457.19,Yes
CUST-05185,Female,0,Yes,No,10,Yes,No,Fiber optic,No,No,No,No,Yes,No,Month-to-month,No,Mailed check,83.23,851.25,No
CUST-05186,Female,0,Yes,No,25,Yes,Yes,DSL,No,Yes,No,Yes,No,Yes,Month-to-month,No,Bank transfer (automatic),71.71,1786.07,Yes
CUST-05187,Female,0,No,No,14,No,No phone service,DSL,No,No,No,No,No,Yes,Month-to-month,No,Credit card (automatic),54.14,770.83,No
CUST-05188,Male,0,Yes,No,31,Yes,No,Fiber optic,No,No,Yes,No,Yes,Yes,Two year,No,Credit card (automatic),96.51,2993.59,No
CUST-05189,Female,0,Yes,Yes,1,Yes,No,No,No internet service,No internet service,No internet service,No internet service,No internet service,No internet service,Month-to-month,Yes,Mailed check,33.32,116.3,No
CUST-05190,Male,0,No,No,7,Yes,Yes,Fiber optic,No,Yes,Yes,No,No,No,One year,Yes,Credit card (automatic),94.98,693.74,No
CUST-05191,Female,0,Yes,No,2,Yes,Yes,Fiber optic,No,Yes,Yes,No,Yes,No,Month-to-month,No,Mailed check,85.67,156.92,Yes
CUST-05192,Female,0,Yes,No,33,Yes,Yes,DSL,Yes,No,Yes,No,Yes,No,Month-to-month,Yes,Mailed check,62.53,2055.61,Yes
CUST-05193,Male,0,Yes,No,4,Yes,Yes,DSL,Yes,Yes,Yes,Yes,Yes,No,Month-to-month,Yes,Credit card (automatic),64.87,259.74,Yes
CUST-05194,Male,0,No,Yes,3,Yes,No,DSL,No,Yes,No,No,Yes,Yes,Month-to-month,No,Bank transfer (automatic),70.07,194.11,Yes
CUST-05195,Male,0,No,No,16,No,No phone service,No,No internet service,No internet service,No internet service,No internet service,No internet service,No internet service,Month-to-month,Yes,Mailed check,28.0,397.22,No
CUST-05196,Male,0,No,No,3,Yes,No,Fiber optic,No,No,No,No,Yes,Yes,Month-to-month,No,Electronic check,87.01,343.7,Yes
CUST-05197,Female,0,No,No,3,Yes,No,No,No internet service,No internet service,No internet service,No internet service,No internet service,No internet service,Month-to-month,No,Electronic check,18.0,91.44,No
CUST-05198,Female,0,Yes,Yes,56,Yes,No,DSL,No,No,No,No,Yes,Yes,One year,Yes,Electronic check,50.38,2795.12,No
CUST-05199,Female,0,No,Yes,0,Yes,No,Fiber optic,No,Yes,Yes,No,Yes,No,Month-to-month,Yes,Electronic check,95.72,0.0,Yes
CUST-05200,Female,0,Yes,No,17,Yes,No,DSL,No,No,Yes,Yes,No,No,Month-to-month,Yes,Mailed check,65.61,1166.05,Yes
CUST-05201,Male,0,No,No,40,No,No phone service,No,No internet service,No internet service,No internet service,No internet service,No internet service,No internet service,Two year,Yes,Mailed check,29.27,1153.43,No
CUST-05202,Male,0,No,No,19,Yes,Yes,DSL,No,Yes,Yes,No,No,Yes,Month-to-month,No,Mailed check,79.2,1432.79,No
CUST-05203,Female,0,Yes,Yes,1,Yes,No,DSL,No,No,Yes,Yes,No,Yes,Month-to-month,No,Bank transfer (automatic),60.97,27.91,No
CUST-05204,Female,0,No,No,15,Yes,No,DSL,Yes,No,No,Yes,No,Yes,One year,No,Bank transfer (automatic),66.98,957.61,No
CUST-05205,Female,0,No,No,46,Yes,Yes,DSL,No,Yes,No,Yes,No,Yes,One year,Yes,Mailed check,66.11,3039.02,No
CUST-05206,Male,0,Yes,No,9,Yes,No,DSL,No,No,No,Yes,No,Yes,One year,No,Credit card (automatic),66.27,544.41,No
CUST-05207,Female,0,No,No,41,Yes,No,No,No internet service,No internet service,No internet service,No internet service,No internet service,No internet service,Two year,Yes,Electronic check,32.93,1384.2,Yes
CUST-05208,Female,0,No,Yes,68,Yes,No,No,No internet service,No internet service,No internet service,No internet service,No internet service,No internet service,Month-to-month,No,Electronic check,21.28,1454.87,No
CUST-05209,Male,0,Yes,Yes,0,Yes,Yes,Fiber optic,No,No,No,No,No,No,Month-to-month,No,Electronic check,75.77,0.0,No
CUST-05210,Male,0,Yes,Yes,46,Yes,Yes,No,No internet service,No internet service,No internet service,No internet service,No internet service,No internet service,Two year,Yes,Electronic check,27.55,1291.28,No
CUST-05211,Male,0,No,No,39,Yes,No,Fiber optic,No,No,Yes,No,Yes,Yes,One year,No,Bank transfer (automatic),93.77,3613.37,No
CUST-05212,Male,0,Yes,No,40,Yes,No,No,No internet service,No internet service,No internet service,No internet service,No internet service,No internet service,Two year,Yes,Mailed check,39.38,1486.09,No
CUST-05213,Male,0,Yes,Yes,37,Yes,Yes,DSL,Yes,No,Yes,Yes,No,No,One year,Yes,Mailed check,66.96,2511.23,No
CUST-05214,Female,0,No,No,14,Yes,No,Fiber optic,No,No,No,No,Yes,Yes,Month-to-month,Yes,Electronic check,84.87,1159.89,Yes
CUST-05215,Female,0,No,No,32,Yes,No,DSL,Yes,No,No,No,Yes,Yes,One year,Yes,Electronic check,61.55,1997.52,No
CUST-05216,Male,0,Yes,No,6,Yes,Yes,No,No internet service,No internet service,No internet service,No internet service,No internet service,No internet service,Month-to-month,No,Electronic check,33.35,194.93,No
CUST-05217,Female,0,Yes,No,1,No,No phone service,DSL,No,Yes,No,No,Yes,No,Month-to-month,No,Mailed check,58.26,66.28,Yes
CUST-05218,Female,0,No,No,55,No,No phone service,DSL,No,No,No,Yes,Yes,Yes,Month-to-month,No,Mailed check,66.89,3716.67,No
CUST-05219,Male,0,No,Yes,13,Yes,No,DSL,Yes,Yes,Yes,Yes,No,No,Month-to-month,Yes,Mailed check,53.26,661.11,No
CUST-05220,Male,0,No,No,37,Yes,No,Fiber optic,No,No,No,No,No,Yes,One year,Yes,Electronic check,77.71,2846.11,Yes
CUST-05221,Male,0,No,No,24,Yes,No,Fiber optic,No,Yes,Yes,No,Yes,Yes,One year,Yes,Electronic check,95.18,2338.16,Yes
CUST-05222,Female,0,Yes,No,57,Yes,No,Fiber optic,No,No,Yes,No,Yes,Yes,Two year,No,Electronic check,102.52,5880.78,No
CUST-05223,Female,0,No,Yes,9,Yes,Yes,No,No internet service,No internet service,No internet service,No internet service,No internet service,No internet service,Month-to-month,Yes,Mailed check,24.51,237.21,No
CUST-05224,Female,0,No,No,3,Yes,Yes,Fiber optic,No,No,Yes,No,Yes,No,Month-to-month,Yes,Credit card (automatic),90.55,217.66,Yes
CUST-05225,Female,0,No,No,45,No,No phone service,Fiber optic,No,No,No,No,Yes,No,Month-to-month,Yes,Credit card (automatic),93.09,4180.58,No
CUST-05226,Male,1,Yes,No,12,Yes,No,Fiber optic,Yes,No,No,No,Yes,Yes,Month-to-month,Yes,Credit card (automatic),95.35,1102.62,No
CUST-05227,Male,1,Yes,Yes,10,Yes,No,No,No internet service,No internet service,No internet service,No internet service,No internet service,No internet service,Month-to-month,No,Credit card (automatic),31.08,285.42,No
CUST-05228,Female,0,No,No,2,Yes,No,Fiber optic,No,Yes,Yes,No,No,Yes,Month-to-month,Yes,Bank transfer (automatic),98.04,163.45,Yes
CUST-05229,Male,0,No,Yes,29,Yes,Yes,DSL,No,Yes,Yes,No,Yes,Yes,One year,No,Mailed check,57.83,1634.94,No
CUST-05230,Male,0,No,No,0,Yes,Yes,Fiber optic,No,Yes,Yes,No,No,No,Month-to-month,Yes,Electronic check,74.55,0.0,Yes
CUST-05231,Male,0,Yes,Yes,35,Yes,No,Fiber optic,No,No,Yes,No,Yes,No,One year,Yes,Bank transfer (automatic),78.78,2721.74,No
CUST-05232,Male,0,No,No,15,Yes,Yes,No,No internet service,No internet service,No internet service,No internet service,No internet service,No internet service,Month-to-month,Yes,Bank transfer (automatic),18.0,251.13,No
CUST-05233,Male,0,Yes,Yes,10,Yes,Yes,Fiber optic,Yes,No,Yes,No,No,Yes,Month-to-month,No,Mailed check,84.3,809.09,Yes
CUST-05234,Male,0,No,No,64,Yes,No,Fiber optic,Yes,No,Yes,Yes,No,Yes,Two year,Yes,Credit card (automatic),91.16,5886.58,No
CUST-05235,Male,0,No,No,13,Yes,Yes,Fiber optic,No,No,Yes,No,No,No,Month-to-month,Yes,Electronic check,81.17,1064.59,Yes
CUST-05236,Female,0,No,No,11,Yes,Yes,Fiber optic,No,No,No,Yes,Yes,Yes,Month-to-month,Yes,Bank transfer (automatic),74.93,844.27,No
CUST-05237,Female,0,Yes,Yes,62,Yes,No,DSL,Yes,Yes,Yes,Yes,No,No,Two year,Yes,Electronic check,63.44,3927.91,No
CUST-05238,Female,0,No,Yes,6,Yes,No,No,No internet service,No internet service,No internet service,No internet service,No internet service,No internet service,Month-to-month,No,Credit card (automatic),27.56,164.02,No
CUST-05239,Female,0,Yes,Yes,72,Yes,Yes,DSL,No,Yes,Yes,No,Yes,No,Month-to-month,Yes,Bank transfer (automatic),66.61,4805.3,No
CUST-05240,Female,0,No,Yes,0,Yes,No,DSL,No,No,No,Yes,No,Yes,Month-to-month,No,Bank transfer (automatic),66.69,0.0,Yes
CUST-05241,Male,0,No,No,31,Yes,Yes,Fiber optic,No,Yes,Yes,No,Yes,Yes,One year,Yes,Electronic check,96.02,3020.77,Yes
CUST-05242,Female,0,No,No,27,Yes,Yes,DSL,No,Yes,Yes,No,Yes,Yes,One year,No,Bank transfer (automatic),48.92,1324.97,No
CUST-05243,Female,0,No,No,22,Yes,No,DSL,No,Yes,No,No,Yes,No,One year,Yes,Bank transfer (automatic),55.69,1187.61,No
CUST-05244,Female,0,No,No,64,Yes,No,No,No internet service,No internet service,No internet service,No internet service,No internet service,No internet service,Two year,Yes,Bank transfer (automatic),24.9,1620.73,No
CUST-05245,Male,0,Yes,No,22,Yes,Yes,Fiber optic,Yes,No,No,Yes,Yes,No,Month-to-month,No,Bank transfer (automatic),82.72,1800.85,No
CUST-05246,Male,0,Yes,No,15,Yes,No,No,No internet service,No internet service,No internet service,No internet service,No internet service,No internet service,Month-to-month,No,Electronic check,37.48,544.55,Yes
CUST-05247,Female,0,No,No,55,Yes,No,DSL,Yes,No,No,No,No,No,Two year,Yes,Bank transfer (automatic),54.9,3012.01,No
CUST-05248,Female,1,No,No,3,Yes,No,DSL,No,No,No,No,No,Yes,Month-to-month,Yes,Credit card (automatic),54.44,169.18,Yes
CUST-05249,Female,0,No,No,64,Yes,No,DSL,Yes,No,No,No,Yes,No,Two year,Yes,Credit card (automatic),63.01,4071.53,No
CUST-05250,Female,0,Yes,Yes,51,No,No phone service,DSL,Yes,No,No,No,Yes,Yes,Two year,Yes,Mailed check,53.11,2669.04,Yes
CUST-05251,Male,0,Yes,No,68,Yes,Yes,Fiber optic,No,No,No,Yes,Yes,Yes,Two year,Yes,Mailed check,83.65,5709.98,No
CUST-05252,Male,0,No,No,1,Yes,Yes,No,No internet service,No internet service,No internet service,No internet service,No internet service,No internet service,Month-to-month,Yes,Electronic check,30.34,18.23,No
CUST-05253,Female,0,No,No,35,Yes,Yes,Fiber optic,No,Yes,Yes,No,No,No,One year,Yes,Bank transfer (automatic),81.18,2963.45,Yes
CUST-05254,Female,0,No,No,49,Yes,No,Fiber optic,No,No,No,Yes,No,Yes,Two year,Yes,Mailed check,97.16,4755.45,No
CUST-05255,Male,0,Yes,Yes,17,Yes,No,Fiber optic,No,Yes,Yes,Yes,No,Yes,Month-to-month,Yes,Electronic check,95.6,1668.16,Yes
CUST-05256,Male,0,Yes,No,25,Yes,Yes,DSL,No,No,No,No,No,No,One year,Yes,Bank transfer (automatic),55.51,1457.41,Yes
CUST-05257,Male,0,Yes,No,1,Yes,Yes,DSL,No,No,Yes,No,Yes,No,Month-to-month,No,Credit card (automatic),61.64,21.43,No
CUST-05258,Male,0,Yes,No,9,Yes,No,Fiber optic,Yes,No,No,No,No,No,Month-to-month,Yes,Bank transfer (automatic),76.02,683.51,Yes
CUST-05259,Female,0,No,No,48,Yes,Yes,DSL,No,No,No,Yes,No,No,Two year,No,Electronic check,57.22,2766.67,No
CUST-05260,Male,0,Yes,No,55,Yes,No,Fiber optic,No,No,No,No,No,No,Two year,Yes,Electronic check,74.55,4064.75,No
CUST-05261,Female,0,Yes,No,0,Yes,No,Fiber optic,No,No,No,No,Yes,Yes,Month-to-month,Yes,Electronic check,94.34,0.0,Yes
CUST-05262,Male,0,No,No,1,Yes,No,DSL,No,Yes,Yes,Yes,No,Yes,Month-to-month,No,Mailed check,77.54,66.14,Yes
CUST-05263,Female,0,Yes,No,32,Yes,No,DSL,No,Yes,No,No,Yes,Yes,One year,No,Credit card (automatic),54.99,1791.58,No
CUST-05264,Male,0,No,No,6,No,No phone service,Fiber optic,No,No,No,Yes,Yes,Yes,Month-to-month,No,Bank transfer (automatic),86.44,583.74,No
CUST-05265,Female,0,Yes,No,22,Yes,No,Fiber optic,No,Yes,No,No,Yes,No,One year,No,Mailed check,88.09,1930.5,No
CUST-05266,Female,0,Yes,No,31,Yes,No,Fiber optic,No,No,No,No,No,Yes,One year,Yes,Bank transfer (automatic),91.68,2803.87,No
CUST-05267,Female,0,Yes,No,23,No,No phone service,DSL,No,No,Yes,No,No,No,Month-to-month,No,Credit card (automatic),69.63,1688.4,No
CUST-05268,Female,1,No,No,46,Yes,Yes,Fiber optic,Yes,No,No,No,No,No,One year,Yes,Bank transfer (automatic),87.42,4044.11,No
CUST-05269,Female,0,Yes,No,33,Yes,No,Fiber optic,No,Yes,Yes,No,Yes,No,Month-to-month,Yes,Bank transfer (automatic),98.32,3276.27,No
CUST-05270,Female,0,No,No,12,Yes,Yes,No,No internet service,No internet service,No internet service,No internet service,No internet service,No internet service,Month-to-month,No,Electronic check,28.76,278.1,No
CUST-05271,Male,0,No,Yes,50,Yes,No,Fiber optic,Yes,No,Yes,No,Yes,Yes,Two year,Yes,Bank transfer (automatic),89.64,4417.52,No
CUST-05272,Male,1,Yes,Yes,36,Yes,Yes,Fiber optic,No,Yes,No,Yes,No,Yes,Month-to-month,Yes,Credit card (automatic),83.35,2986.09,Yes
CUST-05273,Male,0,No,Yes,13,Yes,Yes,Fiber optic,No,No,No,Yes,No,Yes,Month-to-month,Yes,Electronic check,82.88,1100.82,Yes
CUST-05274,Male,0,Yes,Yes,37,No,No phone service,DSL,Yes,No,No,No,No,No,One year,Yes,Electronic check,57.47,2127.53,No
CUST-05275,Female,0,Yes,No,9,Yes,Yes,Fiber optic,No,Yes,No,No,Yes,No,Month-to-month,Yes,Credit card (automatic),84.4,734.95,Yes
CUST-05276,Male,0,No,No,9,Yes,Yes,Fiber optic,Yes,Yes,No,Yes,No,Yes,Month-to-month,Yes,Mailed check,108.33,930.45,No
CUST-05277,Male,0,Yes,No,55,Yes,No,Fiber optic,Yes,No,No,No,No,Yes,Two year,No,Mailed check,88.69,4911.94,No
CUST-05278,Female,0,No,No,15,Yes,Yes,No,No internet service,No internet service,No internet service,No internet service,No internet service,No internet service,Month-to-month,No,Bank transfer (automatic),26.51,418.36,No
CUST-05279,Male,1,No,Yes,1,Yes,Yes,Fiber optic,No,No,No,No,No,Yes,Month-to-month,Yes,Mailed check,78.34,52.69,Yes
CUST-05280,Male,0,Yes,No,4,Yes,Yes,DSL,Yes,Yes,No,No,No,Yes,Month-to-month,No,Credit card (automatic),60.15,237.41,Yes
CUST-05281,Female,0,Yes,Yes,15,Yes,No,DSL,No,No,Yes,No,No,Yes,One year,No,Electronic check,56.57,815.47,No
CUST-05282,Female,0,No,Yes,23,Yes,No,DSL,Yes,Yes,No,No,Yes,No,Month-to-month,No,Bank transfer (automatic),61.96,1391.01,No
CUST-05283,Female,1,No,No,43,Yes,No,No,No internet service,No internet service,No internet service,No internet service,No internet service,No internet service,Two year,Yes,Mailed check,42.44,1833.05,No
CUST-05284,Female,0,Yes,Yes,35,Yes,Yes,DSL,No,No,Yes,No,No,No,Month-to-month,Yes,Mailed check,61.53,2234.75,No
CUST-05285,Female,0,No,No,24,Yes,No,No,No internet service,No internet service,No internet service,No internet service,No internet service,No internet service,One year,No,Mailed check,30.04,733.05,No
CUST-05286,Female,0,Yes,No,42,Yes,No,Fiber optic,No,No,No,No,No,Yes,Two year,Yes,Credit card (automatic),82.94,3506.84,Yes
CUST-05287,Male,0,No,No,38,Yes,Yes,No,No internet service,No internet service,No internet service,No internet service,No internet service,No internet service,One year,No,Bank transfer (automatic),25.82,970.53,No
CUST-05288,Female,0,Yes,No,12,Yes,No,Fiber optic,Yes,No,Yes,No,No,No,One year,Yes,Electronic check,88.91,1057.69,No
CUST-05289,Male,0,No,No,27,Yes,No,No,No internet service,No internet service,No internet service,No internet service,No internet service,No internet service,Month-to-month,No,Electronic check,31.59,877.05,No
CUST-05290,Male,0,No,No,0,Yes,Yes,Fiber optic,No,No,No,No,No,Yes,Month-to-month,No,Credit card (automatic),88.37,0.0,No
CUST-05291,Female,1,No,No,38,Yes,Yes,DSL,Yes,No,No,No,No,No,Month-to-month,No,Mailed check,65.75,2520.08,Yes
CUST-05292,Female,1,No,No,4,Yes,No,Fiber optic,No,No,No,Yes,No,Yes,Month-to-month,No,Bank transfer (automatic),95.44,334.68,Yes
CUST-05293,Male,0,No,Yes,72,Yes,Yes,DSL,No,No,No,No,No,No,Month-to-month,No,Bank transfer (automatic),46.96,3376.37,No
CUST-05294,Female,0,Yes,No,34,Yes,Yes,DSL,No,No,Yes,No,No,Yes,One year,No,Electronic check,61.68,2096.74,No
CUST-05295,Female,0,Yes,Yes,40,Yes,Yes,DSL,Yes,No,Yes,No,No,Yes,Month-to-month,Yes,Electronic check,69.58,2807.0,Yes
CUST-05296,Female,0,No,Yes,68,No,No phone service,DSL,Yes,Yes,No,Yes,No,No,Two year,Yes,Bank transfer (automatic),59.42,4055.19,No
CUST-05297,Male,0,Yes,No,16,Yes,Yes,Fiber optic,No,No,Yes,Yes,No,No,One year,No,Mailed check,82.05,1284.6,No
CUST-05298,Female,0,No,No,4,Yes,Yes,Fiber optic,No,No,Yes,No,Yes,No,Month-to-month,Yes,Bank transfer (automatic),76.32,350.63,Yes
CUST-05299,Male,0,Yes,Yes,23,Yes,No,No,No internet service,No internet service,No internet service,No internet service,No internet service,No internet service,Month-to-month,No,Bank transfer (automatic),22.47,571.17,No
CUST-05300,Female,0,No,No,30,Yes,Yes,Fiber optic,No,No,No,Yes,No,No,One year,Yes,Mailed check,83.18,2472.44,No
CUST-05301,Male,0,No,Yes,4,Yes,No,Fiber optic,Yes,Yes,No,No,No,Yes,Month-to-month,Yes,Credit card (automatic),96.24,345.79,No
CUST-05302,Female,0,No,No,23,Yes,No,Fiber optic,No,Yes,Yes,Yes,No,No,Month-to-month,Yes,Credit card (automatic),80.73,1829.19,Yes
CUST-05303,Male,0,Yes,No,72,No,No phone service,Fiber optic,No,No,Yes,No,No,No,Month-to-month,Yes,Mailed check,91.48,6559.91,Yes
CUST-05304,Male,0,No,No,14,Yes,No,Fiber optic,No,No,No,No,Yes,No,One year,No,Mailed check,85.0,1189.6,No
CUST-05305,Male,0,No,Yes,6,Yes,No,No,No internet service,No internet service,No internet service,No internet service,No internet service,No internet service,Month-to-month,Yes,Mailed check,19.04,156.32,No
CUST-05306,Female,0,No,No,2,Yes,Yes,DSL,No,No,No,No,No,No,Month-to-month,No,Electronic check,58.86,113.98,No
CUST-05307,Male,0,No,No,6,Yes,Yes,DSL,No,Yes,No,No,No,Yes,Month-to-month,Yes,Bank transfer (automatic),63.97,431.83,Yes
CUST-05308,Female,0,Yes,No,21,No,No phone service,Fiber optic,No,No,Yes,No,Yes,Yes,Month-to-month,No,Credit card (automatic),90.86,1974.51,No
CUST-05309,Male,1,Yes,Yes,7,Yes,No,DSL,No,Yes,Yes,No,Yes,No,Month-to-month,No,Electronic check,68.01,517.06,Yes
CUST-05310,Male,1,Yes,No,26,Yes,Yes,DSL,No,Yes,No,No,No,Yes,One year,No,Bank transfer (automatic),67.43,1792.43,Yes
CUST-05311,Female,0,No,No,10,Yes,No,DSL,No,No,No,Yes,No,No,One year,Yes,Bank transfer (automatic),58.54,621.28,Yes
CUST-05312,Female,1,No,No,21,Yes,No,DSL,Yes,Yes,Yes,No,Yes,No,Month-to-month,Yes,Electronic check,73.6,1548.3,No
CUST-05313,Male,0,Yes,No,49,Yes,No,DSL,No,Yes,No,No,No,Yes,Two year,Yes,Mailed check,52.62,2534.71,No
CUST-05314,Male,1,No,No,20,Yes,No,DSL,Yes,Yes,Yes,No,Yes,No,One year,Yes,Credit card (automatic),70.19,1449.77,No
CUST-05315,Male,1,Yes,No,23,Yes,Yes,No,No internet service,No internet service,No internet service,No internet service,No internet service,No internet service,Month-to-month,Yes,Electronic check,33.27,799.58,No
CUST-05316,Female,0,No,No,46,Yes,Yes,No,No internet service,No internet service,No internet service,No internet service,No internet service,No internet service,Two year,Yes,Credit card (automatic),34.56,1533.53,No
CUST-05317,Female,1,No,Yes,43,Yes,Yes,DSL,Yes,No,No,No,No,No,One year,No,Mailed check,64.69,2773.91,Yes
CUST-05318,Male,0,Yes,No,0,Yes,Yes,DSL,No,No,No,No,No,No,Month-to-month,Yes,Credit card (automatic),52.62,0.0,Yes
CUST-05319,Female,0,Yes,No,3,Yes,No,No,No internet service,No internet service,No internet service,No internet service,No internet service,No internet service,Month-to-month,Yes,Credit card (automatic),31.6,78.94,Yes
CUST-05320,Male,1,No,No,63,Yes,No,Fiber optic,Yes,Yes,No,Yes,Yes,No,Two year,No,Mailed check,90.02,5709.65,No
CUST-05321,Male,0,No,No,14,No,No phone service,Fiber optic,Yes,No,No,No,Yes,Yes,Month-to-month,No,Bank transfer (automatic),83.96,1207.99,Yes
CUST-05322,Female,0,Yes,No,19,Yes,Yes,Fiber optic,Yes,Yes,Yes,No,No,No,Month-to-month,Yes,Bank transfer (automatic),89.03,1720.18,No
CUST-05323,Female,0,No,No,65,Yes,Yes,DSL,No,No,Yes,No,No,No,Two year,No,Bank transfer (automatic),51.51,3340.36,No
CUST-05324,Male,0,No,No,48,Yes,Yes,DSL,No,Yes,No,Yes,No,Yes,Two year,Yes,Electronic check,61.0,2898.21,No
CUST-05325,Female,1,Yes,No,30,Yes,Yes,Fiber optic,Yes,No,No,No,No,No,One year,No,Bank transfer (automatic),91.46,2794.17,No
CUST-05326,Male,1,No,No,1,Yes,No,Fiber optic,Yes,No,No,No,Yes,No,Month-to-month,Yes,Electronic check,95.53,59.6,Yes
CUST-05327,Female,0,Yes,No,67,Yes,No,No,No internet service,No internet service,No internet service,No internet service,No internet service,No internet service,Month-to-month,Yes,Bank transfer (automatic),21.62,1391.22,No
CUST-05328,Male,1,No,Yes,50,Yes,No,DSL,Yes,No,No,Yes,Yes,No,Two year,Yes,Credit card (automatic),53.06,2645.75,No
CUST-05329,Male,0,No,No,26,Yes,No,DSL,No,Yes,No,No,No,Yes,One year,No,Electronic check,54.22,1403.44,No
CUST-05330,Male,1,Yes,Yes,56,No,No phone service,No,No internet service,No internet service,No internet service,No internet service,No internet service,No internet service,Two year,Yes,Mailed check,28.89,1627.15,No
CUST-05331,Female,0,No,No,18,Yes,Yes,No,No internet service,No internet service,No internet service,No internet service,No internet service,No internet service,Month-to-month,Yes,Electronic check,41.79,785.35,No
CUST-05332,Female,0,Yes,No,65,Yes,No,DSL,Yes,No,No,Yes,Yes,No,Two year,No,Mailed check,58.2,3820.65,No
CUST-05333,Male,0,No,Yes,17,Yes,Yes,DSL,Yes,No,Yes,Yes,Yes,No,Month-to-month,No,Mailed check,75.45,1309.87,No
CUST-05334,Female,0,No,No,11,Yes,Yes,Fiber optic,Yes,No,Yes,No,No,Yes,Month-to-month,Yes,Credit card (automatic),93.98,1012.77,No
CUST-05335,Female,0,Yes,No,44,Yes,Yes,DSL,No,Yes,Yes,No,No,No,Two year,Yes,Electronic check,59.67,2628.91,No
CUST-05336,Male,0,No,Yes,32,Yes,No,No,No internet service,No internet service,No internet service,No internet service,No internet service,No internet service,Month-to-month,Yes,Bank transfer (automatic),27.06,864.9,No
CUST-05337,Female,0,Yes,No,0,Yes,No,DSL,No,No,No,Yes,Yes,No,One year,Yes,Bank transfer (automatic),67.09,0.0,No
CUST-05338,Female,0,No,Yes,55,Yes,Yes,DSL,No,Yes,No,No,Yes,Yes,One year,Yes,Electronic check,59.11,3212.27,No
CUST-05339,Male,0,No,Yes,69,Yes,No,Fiber optic,No,Yes,Yes,Yes,No,Yes,Two year,Yes,Mailed check,103.49,7120.32,No
CUST-05340,Male,0,No,No,14,Yes,Yes,Fiber optic,No,No,No,No,No,No,Month-to-month,Yes,Electronic check,85.6,1274.12,Yes
CUST-05341,Male,0,No,Yes,11,Yes,Yes,No,No internet service,No internet service,No internet service,No internet service,No internet service,No internet service,Month-to-month,Yes,Electronic check,26.21,343.3,No
CUST-05342,Female,0,No,No,31,Yes,Yes,Fiber optic,No,No,No,No,No,Yes,One year,Yes,Mailed check,85.49,2651.9,No
CUST-05343,Female,0,Yes,No,71,Yes,Yes,DSL,No,Yes,No,No,No,No,Two year,Yes,Electronic check,64.31,4558.83,No
CUST-05344,Male,0,Yes,No,63,Yes,No,Fiber optic,Yes,No,Yes,Yes,Yes,No,Two year,Yes,Bank transfer (automatic),102.75,6510.4,No
CUST-05345,Male,0,No,No,23,Yes,Yes,DSL,Yes,No,Yes,Yes,No,Yes,Month-to-month,Yes,Electronic check,67.45,1594.41,No
CUST-05346,Male,0,Yes,No,8,Yes,No,DSL,Yes,No,Yes,Yes,Yes,Yes,One year,No,Bank transfer (automatic),64.76,518.02,No
CUST-05347,Male,0,Yes,No,0,Yes,No,DSL,No,Yes,No,No,No,Yes,Month-to-month,Yes,Electronic check,61.6,0.0,No
CUST-05348,Male,0,Yes,No,2,Yes,Yes,DSL,No,Yes,Yes,Yes,No,No,Month-to-month,Yes,Mailed check,55.86,106.22,No
CUST-05349,Male,0,No,No,9,Yes,No,Fiber optic,No,Yes,No,No,Yes,No,Month-to-month,Yes,Electronic check,91.59,831.99,Yes
CUST-05350,Female,1,No,No,2,Yes,Yes,Fiber optic,No,No,No,Yes,Yes,Yes,Month-to-month,No,Bank transfer (automatic),88.73,237.89,Yes
CUST-05351,Male,0,Yes,No,27,Yes,Yes,DSL,Yes,Yes,No,No,No,Yes,Month-to-month,Yes,Credit card (automatic),59.84,1610.34,No
CUST-05352,Female,0,Yes,No,1,Yes,Yes,Fiber optic,No,Yes,No,Yes,Yes,No,Month-to-month,Yes,Electronic check,95.11,167.77,No
CUST-05353,Male,0,No,No,0,Yes,No,DSL,No,No,No,No,Yes,No,Month-to-month,Yes,Bank transfer (automatic),62.86,0.0,No
CUST-05354,Male,0,Yes,No,57,Yes,No,Fiber optic,Yes,Yes,No,Yes,No,No,Two year,Yes,Mailed check,84.45,4789.57,No
CUST-05355,Female,0,No,No,9,Yes,Yes,Fiber optic,No,Yes,No,No,Yes,Yes,Month-to-month,Yes,Bank transfer (automatic),91.09,879.32,Yes
CUST-05356,Female,0,No,No,43,Yes,Yes,DSL,No,Yes,Yes,No,No,Yes,Two year,No,Mailed check,63.15,2695.99,No
CUST-05357,Female,1,No,Yes,45,Yes,No,No,No internet service,No internet service,No internet service,No internet service,No internet service,No internet service,Two year,Yes,Mailed check,27.35,1185.14,No
CUST-05358,Female,1,Yes,No,72,No,No phone service,Fiber optic,No,No,Yes,Yes,No,No,Month-to-month,Yes,Credit card (automatic),91.46,6586.24,No
CUST-05359,Male,0,No,No,28,Yes,No,No,No internet service,No internet service,No internet service,No internet service,No internet service,No internet service,One year,No,Credit card (automatic),28.03,760.83,No
CUST-05360,Male,0,No,No,9,Yes,No,No,No internet service,No internet service,No internet service,No internet service,No internet service,No internet service,Month-to-month,Yes,Credit card (automatic),26.61,229.44,Yes
CUST-05361,Female,0,Yes,No,47,Yes,Yes,DSL,No,No,No,No,No,No,Month-to-month,No,Electronic check,60.56,2828.41,No
CUST-05362,Female,0,No,No,28,Yes,Yes,No,No internet service,No internet service,No internet service,No internet service,No internet service,No internet service,One year,No,Credit card (automatic),20.28,533.74,No
CUST-05363,Female,1,Yes,No,37,Yes,No,Fiber optic,No,Yes,No,Yes,No,Yes,One year,No,Bank transfer (automatic),90.18,3271.32,No
CUST-05364,Female,0,No,Yes,0,Yes,Yes,Fiber optic,No,No,Yes,No,No,No,Month-to-month,Yes,Credit card (automatic),81.0,0.0,Yes
CUST-05365,Male,0,No,No,37,Yes,No,No,No internet service,No internet service,No internet service,No internet service,No internet service,No internet service,Two year,Yes,Bank transfer (automatic),20.23,773.38,No
CUST-05366,Male,0,Yes,No,18,Yes,No,Fiber optic,Yes,No,No,No,Yes,No,One year,Yes,Electronic check,88.11,1610.47,Yes
CUST-05367,Male,0,Yes,No,15,Yes,Yes,Fiber optic,Yes,No,Yes,Yes,No,Yes,Month-to-month,No,Bank transfer (automatic),86.83,1313.51,No
CUST-05368,Female,0,Yes,No,0,No,No phone service,Fiber optic,No,No,Yes,No,Yes,Yes,Month-to-month,Yes,Electronic check,85.98,0.0,Yes
CUST-05369,Female,0,Yes,No,68,Yes,No,No,No internet service,No internet service,No internet service,No internet service,No internet service,No internet service,Two year,Yes,Mailed check,32.03,2194.68,No
CUST-05370,Male,0,No,No,67,No,No phone service,No,No internet service,No internet service,No internet service,No internet service,No internet service,No internet service,Two year,No,Electronic check,18.59,1221.62,No
CUST-05371,Female,0,Yes,No,63,Yes,Yes,DSL,Yes,No,No,No,No,No,One year,Yes,Bank transfer (automatic),60.89,3806.98,No
CUST-05372,Female,1,No,No,25,Yes,No,Fiber optic,No,Yes,No,No,Yes,No,One year,Yes,Mailed check,98.67,2388.79,No
CUST-05373,Male,0,Yes,No,3,Yes,No,DSL,No,Yes,No,Yes,Yes,Yes,Month-to-month,Yes,Credit card (automatic),66.92,240.48,Yes
CUST-05374,Male,0,No,No,2,No,No phone service,No,No internet service,No internet service,No internet service,No internet service,No internet service,No internet service,Month-to-month,Yes,Bank transfer (automatic),32.81,35.13,No
CUST-05375,Female,0,No,No,72,Yes,Yes,DSL,Yes,No,No,Yes,Yes,No,Two year,No,Credit card (automatic),78.33,5664.3,No
CUST-05376,Female,0,No,No,36,Yes,No,DSL,Yes,Yes,No,Yes,No,No,One year,Yes,Credit card (automatic),64.03,2251.69,No
CUST-05377,Male,1,No,Yes,9,Yes,No,Fiber optic,No,No,Yes,No,No,No,Month-to-month,Yes,Credit card (automatic),90.01,780.84,Yes
CUST-05378,Male,0,No,Yes,43,Yes,No,Fiber optic,Yes,No,No,No,No,No,One year,Yes,Bank transfer (automatic),90.89,3954.49,No
CUST-05379,Male,0,No,No,40,Yes,Yes,Fiber optic,No,No,No,Yes,No,No,Month-to-month,Yes,Bank transfer (automatic),81.6,3299.06,No
CUST-05380,Female,0,No,No,5,Yes,No,Fiber optic,No,No,No,Yes,Yes,No,Month-to-month,Yes,Mailed check,82.71,463.96,Yes
CUST-05381,Male,0,Yes,No,31,No,No phone service,Fiber optic,Yes,Yes,No,No,Yes,No,One year,No,Electronic check,89.42,2753.77,No
CUST-05382,Female,1,Yes,No,7,Yes,Yes,DSL,Yes,Yes,No,No,Yes,No,Month-to-month,Yes,Bank transfer (automatic),63.8,404.65,Yes
CUST-05383,Male,0,Yes,No,35,Yes,No,DSL,Yes,No,No,No,No,Yes,Month-to-month,Yes,Electronic check,52.76,1864.51,No
CUST-05384,Male,0,No,Yes,5,Yes,No,Fiber optic,No,No,No,No,No,Yes,Month-to-month,Yes,Electronic check,76.82,321.38,Yes
CUST-05385,Male,0,No,Yes,16,Yes,Yes,Fiber optic,No,Yes,No,No,Yes,Yes,Month-to-month,No,Bank transfer (automatic),81.29,1276.43,Yes
CUST-05386,Female,0,No,No,48,Yes,Yes,Fiber optic,No,Yes,No,Yes,Yes,No,Two year,Yes,Mailed check,86.47,4120.45,No
CUST-05387,Male,0,No,Yes,7,Yes,No,Fiber optic,No,Yes,No,Yes,No,No,Month-to-month,Yes,Credit card (automatic),80.56,624.61,Yes
CUST-05388,Female,0,Yes,Yes,3,Yes,Yes,Fiber optic,No,No,Yes,No,Yes,No,Month-to-month,Yes,Mailed check,90.42,245.24,No
CUST-05389,Male,0,No,No,3,Yes,Yes,DSL,No,No,Yes,No,No,No,One year,Yes,Bank transfer (automatic),66.12,205.11,No
CUST-05390,Female,0,Yes,No,48,Yes,No,DSL,No,No,Yes,No,No,No,Two year,Yes,Electronic check,60.48,2850.9,No
CUST-05391,Male,0,Yes,No,36,Yes,Yes,Fiber optic,Yes,No,No,No,Yes,No,One year,Yes,Bank transfer (automatic),82.72,3020.34,No
CUST-05392,Male,0,No,Yes,47,Yes,Yes,DSL,No,Yes,No,Yes,No,No,Two year,Yes,Mailed check,72.89,3454.68,No
CUST-05393,Female,0,Yes,No,10,Yes,No,No,No internet service,No internet service,No internet service,No internet service,No internet service,No internet service,One year,No,Electronic check,24.49,228.3,No
CUST-05394,Female,0,No,No,26,Yes,No,No,No internet service,No internet service,No internet service,No internet service,No internet service,No internet service,One year,No,Credit card (automatic),25.49,703.07,No
CUST-05395,Female,0,No,No,12,Yes,Yes,Fiber optic,No,No,Yes,No,No,Yes,Month-to-month,Yes,Electronic check,85.41,1081.6,Yes
CUST-05396,Male,0,No,No,24,Yes,Yes,DSL,No,No,No,Yes,No,No,Month-to-month,Yes,Electronic check,63.27,1500.78,Yes
CUST-05397,Female,0,Yes,No,11,Yes,Yes,DSL,Yes,Yes,No,No,Yes,Yes,Month-to-month,No,Bank transfer (automatic),60.14,706.49,No
CUST-05398,Male,0,Yes,Yes,46,Yes,No,Fiber optic,Yes,Yes,Yes,No,Yes,No,One year,No,Electronic check,102.23,4702.24,No
CUST-05399,Female,0,Yes,Yes,50,Yes,Yes,No,No internet service,No internet service,No internet service,No internet service,No internet service,No internet service,One year,No,Electronic check,18.0,846.02,No
CUST-05400,Female,0,No,No,34,Yes,Yes,DSL,Yes,No,No,No,No,No,One year,Yes,Electronic check,53.37,1829.63,No
CUST-05401,Female,0,Yes,Yes,4,Yes,No,DSL,No,Yes,Yes,Yes,Yes,No,One year,Yes,Electronic check,70.44,261.04,No
CUST-05402,Female,1,Yes,Yes,39,Yes,No,Fiber optic,No,No,Yes,No,No,No,One year,Yes,Electronic check,102.17,3933.14,Yes
CUST-05403,Female,0,No,Yes,1,Yes,No,Fiber optic,No,No,Yes,Yes,Yes,No,Month-to-month,Yes,Electronic check,99.0,107.95,No
CUST-05404,Female,0,No,No,18,Yes,No,Fiber optic,No,Yes,No,No,Yes,Yes,Month-to-month,No,Credit card (automatic),93.22,1693.67,Yes
CUST-05405,Male,1,No,No,28,Yes,No,Fiber optic,Yes,Yes,Yes,Yes,No,No,One year,Yes,Bank transfer (automatic),90.25,2606.49,No
CUST-05406,Male,0,Yes,No,4,Yes,Yes,Fiber optic,Yes,Yes,Yes,Yes,Yes,Yes,Month-to-month,No,Electronic check,93.36,368.0,No
CUST-05407,Female,0,No,No,72,Yes,Yes,Fiber optic,No,No,No,No,Yes,No,Two year,Yes,Credit card (automatic),89.29,6379.43,No
CUST-05408,Female,0,Yes,No,8,Yes,Yes,DSL,No,No,No,Yes,No,No,Month-to-month,Yes,Mailed check,62.38,481.1,No
CUST-05409,Female,0,Yes,Yes,34,No,No phone service,Fiber optic,Yes,No,No,No,Yes,No,Month-to-month,No,Bank transfer (automatic),84.67,2920.94,No
CUST-05410,Female,0,Yes,No,34,Yes,No,Fiber optic,No,Yes,No,No,Yes,Yes,One year,No,Electronic check,87.15,3039.26,No
CUST-05411,Male,0,No,No,1,No,No phone service,DSL,No,Yes,No,No,No,Yes,Month-to-month,Yes,Bank transfer (automatic),66.68,102.18,Yes
CUST-05412,Male,0,No,No,48,Yes,Yes,No,No internet service,No internet service,No internet service,No internet service,No internet service,No internet service,One year,Yes,Bank transfer (automatic),32.9,1596.52,No
CUST-05413,Female,0,Yes,Yes,3,Yes,Yes,Fiber optic,No,Yes,No,No,Yes,Yes,Month-to-month,Yes,Mailed check,91.94,258.75,Yes
CUST-05414,Female,0,No,No,0,Yes,No,Fiber optic,No,No,Yes,No,Yes,No,Month-to-month,Yes,Credit card (automatic),82.85,0.0,Yes
CUST-05415,Male,0,No,No,8,Yes,Yes,No,No internet service,No internet service,No internet service,No internet service,No internet service,No internet service,One year,No,Credit card (automatic),30.74,266.31,No
CUST-05416,Male,0,Yes,Yes,5,Yes,No,Fiber optic,No,Yes,Yes,No,No,Yes,Month-to-month,Yes,Bank transfer (automatic),86.98,443.66,No
CUST-05417,Male,0,No,No,41,Yes,No,No,No internet service,No internet service,No internet service,No internet service,No internet service,No internet service,One year,No,Electronic check,27.98,1084.97,No
CUST-05418,Male,0,Yes,Yes,0,Yes,No,Fiber optic,Yes,Yes,No,Yes,No,No,Month-to-month,No,Mailed check,90.88,0.0,Yes
CUST-05419,Female,1,Yes,Yes,26,Yes,Yes,Fiber optic,No,Yes,No,No,Yes,No,One year,Yes,Electronic check,93.62,2424.58,Yes
CUST-05420,Female,0,No,Yes,1,Yes,No,DSL,No,No,Yes,No,No,No,Month-to-month,Yes,Mailed check,45.79,48.12,No
CUST-05421,Female,0,Yes,No,2,Yes,No,Fiber optic,No,No,Yes,No,No,No,Month-to-month,Yes,Mailed check,90.82,156.9,Yes
CUST-05422,Female,0,No,Yes,30,Yes,No,Fiber optic,No,No,Yes,No,No,No,One year,Yes,Electronic check,90.41,2726.34,Yes
CUST-05423,Male,0,Yes,No,20,Yes,Yes,No,No internet service,No internet service,No internet service,No internet service,No internet service,No internet service,One year,No,Bank transfer (automatic),32.5,660.63,No
CUST-05424,Male,0,No,No,45,Yes,No,No,No internet service,No internet service,No internet service,No internet service,No internet service,No internet service,Two year,Yes,Electronic check,30.4,1383.82,No
CUST-05425,Male,0,No,No,51,Yes,No,DSL,No,Yes,No,Yes,Yes,No,Two year,No,Credit card (automatic),54.84,2832.06,No
CUST-05426,Male,0,No,No,16,Yes,No,Fiber optic,No,No,No,Yes,No,No,One year,No,Electronic check,90.35,1401.8,No
CUST-05427,Female,0,No,Yes,14,Yes,Yes,DSL,No,Yes,Yes,Yes,No,No,Month-to-month,Yes,Electronic check,59.31,835.33,No
CUST-05428,Male,1,No,No,18,Yes,Yes,Fiber optic,No,No,No,No,Yes,No,One year,Yes,Electronic check,83.53,1511.89,Yes
CUST-05429,Male,0,Yes,No,16,Yes,No,DSL,Yes,No,Yes,Yes,Yes,Yes,Month-to-month,No,Bank transfer (automatic),79.4,1298.38,No
CUST-05430,Female,0,Yes,No,72,Yes,Yes,Fiber optic,Yes,No,Yes,No,No,No,Two year,No,Bank transfer (automatic),88.75,6389.67,No
CUST-05431,Female,0,No,Yes,57,Yes,Yes,Fiber optic,Yes,No,Yes,Yes,No,No,One year,Yes,Electronic check,88.11,4988.39,No
CUST-05432,Male,0,No,No,35,Yes,No,No,No internet service,No internet service,No internet service,No internet service,No internet service,No internet service,Month-to-month,Yes,Electronic check,25.25,881.28,No
CUST-05433,Male,0,Yes,No,62,Yes,Yes,Fiber optic,No,No,No,Yes,Yes,No,Two year,No,Electronic check,88.16,5464.84,No
CUST-05434,Female,1,No,No,44,Yes,No,DSL,Yes,Yes,No,Yes,No,No,One year,Yes,Electronic check,61.16,2693.84,No
CUST-05435,Female,0,Yes,No,12,Yes,Yes,Fiber optic,No,Yes,No,No,Yes,No,Month-to-month,Yes,Electronic check,72.38,926.28,No
CUST-05436,Female,1,Yes,No,33,Yes,No,Fiber optic,No,No,No,No,No,Yes,One year,Yes,Credit card (automatic),80.73,2641.07,Yes
CUST-05437,Male,0,No,No,49,Yes,Yes,Fiber optic,No,No,No,No,Yes,Yes,Month-to-month,No,Electronic check,86.99,4272.88,No
CUST-05438,Male,0,No,Yes,47,Yes,Yes,DSL,Yes,Yes,Yes,No,No,Yes,One year,Yes,Electronic check,69.64,3199.06,No
CUST-05439,Male,0,No,No,67,Yes,No,No,No internet service,No internet service,No internet service,No internet service,No internet service,No internet service,Two year,No,Electronic check,31.88,2102.6,No
CUST-05440,Female,1,Yes,Yes,27,Yes,No,DSL,No,No,Yes,No,No,No,Month-to-month,No,Bank transfer (automatic),64.43,1719.08,No
CUST-05441,Female,0,Yes,Yes,7,Yes,Yes,DSL,No,No,No,No,No,No,Month-to-month,Yes,Credit card (automatic),49.69,333.62,Yes
CUST-05442,Female,0,No,Yes,7,Yes,Yes,Fiber optic,No,No,No,No,No,Yes,Month-to-month,No,Electronic check,85.86,642.12,Yes
CUST-05443,Female,0,Yes,Yes,51,Yes,Yes,DSL,No,Yes,No,No,No,No,Two year,No,Mailed check,61.59,3181.71,No
CUST-05444,Female,0,No,No,28,Yes,Yes,Fiber optic,Yes,Yes,No,No,No,No,Month-to-month,Yes,Electronic check,91.28,2476.81,Yes
CUST-05445,Male,0,Yes,No,23,Yes,Yes,DSL,No,Yes,Yes,No,No,Yes,One year,Yes,Electronic check,59.27,1354.39,Yes
CUST-05446,Male,0,Yes,No,11,Yes,No,Fiber optic,No,Yes,No,No,No,No,One year,Yes,Mailed check,88.26,1010.89,No
CUST-05447,Female,0,Yes,No,72,Yes,Yes,Fiber optic,No,No,No,No,No,Yes,Two year,No,Credit card (automatic),85.27,6149.37,No
CUST-05448,Male,0,Yes,No,0,Yes,Yes,Fiber optic,No,No,No,No,Yes,Yes,Month-to-month,No,Credit card (automatic),84.94,0.0,Yes
CUST-05449,Male,0,Yes,No,22,Yes,No,DSL,No,Yes,No,Yes,Yes,Yes,Month-to-month,No,Bank transfer (automatic),58.62,1271.11,Yes
CUST-05450,Male,0,No,No,47,Yes,No,Fiber optic,Yes,No,Yes,No,Yes,Yes,Two year,No,Mailed check,90.6,4140.34,No
CUST-05451,Male,0,No,No,9,Yes,Yes,Fiber optic,No,Yes,No,No,No,No,Month-to-month,Yes,Bank transfer (automatic),80.65,726.48,No
CUST-05452,Female,0,Yes,No,11,No,No phone service,Fiber optic,No,No,No,Yes,No,No,Month-to-month,No,Mailed check,78.49,794.81,Yes
CUST-05453,Female,0,No,No,18,Yes,No,DSL,No,No,No,Yes,No,No,Month-to-month,Yes,Mailed check,55.48,989.76,No
CUST-05454,Female,1,Yes,No,50,Yes,No,Fiber optic,No,Yes,Yes,No,No,Yes,Two year,Yes,Bank transfer (automatic),89.86,4544.03,No
CUST-05455,Male,0,Yes,No,28,Yes,Yes,Fiber optic,No,No,Yes,No,No,Yes,Two year,Yes,Electronic check,100.4,2835.58,No
CUST-05456,Male,0,No,No,10,Yes,No,DSL,Yes,Yes,Yes,No,Yes,Yes,Month-to-month,No,Credit card (automatic),72.87,692.33,Yes
CUST-05457,Male,0,No,No,0,Yes,No,Fiber optic,No,Yes,No,No,No,Yes,Month-to-month,Yes,Bank transfer (automatic),83.17,0.0,Yes
CUST-05458,Male,0,No,Yes,47,Yes,No,Fiber optic,No,Yes,No,Yes,No,No,One year,No,Bank transfer (automatic),93.67,4454.56,No
CUST-05459,Female,0,Yes,No,3,Yes,No,No,No internet service,No internet service,No internet service,No internet service,No internet service,No internet service,Month-to-month,Yes,Mailed check,30.58,80.86,No
CUST-05460,Female,0,Yes,No,53,No,No phone service,DSL,Yes,Yes,Yes,No,Yes,Yes,Two year,Yes,Credit card (automatic),59.4,3165.58,No
CUST-05461,Female,0,No,No,12,Yes,No,Fiber optic,No,Yes,Yes,Yes,Yes,No,Month-to-month,No,Electronic check,92.5,1126.59,Yes
CUST-05462,Male,0,No,Yes,0,Yes,No,No,No internet service,No internet service,No internet service,No internet service,No internet service,No internet service,Month-to-month,No,Mailed check,29.45,0.0,No
CUST-05463,Female,0,No,No,8,Yes,No,Fiber optic,No,No,Yes,Yes,No,No,Month-to-month,No,Electronic check,85.36,669.03,Yes
CUST-05464,Male,0,No,Yes,0,Yes,Yes,No,No internet service,No internet service,No internet service,No internet service,No internet service,No internet service,Month-to-month,No,Electronic check,18.0,0.0,No
CUST-05465,Male,0,Yes,No,3,Yes,No,Fiber optic,No,Yes,Yes,Yes,No,Yes,Month-to-month,Yes,Credit card (automatic),79.25,299.49,Yes
CUST-05466,Female,0,No,No,27,Yes,No,No,No internet service,No internet service,No internet service,No internet service,No internet service,No internet service,One year,Yes,Bank transfer (automatic),32.42,880.13,No
CUST-05467,Male,0,No,No,12,Yes,No,Fiber optic,No,No,Yes,Yes,Yes,Yes,Month-to-month,Yes,Bank transfer (automatic),92.44,1096.65,Yes
CUST-05468,Male,0,Yes,No,21,Yes,No,DSL,Yes,Yes,No,No,Yes,No,One year,Yes,Electronic check,58.33,1244.02,No
CUST-05469,Female,1,Yes,Yes,15,Yes,Yes,Fiber optic,No,No,No,Yes,Yes,Yes,Month-to-month,No,Bank transfer (automatic),98.85,1562.27,No
CUST-05470,Male,0,No,No,30,Yes,No,DSL,No,Yes,No,No,Yes,No,Month-to-month,No,Electronic check,60.37,1824.86,No
CUST-05471,Female,1,Yes,Yes,20,Yes,Yes,Fiber optic,No,No,No,No,No,No,Month-to-month,Yes,Bank transfer (automatic),77.85,1600.12,No
CUST-05472,Male,0,No,No,42,Yes,Yes,Fiber optic,No,No,No,Yes,Yes,No,One year,No,Mailed check,87.97,3662.24,Yes
CUST-05473,Female,0,No,No,22,Yes,No,Fiber optic,No,No,No,Yes,No,No,Month-to-month,No,Electronic check,89.68,1993.42,No
CUST-05474,Male,0,Yes,Yes,72,Yes,No,DSL,No,No,No,No,Yes,No,Two year,Yes,Mailed check,44.31,3253.83,No
CUST-05475,Male,0,No,No,8,Yes,No,DSL,No,Yes,Yes,Yes,Yes,No,Month-to-month,No,Mailed check,71.39,612.93,No
CUST-05476,Female,0,No,No,4,No,No phone service,DSL,No,No,No,Yes,No,Yes,Month-to-month,No,Mailed check,66.88,320.69,Yes
CUST-05477,Male,0,Yes,Yes,22,Yes,No,Fiber optic,No,No,Yes,No,No,No,Month-to-month,Yes,Credit card (automatic),87.83,1925.28,No
CUST-05478,Female,1,No,No,23,Yes,No,DSL,No,No,Yes,Yes,No,No,One year,Yes,Mailed check,62.63,1421.2,No
CUST-05479,Male,0,Yes,Yes,5,Yes,Yes,DSL,No,No,No,No,Yes,Yes,Month-to-month,Yes,Credit card (automatic),61.6,350.09,No
CUST-05480,Female,0,No,Yes,0,No,No phone service,No,No internet service,No internet service,No internet service,No internet service,No internet service,No internet service,Month-to-month,No,Mailed check,22.39,0.0,No
CUST-05481,Female,0,Yes,No,14,Yes,No,Fiber optic,No,Yes,No,No,No,No,Month-to-month,No,Credit card (automatic),79.26,1170.48,Yes
CUST-05482,Male,0,Yes,No,2,No,No phone service,Fiber optic,No,No,No,Yes,Yes,No,Month-to-month,Yes,Mailed check,95.72,232.76,Yes
CUST-05483,Male,0,No,No,17,No,No phone service,Fiber optic,No,No,Yes,Yes,No,No,Month-to-month,Yes,Bank transfer (automatic),83.73,1501.67,No
CUST-05484,Female,0,Yes,No,5,No,No phone service,DSL,Yes,No,No,Yes,No,No,One year,No,Electronic check,57.59,269.71,No
CUST-05485,Female,0,Yes,No,42,Yes,No,Fiber optic,No,No,No,No,No,No,One year,Yes,Credit card (automatic),86.33,3588.39,No
CUST-05486,Male,0,Yes,No,10,Yes,No,Fiber optic,No,No,No,No,Yes,No,Month-to-month,No,Mailed check,72.71,755.43,No
CUST-05487,Male,0,No,Yes,3,Yes,Yes,DSL,Yes,No,Yes,No,Yes,No,Month-to-month,Yes,Electronic check,58.95,188.32,No
CUST-05488,Female,1,No,Yes,5,Yes,No,Fiber optic,No,No,No,Yes,No,No,Month-to-month,Yes,Bank transfer (automatic),84.56,385.63,Yes
CUST-05489,Female,0,Yes,No,41,Yes,No,No,No internet service,No internet service,No internet service,No internet service,No internet service,No internet service,Two year,Yes,Bank transfer (automatic),28.18,1188.27,No
CUST-05490,Male,0,Yes,No,50,Yes,No,DSL,No,No,Yes,Yes,Yes,Yes,One year,No,Bank transfer (automatic),68.5,3495.97,No
CUST-05491,Male,1,Yes,No,3,Yes,No,DSL,Yes,No,No,No,Yes,Yes,Month-to-month,Yes,Electronic check,64.99,267.1,Yes
CUST-05492,Female,0,No,Yes,65,Yes,Yes,Fiber optic,No,No,No,Yes,Yes,Yes,Two year,Yes,Electronic check,89.65,5824.62,No
CUST-05493,Male,0,Yes,No,9,Yes,No,DSL,Yes,No,No,Yes,No,No,Month-to-month,Yes,Electronic check,51.22,411.32,Yes
CUST-05494,Male,0,No,Yes,15,Yes,Yes,Fiber optic,No,No,Yes,No,No,Yes,Month-to-month,No,Mailed check,71.07,1041.34,Yes
CUST-05495,Female,0,No,No,59,Yes,No,DSL,Yes,No,Yes,No,Yes,No,Two year,Yes,Mailed check,60.95,3559.34,No
CUST-05496,Male,1,No,No,37,Yes,No,DSL,No,Yes,Yes,No,Yes,Yes,One year,Yes,Credit card (automatic),62.68,2288.75,No
CUST-05497,Female,0,No,Yes,15,Yes,No,Fiber optic,Yes,No,Yes,Yes,Yes,No,Month-to-month,Yes,Credit card (automatic),90.31,1364.41,Yes
CUST-05498,Male,0,Yes,No,43,Yes,Yes,No,No internet service,No internet service,No internet service,No internet service,No internet service,No internet service,One year,No,Electronic check,30.58,1282.4,No
CUST-05499,Female,1,No,No,43,Yes,Yes,Fiber optic,No,Yes,No,No,Yes,Yes,Two year,Yes,Electronic check,84.54,3568.54,Yes
CUST-05500,Male,0,Yes,No,5,Yes,Yes,No,No internet service,No internet service,No internet service,No internet service,No internet service,No internet service,Month-to-month,No,Credit card (automatic),36.26,143.48,No
CUST-05501,Female,1,No,No,3,Yes,Yes,DSL,No,No,No,No,Yes,Yes,Month-to-month,Yes,Bank transfer (automatic),66.43,258.7,Yes
CUST-05502,Male,0,Yes,Yes,9,Yes,Yes,DSL,Yes,No,No,No,No,Yes,Month-to-month,Yes,Bank transfer (automatic),58.99,560.74,No
CUST-05503,Male,0,Yes,Yes,48,Yes,Yes,DSL,No,No,Yes,Yes,No,No,Two year,Yes,Credit card (automatic),62.05,2936.73,No
CUST-05504,Female,0,Yes,Yes,4,Yes,No,DSL,Yes,No,No,No,No,Yes,Month-to-month,No,Credit card (automatic),56.39,247.09,No
CUST-05505,Female,0,Yes,Yes,32,Yes,No,Fiber optic,No,No,No,No,Yes,No,Month-to-month,No,Mailed check,80.8,2586.28,No
CUST-05506,Female,0,No,No,33,Yes,No,No,No internet service,No internet service,No internet service,No internet service,No internet service,No internet service,Month-to-month,No,Electronic check,18.0,583.31,No
CUST-05507,Male,0,No,No,0,Yes,No,DSL,No,No,No,Yes,No,No,Month-to-month,Yes,Credit card (automatic),43.11,0.0,Yes
CUST-05508,Male,0,Yes,No,31,Yes,No,No,No internet service,No internet service,No internet service,No internet service,No internet service,No internet service,One year,Yes,Credit card (automatic),27.48,906.33,No
CUST-05509,Female,0,No,No,0,Yes,No,Fiber optic,No,No,No,No,Yes,Yes,Month-to-month,Yes,Electronic check,76.74,0.0,No
CUST-05510,Female,0,No,No,52,Yes,No,DSL,Yes,No,Yes,No,No,No,Two year,Yes,Mailed check,64.16,3344.36,No
CUST-05511,Male,0,Yes,Yes,36,Yes,No,Fiber optic,No,No,No,No,Yes,No,One year,Yes,Electronic check,82.95,2967.88,Yes
CUST-05512,Female,0,Yes,Yes,10,Yes,Yes,Fiber optic,No,No,No,No,Yes,Yes,Month-to-month,Yes,Electronic check,83.53,785.2,No
CUST-05513,Female,1,No,No,41,Yes,No,Fiber optic,No,Yes,No,No,No,No,Two year,Yes,Bank transfer (automatic),83.14,3450.21,No
CUST-05514,Female,0,Yes,No,19,Yes,No,Fiber optic,Yes,No,Yes,No,No,No,Month-to-month,No,Electronic check,74.34,1463.76,Yes
CUST-05515,Female,1,No,Yes,66,Yes,Yes,Fiber optic,No,No,No,No,Yes,Yes,One year,Yes,Electronic check,92.82,6129.88,No
CUST-05516,Female,1,Yes,No,35,No,No phone service,Fiber optic,No,Yes,No,No,No,No,One year,No,Electronic check,90.62,3208.0,No
CUST-05517,Female,0,Yes,Yes,18,Yes,No,Fiber optic,Yes,Yes,No,Yes,No,No,Month-to-month,Yes,Electronic check,82.03,1456.94,No
CUST-05518,Female,0,No,No,12,Yes,No,DSL,Yes,No,No,No,Yes,No,Month-to-month,No,Electronic check,62.94,785.5,Yes
CUST-05519,Female,0,No,No,37,Yes,No,No,No internet service,No internet service,No internet service,No internet service,No internet service,No internet service,Month-to-month,No,Bank transfer (automatic),19.94,736.76,No
CUST-05520,Female,0,No,Yes,8,Yes,Yes,DSL,Yes,No,No,No,No,No,Month-to-month,Yes,Electronic check,48.0,354.91,No
CUST-05521,Male,0,Yes,No,27,Yes,Yes,Fiber optic,No,Yes,Yes,No,No,No,One year,Yes,Credit card (automatic),94.77,2553.93,Yes
CUST-05522,Female,1,No,No,15,Yes,Yes,Fiber optic,No,Yes,No,Yes,Yes,Yes,Month-to-month,No,Electronic check,84.18,1262.75,No
CUST-05523,Female,1,No,No,10,Yes,No,DSL,No,No,No,No,No,No,Month-to-month,Yes,Credit card (automatic),46.88,488.15,No
CUST-05524,Female,0,No,No,52,Yes,Yes,Fiber optic,Yes,No,No,No,Yes,Yes,Two year,No,Credit card (automatic),84.41,4294.12,No
CUST-05525,Female,0,No,No,4,Yes,Yes,DSL,No,Yes,Yes,No,Yes,No,Month-to-month,Yes,Mailed check,65.53,245.63,Yes
CUST-05526,Male,0,No,Yes,48,Yes,No,DSL,No,No,Yes,No,Yes,No,Two year,No,Mailed check,57.37,2802.52,No
CUST-05527,Female,0,No,Yes,35,Yes,No,Fiber optic,No,Yes,No,No,No,No,One year,No,Mailed check,90.63,3167.95,No
CUST-05528,Male,0,No,No,34,Yes,No,No,No internet service,No internet service,No internet service,No internet service,No internet service,No internet service,One year,No,Mailed check,35.22,1146.58,No
CUST-05529,Male,0,No,No,11,Yes,Yes,DSL,No,No,No,Yes,No,No,Month-to-month,No,Electronic check,56.99,667.51,Yes
CUST-05530,Male,0,No,Yes,59,Yes,Yes,No,No internet service,No internet service,No internet service,No internet service,No internet service,No internet service,Two year,Yes,Bank transfer (automatic),24.9,1492.63,No
CUST-05531,Female,0,No,No,56,Yes,Yes,Fiber optic,Yes,No,Yes,No,No,No,Two year,No,Credit card (automatic),92.21,5132.48,No
CUST-05532,Female,1,No,No,42,Yes,No,Fiber optic,No,Yes,No,Yes,Yes,Yes,One year,Yes,Electronic check,101.51,4209.82,No
CUST-05533,Female,0,Yes,Yes,11,Yes,Yes,No,No internet service,No internet service,No internet service,No internet service,No internet service,No internet service,One year,Yes,Mailed check,20.51,254.13,No
CUST-05534,Male,1,Yes,Yes,47,Yes,No,Fiber optic,No,No,Yes,No,Yes,No,Month-to-month,No,Credit card (automatic),95.77,4486.52,Yes
CUST-05535,Male,0,Yes,No,30,Yes,No,Fiber optic,No,No,No,No,Yes,No,Month-to-month,No,Mailed check,81.52,2328.38,Yes
CUST-05536,Female,0,No,Yes,58,Yes,Yes,Fiber optic,Yes,No,No,Yes,No,Yes,Two year,No,Mailed check,88.79,5101.39,No
CUST-05537,Male,1,Yes,No,72,Yes,Yes,Fiber optic,No,Yes,Yes,No,No,No,Month-to-month,Yes,Bank transfer (automatic),95.71,6876.18,No
CUST-05538,Female,0,Yes,No,3,Yes,No,No,No internet service,No internet service,No internet service,No internet service,No internet service,No internet service,Month-to-month,No,Mailed check,23.15,141.39,Yes
CUST-05539,Female,0,No,Yes,6,Yes,No,Fiber optic,No,Yes,Yes,No,No,No,Month-to-month,No,Bank transfer (automatic),93.55,590.08,Yes
CUST-05540,Female,0,Yes,No,21,Yes,No,No,No internet service,No internet service,No internet service,No internet service,No internet service,No internet service,One year,Yes,Credit card (automatic),20.56,369.27,No
CUST-05541,Male,0,No,Yes,31,Yes,Yes,Fiber optic,No,No,Yes,No,No,Yes,One year,Yes,Electronic check,87.21,2674.72,No
CUST-05542,Male,0,No,No,3,Yes,Yes,Fiber optic,Yes,No,No,Yes,Yes,No,One year,No,Credit card (automatic),80.54,299.13,Yes
CUST-05543,Male,0,Yes,Yes,5,No,No phone service,Fiber optic,No,No,Yes,Yes,No,No,Month-to-month,No,Electronic check,84.44,376.03,No
CUST-05544,Female,0,Yes,No,13,Yes,No,DSL,No,No,No,No,No,No,Month-to-month,Yes,Mailed check,61.15,823.71,No
CUST-05545,Male,0,No,No,2,Yes,Yes,Fiber optic,Yes,No,No,Yes,No,No,Month-to-month,Yes,Credit card (automatic),75.89,117.29,Yes
CUST-05546,Female,0,No,No,48,Yes,Yes,Fiber optic,No,No,No,No,No,Yes,Two year,No,Credit card (automatic),74.69,3569.65,No
CUST-05547,Male,0,Yes,Yes,20,Yes,No,Fiber optic,No,No,No,No,Yes,No,Month-to-month,No,Bank transfer (automatic),90.4,1735.87,No
CUST-05548,Male,0,Yes,No,40,Yes,No,Fiber optic,No,No,No,No,Yes,Yes,Two year,Yes,Electronic check,83.8,3340.57,No
CUST-05549,Male,1,No,No,6,Yes,Yes,Fiber optic,No,No,Yes,Yes,No,Yes,Month-to-month,Yes,Bank transfer (automatic),90.77,532.53,Yes
CUST-05550,Female,0,No,No,60,Yes,Yes,No,No internet service,No internet service,No internet service,No internet service,No internet service,No internet service,Two year,Yes,Bank transfer (automatic),32.43,1930.41,No
CUST-05551,Female,0,No,No,9,Yes,Yes,DSL,Yes,No,Yes,No,No,Yes,One year,No,Credit card (automatic),66.53,678.27,Yes
CUST-05552,Male,0,Yes,No,58,Yes,No,DSL,No,No,No,No,No,Yes,Two year,No,Electronic check,49.75,2918.96,No
CUST-05553,Female,1,No,No,18,Yes,No,No,No internet service,No internet service,No internet service,No internet service,No internet service,No internet service,One year,Yes,Mailed check,30.47,514.15,No
CUST-05554,Female,0,No,No,6,Yes,Yes,DSL,No,No,No,No,No,No,One year,No,Mailed check,55.42,293.62,No
CUST-05555,Female,0,Yes,No,47,Yes,Yes,No,No internet service,No internet service,No internet service,No internet service,No internet service,No internet service,One year,Yes,Bank transfer (automatic),26.97,1300.52,No
CUST-05556,Female,1,No,No,11,No,No phone service,Fiber optic,Yes,No,Yes,Yes,No,No,Month-to-month,Yes,Electronic check,88.17,925.64,Yes
CUST-05557,Male,0,No,No,45,Yes,Yes,Fiber optic,No,No,No,No,No,No,Two year,No,Credit card (automatic),84.1,3766.26,No
CUST-05558,Male,1,No,No,22,Yes,No,Fiber optic,No,No,Yes,No,Yes,No,One year,No,Mailed check,86.47,1943.44,No
CUST-05559,Female,0,No,Yes,8,No,No phone service,Fiber optic,No,No,No,Yes,No,Yes,Month-to-month,Yes,Electronic check,87.73,684.68,Yes
CUST-05560,Male,0,Yes,No,6,Yes,No,DSL,No,No,Yes,Yes,Yes,No,Month-to-month,No,Electronic check,62.18,345.32,No
CUST-05561,Male,1,No,No,28,Yes,Yes,DSL,No,No,No,No,Yes,No,Month-to-month,Yes,Bank transfer (automatic),62.96,1734.88,No
CUST-05562,Male,1,Yes,No,57,Yes,No,Fiber optic,No,No,No,Yes,No,No,Two year,Yes,Electronic check,77.16,4362.89,No
CUST-05563,Female,0,No,No,59,Yes,No,Fiber optic,Yes,No,No,No,No,Yes,One year,Yes,Electronic check,88.0,5234.29,No
CUST-05564,Male,0,Yes,No,49,Yes,No,DSL,No,No,No,No,No,Yes,Month-to-month,Yes,Credit card (automatic),66.37,3259.35,No
CUST-05565,Male,0,Yes,Yes,44,Yes,No,DSL,No,No,No,No,No,Yes,One year,Yes,Electronic check,64.25,2815.56,No
CUST-05566,Female,0,No,No,14,Yes,No,Fiber optic,Yes,Yes,No,No,No,No,Month-to-month,Yes,Electronic check,83.2,1157.96,No
CUST-05567,Male,0,Yes,No,7,Yes,No,Fiber optic,No,Yes,No,Yes,No,Yes,Month-to-month,Yes,Electronic check,91.58,669.24,No
CUST-05568,Male,0,No,Yes,51,Yes,No,Fiber optic,No,No,No,No,No,No,Two year,Yes,Credit card (automatic),79.05,4011.15,No
CUST-05569,Male,0,Yes,Yes,22,Yes,No,No,No internet service,No internet service,No internet service,No internet service,No internet service,No internet service,Month-to-month,Yes,Bank transfer (automatic),23.77,522.55,No
CUST-05570,Male,0,Yes,No,15,Yes,Yes,Fiber optic,Yes,Yes,No,No,No,No,Month-to-month,Yes,Credit card (automatic),88.07,1283.44,Yes
CUST-05571,Female,0,Yes,No,6,Yes,No,Fiber optic,Yes,Yes,No,No,No,No,Month-to-month,Yes,Credit card (automatic),85.56,575.85,No
CUST-05572,Female,0,Yes,No,4,Yes,No,Fiber optic,No,Yes,No,No,No,Yes,Month-to-month,Yes,Bank transfer (automatic),75.19,317.42,Yes
CUST-05573,Male,0,Yes,No,21,Yes,No,Fiber optic,No,No,No,Yes,No,Yes,Month-to-month,No,Mailed check,92.62,1893.09,No
CUST-05574,Female,0,Yes,No,4,Yes,No,No,No internet service,No internet service,No internet service,No internet service,No internet service,No internet service,Month-to-month,Yes,Mailed check,30.44,98.39,No
CUST-05575,Female,0,No,Yes,15,Yes,No,DSL,No,No,No,No,No,Yes,Month-to-month,Yes,Electronic check,62.58,912.61,No
CUST-05576,Female,0,No,No,53,Yes,Yes,Fiber optic,Yes,Yes,Yes,Yes,Yes,No,Two year,Yes,Bank transfer (automatic),97.95,5183.17,No
CUST-05577,Female,0,Yes,No,26,Yes,No,DSL,No,No,No,Yes,Yes,Yes,Month-to-month,Yes,Electronic check,69.25,1873.62,Yes
CUST-05578,Female,0,Yes,No,66,Yes,No,Fiber optic,Yes,No,No,No,Yes,No,Two year,No,Credit card (automatic),89.92,5915.92,No
CUST-05579,Male,0,Yes,No,40,Yes,Yes,Fiber optic,No,Yes,Yes,No,Yes,No,One year,Yes,Credit card (automatic),82.83,3305.3,No
CUST-05580,Male,0,Yes,Yes,18,Yes,Yes,DSL,No,No,Yes,Yes,Yes,No,Month-to-month,No,Bank transfer (automatic),55.66,972.01,No
CUST-05581,Female,0,Yes,No,4,Yes,Yes,Fiber optic,No,No,No,No,No,No,Month-to-month,No,Bank transfer (automatic),79.33,322.37,No
CUST-05582,Female,0,No,No,1,Yes,No,Fiber optic,No,Yes,No,No,Yes,No,Month-to-month,No,Electronic check,81.71,53.5,Yes
CUST-05583,Female,0,No,No,42,Yes,No,No,No internet service,No internet service,No internet service,No internet service,No internet service,No internet service,One year,No,Mailed check,18.0,725.15,No
CUST-05584,Male,0,No,Yes,32,Yes,No,No,No internet service,No internet service,No internet service,No internet service,No internet service,No internet service,One year,No,Mailed check,21.74,675.23,No
CUST-05585,Male,0,No,Yes,2,Yes,No,Fiber optic,Yes,No,Yes,No,Yes,Yes,Month-to-month,Yes,Electronic check,98.71,200.04,Yes
CUST-05586,Female,0,No,No,2,Yes,No,DSL,Yes,No,No,Yes,Yes,Yes,Month-to-month,Yes,Bank transfer (automatic),58.5,108.95,No
CUST-05587,Male,0,Yes,No,4,Yes,Yes,No,No internet service,No internet service,No internet service,No internet service,No internet service,No internet service,Month-to-month,No,Electronic check,29.39,114.51,Yes
CUST-05588,Female,0,Yes,No,17,Yes,No,Fiber optic,No,Yes,No,No,Yes,Yes,One year,Yes,Electronic check,84.39,1467.51,No
CUST-05589,Female,0,No,No,16,Yes,No,No,No internet service,No internet service,No internet service,No internet service,No internet service,No internet service,Month-to-month,Yes,Mailed check,28.09,398.47,No
CUST-05590,Female,0,Yes,Yes,10,No,No phone service,Fiber optic,No,No,No,No,No,No,Month-to-month,Yes,Credit card (automatic),79.77,803.3,Yes
CUST-05591,Male,0,Yes,No,57,Yes,Yes,No,No internet service,No internet service,No internet service,No internet service,No internet service,No internet service,One year,Yes,Credit card (automatic),23.34,1376.15,No
CUST-05592,Female,0,No,No,23,Yes,No,Fiber optic,No,Yes,Yes,No,Yes,Yes,One year,No,Bank transfer (automatic),94.32,2212.77,Yes
CUST-05593,Female,0,Yes,Yes,23,Yes,No,DSL,Yes,No,No,No,No,No,Month-to-month,No,Bank transfer (automatic),54.36,1255.96,No
CUST-05594,Female,0,Yes,No,19,Yes,No,Fiber optic,No,No,Yes,No,No,No,Month-to-month,Yes,Electronic check,77.37,1495.07,No
CUST-05595,Female,0,No,Yes,61,Yes,No,DSL,Yes,No,Yes,No,No,No,Month-to-month,No,Electronic check,59.33,3667.63,No
CUST-05596,Male,0,Yes,No,36,Yes,Yes,DSL,Yes,No,No,No,No,No,Two year,Yes,Mailed check,66.35,2356.99,No
CUST-05597,Female,0,Yes,No,9,No,No phone service,DSL,No,No,No,Yes,Yes,No,Month-to-month,Yes,Credit card (automatic),55.55,484.18,Yes
CUST-05598,Female,0,Yes,Yes,8,Yes,No,Fiber optic,No,No,Yes,No,No,Yes,Month-to-month,Yes,Electronic check,86.36,666.68,No
CUST-05599,Female,0,Yes,No,20,Yes,No,Fiber optic,No,No,Yes,No,No,No,Month-to-month,Yes,Credit card (automatic),88.93,1768.85,Yes
CUST-05600,Female,1,No,No,24,Yes,Yes,No,No internet service,No internet service,No internet service,No internet service,No internet service,No internet service,One year,Yes,Bank transfer (automatic),31.07,711.32,No
CUST-05601,Male,0,No,Yes,23,Yes,No,No,No internet service,No internet service,No internet service,No internet service,No internet service,No internet service,One year,No,Electronic check,19.1,420.95,No
CUST-05602,Female,0,Yes,No,47,Yes,No,DSL,No,No,No,Yes,No,No,One year,Yes,Bank transfer (automatic),50.07,2373.75,No
CUST-05603,Male,0,Yes,No,28,Yes,Yes,Fiber optic,No,No,No,Yes,No,Yes,One year,Yes,Mailed check,75.55,2099.1,No
CUST-05604,Male,0,Yes,No,59,Yes,No,No,No internet service,No internet service,No internet service,No internet service,No internet service,No internet service,Two year,Yes,Electronic check,26.6,1574.52,No
CUST-05605,Female,0,No,Yes,45,Yes,No,Fiber optic,Yes,Yes,No,No,No,No,Two year,No,Credit card (automatic),78.77,3513.56,No
CUST-05606,Male,0,Yes,No,3,Yes,No,DSL,No,No,No,Yes,Yes,No,Month-to-month,Yes,Credit card (automatic),55.35,197.21,No
CUST-05607,Male,0,Yes,Yes,1,Yes,No,No,No internet service,No internet service,No internet service,No internet service,No internet service,No internet service,Month-to-month,No,Credit card (automatic),29.46,0.0,No
CUST-05608,Female,0,No,Yes,41,Yes,No,Fiber optic,No,No,No,No,Yes,No,Two year,No,Bank transfer (automatic),83.21,3401.82,No
CUST-05609,Female,0,No,Yes,37,Yes,Yes,Fiber optic,No,Yes,No,No,No,No,One year,Yes,Bank transfer (automatic),74.1,2779.35,No
CUST-05610,Male,0,No,Yes,23,Yes,No,DSL,No,Yes,No,Yes,No,No,Two year,Yes,Bank transfer (automatic),58.92,1341.6,No
CUST-05611,Male,1,No,No,3,Yes,No,No,No internet service,No internet service,No internet service,No internet service,No internet service,No internet service,Month-to-month,No,Bank transfer (automatic),30.31,56.46,No
CUST-05612,Male,0,No,No,45,Yes,Yes,No,No internet service,No internet service,No internet service,No internet service,No internet service,No internet service,Two year,Yes,Mailed check,36.56,1689.42,No
CUST-05613,Female,0,No,No,0,No,No phone service,No,No internet service,No internet service,No internet service,No internet service,No internet service,No internet service,Month-to-month,No,Bank transfer (automatic),28.67,0.0,No
CUST-05614,Male,0,No,No,28,Yes,Yes,DSL,No,No,No,No,No,No,One year,No,Electronic check,60.24,1674.69,No
CUST-05615,Female,0,Yes,Yes,31,Yes,No,DSL,No,No,No,Yes,Yes,Yes,Month-to-month,Yes,Electronic check,73.63,2268.58,No
CUST-05616,Female,1,Yes,No,3,Yes,Yes,No,No internet service,No internet service,No internet service,No internet service,No internet service,No internet service,Month-to-month,No,Bank transfer (automatic),38.21,95.06,Yes
CUST-05617,Female,0,Yes,No,4,Yes,No,No,No internet service,No internet service,No internet service,No internet service,No internet service,No internet service,Month-to-month,Yes,Bank transfer (automatic),21.24,129.6,Yes
CUST-05618,Male,0,No,Yes,0,Yes,No,No,No internet service,No internet service,No internet service,No internet service,No internet service,No internet service,Month-to-month,Yes,Mailed check,26.62,0.0,No
CUST-05619,Female,0,No,No,40,Yes,No,Fiber optic,Yes,Yes,No,No,Yes,Yes,Month-to-month,Yes,Credit card (automatic),109.06,4334.95,Yes
CUST-05620,Male,1,No,Yes,58,Yes,No,DSL,Yes,No,No,Yes,No,Yes,Two year,Yes,Bank transfer (automatic),60.29,3491.9,No
CUST-05621,Male,0,Yes,No,58,Yes,No,Fiber optic,Yes,Yes,No,No,Yes,Yes,Two year,Yes,Electronic check,91.5,5327.33,No
CUST-05622,Male,1,No,No,47,Yes,No,DSL,No,No,No,No,Yes,Yes,Two year,Yes,Electronic check,68.58,3177.36,No
CUST-05623,Male,1,Yes,Yes,36,Yes,No,Fiber optic,No,No,No,No,Yes,No,Two year,No,Mailed check,89.83,3258.64,No
CUST-05624,Female,0,Yes,No,51,Yes,No,DSL,No,No,No,No,Yes,Yes,Two year,Yes,Mailed check,57.06,2926.43,No
CUST-05625,Male,1,No,No,56,Yes,Yes,Fiber optic,No,No,Yes,Yes,Yes,No,Two year,Yes,Electronic check,98.24,5447.47,Yes
CUST-05626,Female,1,No,Yes,1,Yes,Yes,Fiber optic,Yes,Yes,No,Yes,No,Yes,Month-to-month,No,Electronic check,86.65,62.68,Yes
CUST-05627,Male,0,No,No,4,Yes,No,No,No internet service,No internet service,No internet service,No internet service,No internet service,No internet service,Month-to-month,Yes,Credit card (automatic),25.52,91.63,No
CUST-05628,Male,0,Yes,No,57,No,No phone service,DSL,Yes,Yes,No,No,Yes,Yes,Two year,No,Electronic check,67.71,3904.28,No
CUST-05629,Male,0,Yes,Yes,1,Yes,No,No,No internet service,No internet service,No internet service,No internet service,No internet service,No internet service,Month-to-month,No,Credit card (automatic),21.63,72.4,Yes
CUST-05630,Male,0,Yes,Yes,19,Yes,No,DSL,No,No,No,No,No,Yes,One year,Yes,Electronic check,65.28,1270.95,No
CUST-05631,Male,0,Yes,No,25,No,No phone service,No,No internet service,No internet service,No internet service,No internet service,No internet service,No internet service,One year,Yes,Bank transfer (automatic),32.02,778.44,No
CUST-05632,Female,0,No,No,3,Yes,Yes,Fiber optic,No,No,Yes,No,Yes,No,Month-to-month,No,Bank transfer (automatic),94.65,293.71,Yes
CUST-05633,Female,0,Yes,No,6,Yes,No,DSL,No,No,No,No,Yes,No,Month-to-month,Yes,Electronic check,69.26,426.79,Yes
CUST-05634,Male,0,Yes,No,12,Yes,Yes,Fiber optic,No,Yes,Yes,Yes,No,No,One year,No,Bank transfer (automatic),91.11,1046.27,Yes
CUST-05635,Female,0,Yes,No,9,Yes,Yes,DSL,No,No,No,No,No,Yes,Month-to-month,Yes,Mailed check,49.17,435.43,No
CUST-05636,Female,0,No,No,3,Yes,No,Fiber optic,Yes,Yes,No,No,No,No,Month-to-month,Yes,Credit card (automatic),89.25,328.23,Yes
CUST-05637,Male,0,No,No,35,No,No phone service,Fiber optic,No,No,No,Yes,No,Yes,One year,No,Mailed check,88.82,3063.89,No
CUST-05638,Male,0,Yes,Yes,1,Yes,Yes,Fiber optic,No,No,No,No,No,No,Month-to-month,Yes,Mailed check,88.68,101.46,Yes
CUST-05639,Male,0,Yes,Yes,26,No,No phone service,Fiber optic,No,Yes,No,No,No,Yes,Month-to-month,Yes,Electronic check,82.32,2141.31,Yes
CUST-05640,Female,0,No,Yes,55,Yes,No,Fiber optic,Yes,Yes,No,Yes,No,No,One year,Yes,Electronic check,81.73,4459.08,No
CUST-05641,Female,0,No,No,2,Yes,No,DSL,No,Yes,No,No,No,No,Month-to-month,Yes,Mailed check,55.54,139.96,No
CUST-05642,Male,1,Yes,No,46,No,No phone service,Fiber optic,No,Yes,No,No,No,Yes,Two year,No,Mailed check,98.55,4511.45,No
CUST-05643,Female,0,Yes,No,9,Yes,Yes,No,No internet service,No internet service,No internet service,No internet service,No internet service,No internet service,Month-to-month,Yes,Bank transfer (automatic),29.55,314.29,Yes
CUST-05644,Female,0,No,No,41,Yes,Yes,DSL,Yes,Yes,No,No,Yes,No,Two year,Yes,Mailed check,61.2,2601.49,No
CUST-05645,Female,0,No,No,37,Yes,Yes,DSL,No,No,No,No,No,No,Two year,No,Electronic check,54.43,2016.26,No
CUST-05646,Male,0,Yes,Yes,49,Yes,No,DSL,No,Yes,Yes,No,No,Yes,Two year,No,Mailed check,62.64,3142.07,No
CUST-05647,Female,0,Yes,No,17,Yes,No,Fiber optic,Yes,No,No,No,Yes,No,One year,No,Mailed check,93.86,1600.56,No
CUST-05648,Female,0,Yes,No,40,Yes,Yes,No,No internet service,No internet service,No internet service,No internet service,No internet service,No internet service,One year,Yes,Mailed check,29.31,1085.97,No
CUST-05649,Female,0,Yes,No,29,Yes,No,No,No internet service,No internet service,No internet service,No internet service,No internet service,No internet service,Month-to-month,No,Electronic check,39.13,1122.79,No
CUST-05650,Female,0,Yes,No,41,Yes,Yes,Fiber optic,No,Yes,Yes,Yes,No,No,One year,Yes,Mailed check,89.57,3670.04,No
CUST-05651,Female,0,Yes,Yes,1,Yes,No,Fiber optic,Yes,No,No,No,No,Yes,Month-to-month,No,Electronic check,86.76,157.13,Yes
CUST-05652,Female,0,Yes,No,26,Yes,No,Fiber optic,No,Yes,No,No,No,Yes,Month-to-month,No,Bank transfer (automatic),92.43,2407.61,No
CUST-05653,Male,0,Yes,No,24,No,No phone service,Fiber optic,No,No,Yes,No,Yes,No,Month-to-month,No,Bank transfer (automatic),87.25,2006.68,Yes
CUST-05654,Male,1,No,No,18,Yes,No,DSL,Yes,Yes,Yes,Yes,Yes,No,One year,No,Bank transfer (automatic),85.75,1560.8,No
CUST-05655,Male,0,Yes,No,24,No,No phone service,Fiber optic,Yes,No,Yes,No,No,No,Month-to-month,No,Electronic check,83.34,2004.25,No
CUST-05656,Male,1,No,No,35,Yes,Yes,Fiber optic,No,Yes,Yes,No,No,No,One year,Yes,Electronic check,88.28,3082.55,Yes
CUST-05657,Female,0,Yes,Yes,15,Yes,Yes,No,No internet service,No internet service,No internet service,No internet service,No internet service,No internet service,Month-to-month,No,Electronic check,18.0,269.79,No
CUST-05658,Female,0,No,No,8,No,No phone service,Fiber optic,No,No,No,No,Yes,No,Month-to-month,Yes,Mailed check,92.31,784.57,Yes
CUST-05659,Female,0,No,Yes,38,Yes,No,Fiber optic,No,No,No,Yes,Yes,No,Month-to-month,Yes,Electronic check,98.32,3742.54,No
CUST-05660,Female,0,No,Yes,36,Yes,Yes,Fiber optic,No,No,No,No,No,Yes,Two year,No,Bank transfer (automatic),86.71,3129.26,No
CUST-05661,Male,0,Yes,Yes,6,Yes,No,Fiber optic,No,No,No,No,No,No,Month-to-month,No,Electronic check,90.93,525.54,Yes
CUST-05662,Male,1,Yes,No,45,Yes,Yes,DSL,No,No,No,No,Yes,No,Two year,No,Credit card (automatic),51.89,2284.5,No
CUST-05663,Female,0,No,No,18,Yes,Yes,Fiber optic,No,No,Yes,Yes,No,No,Month-to-month,Yes,Electronic check,91.97,1663.03,Yes
CUST-05664,Male,0,Yes,No,0,Yes,Yes,No,No internet service,No internet service,No internet service,No internet service,No internet service,No internet service,Month-to-month,No,Electronic check,31.57,0.0,No
CUST-05665,Female,0,Yes,No,6,Yes,No,Fiber optic,No,No,No,No,No,No,Month-to-month,Yes,Electronic check,94.06,570.33,Yes
CUST-05666,Male,0,Yes,Yes,40,Yes,Yes,No,No internet service,No internet service,No internet service,No internet service,No internet service,No internet service,Month-to-month,Yes,Bank transfer (automatic),32.06,1201.68,No
CUST-05667,Male,0,No,No,7,Yes,No,No,No internet service,No internet service,No internet service,No internet service,No internet service,No internet service,Month-to-month,Yes,Electronic check,31.92,227.72,Yes
CUST-05668,Female,0,No,No,4,Yes,Yes,Fiber optic,No,Yes,Yes,Yes,Yes,No,Month-to-month,Yes,Credit card (automatic),90.28,358.85,No
CUST-05669,Female,0,Yes,Yes,25,Yes,Yes,DSL,No,Yes,No,Yes,No,No,One year,Yes,Mailed check,66.06,1654.02,No
CUST-05670,Female,0,No,No,29,Yes,No,Fiber optic,No,No,Yes,Yes,No,No,One year,No,Mailed check,79.19,2305.85,No
CUST-05671,Male,0,No,No,28,Yes,Yes,Fiber optic,No,No,No,No,Yes,No,Month-to-month,No,Electronic check,82.39,2326.12,No
CUST-05672,Female,0,Yes,No,54,Yes,No,Fiber optic,No,Yes,No,No,Yes,Yes,Two year,Yes,Credit card (automatic),88.18,4784.07,No
CUST-05673,Female,0,Yes,No,55,Yes,No,Fiber optic,Yes,No,No,No,Yes,No,One year,Yes,Credit card (automatic),75.62,4151.56,No
CUST-05674,Female,0,Yes,No,9,No,No phone service,Fiber optic,No,No,Yes,No,No,Yes,Month-to-month,Yes,Electronic check,90.89,855.62,Yes
CUST-05675,Male,1,No,No,8,Yes,No,DSL,Yes,No,No,Yes,Yes,No,Month-to-month,Yes,Mailed check,56.34,447.53,Yes
CUST-05676,Male,1,No,No,11,Yes,Yes,DSL,No,Yes,No,Yes,No,No,Month-to-month,No,Electronic check,69.94,715.29,Yes
CUST-05677,Female,0,No,Yes,58,Yes,Yes,No,No internet service,No internet service,No internet service,No internet service,No internet service,No internet service,Two year,No,Bank transfer (automatic),22.08,1308.78,No
CUST-05678,Male,0,No,No,13,No,No phone service,Fiber optic,No,No,No,No,Yes,No,Month-to-month,Yes,Electronic check,84.14,1085.95,No
CUST-05679,Female,0,Yes,No,1,Yes,Yes,DSL,No,Yes,No,No,No,No,Month-to-month,Yes,Electronic check,62.44,47.62,Yes
CUST-05680,Male,0,No,No,21,Yes,No,Fiber optic,Yes,No,No,No,Yes,No,Month-to-month,No,Mailed check,100.12,2161.59,Yes
CUST-05681,Male,0,No,No,12,Yes,Yes,DSL,Yes,Yes,Yes,No,No,No,Month-to-month,No,Electronic check,59.45,704.62,Yes
CUST-05682,Female,0,No,Yes,11,Yes,No,DSL,No,Yes,No,Yes,No,No,Month-to-month,No,Mailed check,56.15,629.3,No
CUST-05683,Male,0,Yes,No,11,No,No phone service,DSL,Yes,Yes,No,No,No,Yes,One year,Yes,Mailed check,69.16,802.47,No
CUST-05684,Male,1,Yes,No,60,Yes,Yes,Fiber optic,Yes,Yes,Yes,No,No,No,Two year,Yes,Mailed check,94.03,5620.71,No
CUST-05685,Female,0,Yes,No,33,Yes,No,DSL,No,No,No,Yes,Yes,Yes,Month-to-month,Yes,Credit card (automatic),66.3,2217.49,No
CUST-05686,Male,1,Yes,Yes,0,Yes,No,DSL,No,No,Yes,No,No,No,Month-to-month,Yes,Electronic check,62.99,0.0,No
CUST-05687,Female,0,No,Yes,13,Yes,No,DSL,Yes,No,No,No,Yes,No,Month-to-month,Yes,Bank transfer (automatic),59.84,830.22,No
CUST-05688,Male,0,No,No,7,Yes,No,No,No internet service,No internet service,No internet service,No internet service,No internet service,No internet service,Month-to-month,Yes,Electronic check,26.9,165.8,Yes
CUST-05689,Female,0,No,No,48,Yes,No,DSL,No,Yes,No,No,No,Yes,One year,Yes,Mailed check,70.25,3346.53,No
CUST-05690,Male,0,Yes,No,54,No,No phone service,Fiber optic,No,No,No,Yes,Yes,No,Two year,Yes,Mailed check,79.26,4291.62,No
CUST-05691,Male,0,Yes,No,25,No,No phone service,DSL,Yes,No,No,No,No,No,One year,No,Bank transfer (automatic),49.01,1186.35,No
CUST-05692,Female,0,Yes,No,9,Yes,Yes,Fiber optic,No,No,No,No,No,Yes,Month-to-month,No,Mailed check,79.06,761.57,No
CUST-05693,Female,0,No,Yes,27,Yes,Yes,DSL,Yes,Yes,No,Yes,Yes,No,Two year,No,Credit card (automatic),75.51,2027.5,No
CUST-05694,Male,0,No,No,53,No,No phone service,Fiber optic,Yes,No,No,No,Yes,No,Two year,Yes,Mailed check,99.51,5343.02,No
CUST-05695,Female,0,No,No,8,No,No phone service,DSL,No,Yes,No,No,No,Yes,Month-to-month,No,Mailed check,65.71,485.87,Yes
CUST-05696,Male,0,No,Yes,69,Yes,Yes,Fiber optic,No,No,No,No,Yes,No,Two year,No,Bank transfer (automatic),73.57,5118.12,No
CUST-05697,Male,0,No,No,33,Yes,No,DSL,No,Yes,Yes,No,No,No,One year,No,Bank transfer (automatic),64.22,2109.31,No
CUST-05698,Female,0,Yes,Yes,17,Yes,No,DSL,No,No,No,Yes,Yes,No,One year,Yes,Credit card (automatic),59.73,991.4,No
CUST-05699,Female,0,Yes,No,9,Yes,Yes,Fiber optic,No,No,Yes,No,No,Yes,Month-to-month,No,Credit card (automatic),81.59,752.09,No
CUST-05700,Male,0,Yes,Yes,2,Yes,Yes,No,No internet service,No internet service,No internet service,No internet service,No internet service,No internet service,Month-to-month,Yes,Credit card (automatic),36.96,79.54,Yes
CUST-05701,Female,0,Yes,No,37,Yes,Yes,No,No internet service,No internet service,No internet service,No internet service,No internet service,No internet service,One year,Yes,Credit card (automatic),36.69,1379.99,No
CUST-05702,Male,1,No,No,1,Yes,Yes,No,No internet service,No internet service,No internet service,No internet service,No internet service,No internet service,Month-to-month,Yes,Electronic check,27.41,0.0,No
CUST-05703,Male,0,Yes,Yes,46,Yes,No,Fiber optic,No,Yes,No,No,Yes,No,Two year,Yes,Electronic check,93.37,4233.05,No
CUST-05704,Male,0,No,No,3,No,No phone service,Fiber optic,No,Yes,No,Yes,No,No,Month-to-month,Yes,Electronic check,83.78,277.34,Yes
CUST-05705,Male,0,No,No,8,Yes,No,Fiber optic,Yes,No,No,No,No,No,Month-to-month,Yes,Bank transfer (automatic),85.32,655.75,Yes
CUST-05706,Female,1,No,No,60,Yes,Yes,DSL,No,No,No,No,No,Yes,One year,Yes,Credit card (automatic),52.65,3161.08,Yes
CUST-05707,Male,0,No,No,5,No,No phone service,DSL,No,Yes,No,No,Yes,Yes,One year,Yes,Mailed check,58.14,315.29,No
CUST-05708,Male,0,Yes,No,1,Yes,Yes,DSL,No,No,No,No,No,Yes,Month-to-month,No,Mailed check,49.15,55.4,Yes
CUST-05709,Female,0,No,No,60,Yes,Yes,No,No internet service,No internet service,No internet service,No internet service,No internet service,No internet service,One year,No,Electronic check,25.57,1526.25,No
CUST-05710,Female,0,Yes,No,21,Yes,No,Fiber optic,Yes,No,Yes,No,No,Yes,One year,No,Mailed check,79.31,1643.24,Yes
CUST-05711,Male,1,No,No,21,Yes,No,DSL,No,No,No,No,No,No,One year,No,Electronic check,74.43,1606.77,Yes
CUST-05712,Female,0,No,No,11,Yes,Yes,Fiber optic,No,Yes,No,No,No,Yes,Month-to-month,No,Mailed check,83.76,952.09,Yes
CUST-05713,Male,0,Yes,No,41,No,No phone service,Fiber optic,No,No,No,No,Yes,No,One year,Yes,Credit card (automatic),86.82,3605.7,No
CUST-05714,Female,0,Yes,No,0,No,No phone service,Fiber optic,No,No,No,No,Yes,Yes,Month-to-month,Yes,Mailed check,90.53,0.0,Yes
CUST-05715,Female,0,No,No,24,Yes,Yes,DSL,No,No,No,No,No,No,One year,Yes,Mailed check,45.72,1071.3,No
CUST-05716,Male,0,No,No,18,Yes,Yes,Fiber optic,Yes,No,Yes,Yes,Yes,Yes,One year,Yes,Bank transfer (automatic),97.84,1745.71,Yes
CUST-05717,Male,1,No,No,27,Yes,No,DSL,No,No,Yes,No,No,Yes,Month-to-month,No,Credit card (automatic),58.89,1603.79,No
CUST-05718,Female,1,Yes,No,6,No,No phone service,DSL,Yes,No,Yes,Yes,No,Yes,Month-to-month,Yes,Credit card (automatic),69.5,484.16,Yes
CUST-05719,Male,0,No,No,16,Yes,No,Fiber optic,Yes,No,No,Yes,Yes,No,Month-to-month,Yes,Electronic check,89.39,1432.52,Yes
CUST-05720,Male,0,No,No,5,Yes,No,DSL,No,No,No,No,Yes,No,Month-to-month,Yes,Electronic check,55.89,262.28,No
CUST-05721,Female,1,Yes,Yes,21,Yes,Yes,Fiber optic,No,No,No,Yes,No,No,One year,No,Bank transfer (automatic),83.02,1753.4,No
CUST-05722,Male,0,No,No,50,No,No phone service,DSL,No,Yes,No,Yes,No,Yes,One year,No,Mailed check,70.36,3463.43,No
CUST-05723,Female,0,No,Yes,37,Yes,No,No,No internet service,No internet service,No internet service,No internet service,No internet service,No internet service,Two year,No,Electronic check,36.97,1283.4,No
CUST-05724,Female,0,No,No,51,Yes,Yes,Fiber optic,No,Yes,No,No,No,Yes,One year,No,Credit card (automatic),90.87,4586.96,No
CUST-05725,Male,0,Yes,Yes,48,Yes,Yes,Fiber optic,Yes,No,No,No,No,No,One year,No,Bank transfer (automatic),86.91,4155.02,Yes
CUST-05726,Male,0,Yes,Yes,33,Yes,No,DSL,No,No,No,Yes,Yes,Yes,One year,Yes,Electronic check,57.12,1902.09,No
CUST-05727,Female,1,No,Yes,17,Yes,Yes,DSL,No,No,No,No,Yes,No,Month-to-month,No,Bank transfer (automatic),63.47,1123.63,No
CUST-05728,Male,0,No,Yes,13,Yes,No,DSL,Yes,Yes,Yes,Yes,No,No,One year,Yes,Bank transfer (automatic),62.65,867.48,Yes
CUST-05729,Male,0,Yes,No,28,Yes,No,DSL,No,No,No,No,No,No,Month-to-month,No,Electronic check,44.41,1279.52,No
CUST-05730,Male,0,No,Yes,20,Yes,No,DSL,No,Yes,Yes,Yes,Yes,No,Month-to-month,Yes,Mailed check,61.99,1187.49,No
CUST-05731,Female,0,Yes,Yes,45,Yes,No,Fiber optic,Yes,No,No,Yes,No,No,Two year,No,Mailed check,86.11,3866.26,No
CUST-05732,Male,0,No,No,19,Yes,No,Fiber optic,No,Yes,Yes,No,Yes,No,One year,Yes,Electronic check,95.35,1868.33,No
CUST-05733,Female,0,Yes,No,12,Yes,No,No,No internet service,No internet service,No internet service,No internet service,No internet service,No internet service,Month-to-month,No,Mailed check,29.3,295.46,No
CUST-05734,Male,1,Yes,No,20,Yes,No,Fiber optic,No,Yes,No,No,No,No,Month-to-month,No,Bank transfer (automatic),86.78,1735.96,Yes
CUST-05735,Female,0,No,No,51,Yes,No,Fiber optic,Yes,No,Yes,No,No,No,Two year,No,Mailed check,86.41,4407.83,Yes
CUST-05736,Female,0,Yes,Yes,11,Yes,No,No,No internet service,No internet service,No internet service,No internet service,No internet service,No internet service,Month-to-month,Yes,Mailed check,33.75,403.14,No
CUST-05737,Male,0,No,No,72,Yes,Yes,Fiber optic,No,No,No,Yes,No,No,Two year,Yes,Bank transfer (automatic),78.53,5541.58,No
CUST-05738,Female,0,No,No,40,Yes,Yes,DSL,Yes,No,Yes,No,Yes,Yes,Two year,No,Credit card (automatic),65.92,2661.0,No
CUST-05739,Male,0,Yes,No,57,Yes,No,DSL,No,Yes,No,No,Yes,No,One year,Yes,Electronic check,66.94,3766.89,No
CUST-05740,Male,1,No,No,7,Yes,Yes,DSL,No,No,No,No,No,No,Month-to-month,Yes,Mailed check,58.75,445.96,Yes
CUST-05741,Female,0,No,No,32,Yes,No,Fiber optic,No,No,No,No,No,Yes,Month-to-month,No,Mailed check,83.48,2620.95,No
CUST-05742,Female,0,No,No,5,No,No phone service,DSL,No,No,Yes,No,No,No,Month-to-month,No,Credit card (automatic),56.44,286.62,Yes
CUST-05743,Female,0,No,No,20,Yes,Yes,Fiber optic,Yes,No,No,Yes,No,No,Month-to-month,Yes,Credit card (automatic),75.78,1437.07,No
CUST-05744,Male,0,Yes,No,31,Yes,Yes,DSL,No,Yes,No,Yes,Yes,No,One year,Yes,Mailed check,63.68,1932.72,Yes
CUST-05745,Male,0,Yes,Yes,52,Yes,Yes,Fiber optic,Yes,No,Yes,No,Yes,No,Two year,No,Electronic check,82.12,4289.19,No
CUST-05746,Male,0,Yes,No,2,Yes,No,Fiber optic,No,No,Yes,No,No,No,Month-to-month,No,Mailed check,85.11,143.03,Yes
CUST-05747,Male,0,No,No,13,Yes,Yes,DSL,No,Yes,No,Yes,Yes,Yes,Month-to-month,No,Bank transfer (automatic),61.59,824.56,No
CUST-05748,Male,0,Yes,No,8,Yes,No,DSL,No,Yes,No,No,Yes,No,Month-to-month,Yes,Bank transfer (automatic),71.84,586.8,No
CUST-05749,Female,0,Yes,No,24,No,No phone service,No,No internet service,No internet service,No internet service,No internet service,No internet service,No internet service,Month-to-month,No,Mailed check,26.18,621.89,No
CUST-05750,Male,0,No,No,1,Yes,No,Fiber optic,No,Yes,No,No,No,No,Month-to-month,No,Bank transfer (automatic),71.31,0.0,Yes
CUST-05751,Female,0,Yes,No,49,Yes,No,No,No internet service,No internet service,No internet service,No internet service,No internet service,No internet service,Two year,Yes,Mailed check,27.6,1358.64,No
CUST-05752,Male,0,No,No,5,Yes,Yes,DSL,Yes,No,Yes,Yes,No,Yes,Month-to-month,No,Bank transfer (automatic),56.61,311.03,No
CUST-05753,Male,0,Yes,Yes,15,Yes,No,Fiber optic,Yes,No,No,No,No,Yes,Month-to-month,Yes,Electronic check,89.51,1362.76,Yes
CUST-05754,Male,0,Yes,No,10,Yes,Yes,DSL,No,Yes,No,No,No,No,One year,Yes,Electronic check,62.94,595.2,No
CUST-05755,Male,0,Yes,Yes,24,Yes,No,Fiber optic,No,No,Yes,No,No,Yes,Month-to-month,No,Mailed check,81.28,1959.79,Yes
CUST-05756,Male,0,Yes,No,61,Yes,Yes,Fiber optic,Yes,No,No,Yes,No,Yes,Two year,No,Credit card (automatic),91.44,5569.63,No
CUST-05757,Male,0,No,No,24,No,No phone service,DSL,No,No,No,No,No,No,Two year,No,Credit card (automatic),56.5,1361.35,No
CUST-05758,Female,1,Yes,No,1,Yes,Yes,Fiber optic,Yes,Yes,No,Yes,No,No,Month-to-month,Yes,Bank transfer (automatic),86.23,134.39,Yes
CUST-05759,Female,0,No,No,22,Yes,Yes,DSL,No,Yes,No,No,No,Yes,One year,Yes,Bank transfer (automatic),57.08,1266.54,No
CUST-05760,Male,0,No,No,53,Yes,No,DSL,Yes,No,No,No,No,No,One year,No,Mailed check,65.9,3471.37,No
CUST-05761,Male,1,Yes,No,0,No,No phone service,Fiber optic,No,Yes,Yes,No,No,Yes,Month-to-month,No,Credit card (automatic),91.5,0.0,Yes
CUST-05762,Male,0,No,No,0,Yes,No,DSL,Yes,No,No,No,No,No,Month-to-month,No,Credit card (automatic),55.52,0.0,No
CUST-05763,Male,0,No,No,49,Yes,No,Fiber optic,No,Yes,Yes,No,No,Yes,Two year,No,Mailed check,90.5,4474.0,No
CUST-05764,Male,1,Yes,No,2,Yes,No,Fiber optic,Yes,Yes,No,No,No,No,Month-to-month,Yes,Electronic check,88.14,131.48,Yes
CUST-05765,Male,0,No,Yes,2,Yes,No,Fiber optic,No,No,No,No,No,No,Month-to-month,No,Credit card (automatic),81.06,114.76,No
CUST-05766,Female,0,Yes,Yes,3,Yes,No,DSL,Yes,Yes,No,No,Yes,No,Month-to-month,No,Electronic check,65.34,185.95,Yes
CUST-05767,Male,0,No,No,12,Yes,No,DSL,Yes,No,Yes,No,No,No,Month-to-month,Yes,Bank transfer (automatic),60.96,661.77,No
CUST-05768,Male,1,Yes,No,38,Yes,Yes,Fiber optic,No,No,Yes,No,No,No,Two year,Yes,Credit card (automatic),103.47,3914.52,No
CUST-05769,Male,1,No,No,32,Yes,No,No,No internet service,No internet service,No internet service,No internet service,No internet service,No internet service,One year,Yes,Credit card (automatic),40.86,1314.71,No
CUST-05770,Female,1,No,No,19,Yes,No,No,No internet service,No internet service,No internet service,No internet service,No internet service,No internet service,One year,Yes,Bank transfer (automatic),31.34,638.82,No
CUST-05771,Male,0,No,Yes,28,Yes,Yes,Fiber optic,No,Yes,Yes,Yes,Yes,No,Month-to-month,Yes,Electronic check,93.77,2610.32,No
CUST-05772,Male,0,No,No,53,Yes,Yes,Fiber optic,Yes,No,Yes,No,Yes,No,Two year,No,Credit card (automatic),82.99,4432.53,No
CUST-05773,Male,1,Yes,No,9,Yes,No,Fiber optic,No,No,No,Yes,No,No,Month-to-month,Yes,Mailed check,83.87,762.94,Yes
CUST-05774,Male,0,No,No,27,Yes,No,No,No internet service,No internet service,No internet service,No internet service,No internet service,No internet service,Month-to-month,No,Credit card (automatic),27.95,748.74,No
CUST-05775,Male,0,Yes,No,7,Yes,Yes,Fiber optic,No,Yes,No,Yes,No,Yes,Month-to-month,Yes,Electronic check,95.75,630.4,No
CUST-05776,Female,0,Yes,Yes,32,No,No phone service,Fiber optic,No,No,Yes,No,No,No,Month-to-month,Yes,Bank transfer (automatic),86.69,2750.03,No
CUST-05777,Male,1,Yes,No,53,Yes,No,DSL,No,Yes,No,Yes,No,No,One year,No,Bank transfer (automatic),64.52,3397.29,No
CUST-05778,Male,0,No,No,9,Yes,No,No,No internet service,No internet service,No internet service,No internet service,No internet service,No internet service,Month-to-month,Yes,Electronic check,25.82,219.21,Yes
CUST-05779,Female,0,No,No,38,Yes,Yes,Fiber optic,Yes,No,No,Yes,Yes,Yes,Month-to-month,Yes,Credit card (automatic),84.55,3190.87,No
CUST-05780,Male,1,Yes,Yes,8,Yes,Yes,Fiber optic,Yes,No,No,Yes,Yes,Yes,Month-to-month,No,Mailed check,90.88,760.26,No
CUST-05781,Male,1,No,No,51,Yes,No,DSL,Yes,No,No,No,Yes,Yes,One year,No,Electronic check,62.22,3166.89,No
CUST-05782,Male,1,No,No,11,Yes,Yes,DSL,No,No,No,No,Yes,Yes,Month-to-month,Yes,Credit card (automatic),66.57,796.9,Yes
CUST-05783,Female,0,Yes,No,45,Yes,Yes,Fiber optic,No,No,No,Yes,No,Yes,Two year,No,Bank transfer (automatic),96.33,4298.01,No
CUST-05784,Female,0,Yes,No,18,Yes,Yes,No,No internet service,No internet service,No internet service,No internet service,No internet service,No internet service,Month-to-month,No,Electronic check,22.89,443.2,No
CUST-05785,Female,0,No,Yes,19,Yes,No,Fiber optic,Yes,No,No,No,No,No,Month-to-month,Yes,Bank transfer (automatic),85.4,1576.34,Yes
CUST-05786,Female,0,No,Yes,3,Yes,Yes,Fiber optic,Yes,No,No,No,Yes,Yes,Month-to-month,Yes,Electronic check,100.02,289.32,Yes
CUST-05787,Female,1,Yes,Yes,0,Yes,No,DSL,Yes,No,Yes,No,No,No,Month-to-month,Yes,Electronic check,61.98,0.0,No
CUST-05788,Female,0,No,Yes,2,Yes,No,DSL,No,No,No,No,No,No,Month-to-month,Yes,Mailed check,60.23,111.26,No
CUST-05789,Female,0,Yes,Yes,50,Yes,No,Fiber optic,Yes,No,No,Yes,Yes,Yes,Month-to-month,Yes,Bank transfer (automatic),84.09,4246.54,No
CUST-05790,Female,0,No,Yes,19,Yes,Yes,No,No internet service,No internet service,No internet service,No internet service,No internet service,No internet service,Month-to-month,Yes,Bank transfer (automatic),40.25,767.81,Yes
CUST-05791,Female,0,Yes,No,8,Yes,No,Fiber optic,No,Yes,No,No,No,Yes,Month-to-month,Yes,Credit card (automatic),83.1,730.81,Yes
CUST-05792,Male,1,Yes,No,35,Yes,No,DSL,No,Yes,Yes,No,Yes,No,Month-to-month,No,Credit card (automatic),60.71,2174.25,Yes
CUST-05793,Male,0,Yes,No,52,Yes,No,Fiber optic,Yes,No,Yes,No,No,Yes,One year,No,Credit card (automatic),100.3,5211.55,Yes
CUST-05794,Female,0,No,No,1,Yes,Yes,Fiber optic,No,No,No,No,Yes,No,Month-to-month,Yes,Credit card (automatic),90.15,128.8,Yes
CUST-05795,Male,0,Yes,Yes,51,Yes,Yes,Fiber optic,Yes,Yes,No,Yes,No,No,Two year,No,Mailed check,84.67,4269.5,No
CUST-05796,Male,0,Yes,No,19,Yes,No,Fiber optic,No,No,No,No,Yes,No,Month-to-month,Yes,Mailed check,87.21,1653.19,No
CUST-05797,Female,0,Yes,No,5,Yes,No,No,No internet service,No internet service,No internet service,No internet service,No internet service,No internet service,Month-to-month,No,Electronic check,31.47,150.02,No
CUST-05798,Female,1,No,Yes,15,Yes,Yes,Fiber optic,Yes,No,No,No,Yes,No,Month-to-month,Yes,Bank transfer (automatic),82.88,1259.31,Yes
CUST-05799,Female,0,Yes,No,38,Yes,No,DSL,No,No,No,No,Yes,No,Two year,Yes,Mailed check,50.97,1959.9,No
CUST-05800,Male,0,Yes,No,5,Yes,Yes,DSL,No,Yes,No,No,No,Yes,Month-to-month,Yes,Credit card (automatic),65.76,294.26,Yes
CUST-05801,Male,0,Yes,No,65,Yes,Yes,Fiber optic,No,Yes,No,No,Yes,No,Two year,Yes,Electronic check,90.97,5927.84,No
CUST-05802,Male,0,No,No,12,Yes,Yes,No,No internet service,No internet service,No internet service,No internet service,No internet service,No internet service,One year,Yes,Mailed check,21.22,303.1,No
CUST-05803,Male,0,Yes,Yes,25,Yes,No,Fiber optic,No,No,Yes,No,Yes,No,One year,Yes,Credit card (automatic),86.39,2186.41,Yes
CUST-05804,Female,0,Yes,Yes,1,Yes,Yes,No,No internet service,No internet service,No internet service,No internet service,No internet service,No internet service,Month-to-month,No,Bank transfer (automatic),32.4,46.28,Yes
CUST-05805,Male,0,No,Yes,0,Yes,Yes,DSL,No,No,Yes,Yes,Yes,No,Month-to-month,Yes,Credit card (automatic),63.45,0.0,No
CUST-05806,Male,0,No,No,10,No,No phone service,DSL,Yes,No,Yes,No,No,No,Month-to-month,Yes,Credit card (automatic),58.14,491.42,No
CUST-05807,Male,1,No,No,58,Yes,Yes,DSL,No,No,No,No,Yes,No,Two year,Yes,Bank transfer (automatic),55.95,3172.98,No
CUST-05808,Female,1,Yes,No,56,Yes,No,Fiber optic,Yes,Yes,Yes,No,Yes,No,One year,No,Mailed check,98.08,5554.44,No
CUST-05809,Male,0,No,No,11,Yes,No,Fiber optic,Yes,No,Yes,No,No,Yes,Month-to-month,No,Electronic check,89.03,1002.1,No
CUST-05810,Male,0,No,No,56,Yes,No,No,No internet service,No internet service,No internet service,No internet service,No internet service,No internet service,Month-to-month,No,Electronic check,27.35,1541.79,No
CUST-05811,Female,0,No,Yes,12,Yes,Yes,Fiber optic,Yes,No,Yes,No,Yes,No,Month-to-month,Yes,Electronic check,90.16,1085.82,No
CUST-05812,Female,0,No,No,50,Yes,Yes,Fiber optic,Yes,Yes,No,Yes,No,No,One year,Yes,Electronic check,94.96,4745.56,No
CUST-05813,Male,0,No,Yes,29,Yes,No,Fiber optic,No,Yes,No,No,No,No,Month-to-month,Yes,Bank transfer (automatic),72.63,2121.65,No
CUST-05814,Female,0,No,No,34,Yes,Yes,Fiber optic,No,No,No,No,Yes,Yes,One year,Yes,Credit card (automatic),83.95,2864.04,Yes
CUST-05815,Female,0,Yes,No,16,Yes,Yes,DSL,Yes,Yes,No,No,Yes,Yes,Month-to-month,Yes,Mailed check,67.0,1056.1,No
CUST-05816,Male,1,No,No,62,Yes,No,Fiber optic,No,No,No,No,Yes,Yes,Two year,Yes,Mailed check,91.19,5661.91,No
CUST-05817,Male,1,No,No,11,Yes,Yes,Fiber optic,No,No,No,No,No,No,Month-to-month,Yes,Credit card (automatic),96.78,1071.92,Yes
CUST-05818,Female,0,No,No,2,Yes,No,Fiber optic,No,Yes,No,No,No,Yes,Month-to-month,No,Credit card (automatic),89.02,154.38,No
CUST-05819,Male,0,Yes,Yes,57,Yes,Yes,No,No internet service,No internet service,No internet service,No internet service,No internet service,No internet service,Two year,Yes,Credit card (automatic),35.56,2067.92,No
CUST-05820,Female,0,Yes,No,20,No,No phone service,Fiber optic,No,No,No,No,No,No,One year,Yes,Electronic check,87.06,1717.39,No
CUST-05821,Female,0,No,No,0,Yes,No,No,No internet service,No internet service,No internet service,No internet service,No internet service,No internet service,Month-to-month,Yes,Bank transfer (automatic),34.79,0.0,No
CUST-05822,Female,0,No,Yes,68,Yes,No,No,No internet service,No internet service,No internet service,No internet service,No internet service,No internet service,Two year,No,Mailed check,26.86,1808.83,No
CUST-05823,Female,0,Yes,Yes,3,No,No phone service,Fiber optic,No,No,Yes,No,No,No,Month-to-month,Yes,Electronic check,77.85,178.4,Yes
CUST-05824,Male,0,No,No,13,Yes,Yes,DSL,No,Yes,Yes,No,Yes,No,Month-to-month,No,Bank transfer (automatic),74.25,959.44,No
CUST-05825,Female,0,Yes,No,29,Yes,No,Fiber optic,No,No,No,Yes,Yes,No,Month-to-month,Yes,Electronic check,87.5,2521.08,Yes
CUST-05826,Female,0,No,No,8,Yes,No,Fiber optic,No,No,No,Yes,No,Yes,Month-to-month,Yes,Bank transfer (automatic),86.02,710.69,No
CUST-05827,Male,0,No,No,29,Yes,No,DSL,No,No,No,No,No,No,One year,Yes,Mailed check,48.77,1409.89,No
CUST-05828,Female,0,No,Yes,12,Yes,Yes,No,No internet service,No internet service,No internet service,No internet service,No internet service,No internet service,Month-to-month,No,Electronic check,32.03,321.74,No
CUST-05829,Male,0,Yes,Yes,2,Yes,No,DSL,No,No,Yes,No,Yes,No,Month-to-month,Yes,Bank transfer (automatic),43.65,69.83,Yes
CUST-05830,Male,0,Yes,No,16,Yes,No,Fiber optic,No,No,No,Yes,Yes,No,One year,No,Credit card (automatic),77.49,1186.12,No
CUST-05831,Male,0,Yes,Yes,7,Yes,No,DSL,No,Yes,Yes,No,Yes,No,Month-to-month,Yes,Electronic check,52.28,403.04,No
CUST-05832,Male,0,No,No,2,Yes,No,Fiber optic,No,Yes,Yes,Yes,Yes,No,Month-to-month,Yes,Bank transfer (automatic),84.89,208.78,Yes
CUST-05833,Female,0,No,No,6,Yes,Yes,Fiber optic,No,No,Yes,No,Yes,Yes,Month-to-month,No,Bank transfer (automatic),87.52,539.01,No
CUST-05834,Male,0,No,No,29,Yes,Yes,Fiber optic,No,No,Yes,No,Yes,No,One year,No,Mailed check,91.08,2667.54,No
CUST-05835,Male,0,No,Yes,10,Yes,Yes,DSL,Yes,No,No,No,No,No,Month-to-month,Yes,Credit card (automatic),56.02,563.29,No
CUST-05836,Female,0,Yes,No,55,Yes,Yes,Fiber optic,No,Yes,No,Yes,Yes,No,Two year,No,Credit card (automatic),95.25,5248.61,No
CUST-05837,Female,0,Yes,No,38,Yes,Yes,DSL,No,Yes,Yes,No,No,No,Two year,Yes,Electronic check,73.47,2768.06,No
CUST-05838,Male,0,No,Yes,31,Yes,No,DSL,Yes,Yes,No,Yes,No,Yes,One year,Yes,Electronic check,66.51,2047.85,No
CUST-05839,Male,0,No,No,24,Yes,No,DSL,Yes,No,No,No,No,No,One year,No,Bank transfer (automatic),63.76,1558.05,No
CUST-05840,Female,0,Yes,No,9,No,No phone service,No,No internet service,No internet service,No internet service,No internet service,No internet service,No internet service,One year,Yes,Electronic check,32.87,261.63,No
CUST-05841,Female,0,No,No,39,Yes,No,DSL,Yes,Yes,No,No,Yes,No,Two year,No,Bank transfer (automatic),65.0,2540.15,No
CUST-05842,Female,0,No,Yes,16,Yes,Yes,DSL,Yes,Yes,No,No,No,Yes,One year,No,Bank transfer (automatic),54.81,853.48,No
CUST-05843,Female,0,Yes,No,7,Yes,Yes,DSL,Yes,No,No,Yes,No,No,Month-to-month,No,Electronic check,60.03,395.1,Yes
CUST-05844,Male,0,Yes,No,3,Yes,Yes,Fiber optic,Yes,No,No,Yes,No,No,Month-to-month,Yes,Electronic check,81.8,286.26,No
CUST-05845,Female,0,No,Yes,72,Yes,No,Fiber optic,Yes,No,No,No,No,No,Two year,Yes,Electronic check,87.1,6290.58,No
CUST-05846,Male,0,Yes,No,5,No,No phone service,DSL,No,Yes,Yes,No,No,No,Month-to-month,Yes,Mailed check,62.32,321.35,No
CUST-05847,Male,0,Yes,Yes,22,Yes,No,DSL,No,No,No,No,Yes,Yes,One year,No,Mailed check,57.35,1224.8,No
CUST-05848,Female,0,No,No,53,Yes,No,DSL,No,Yes,No,Yes,No,No,Two year,Yes,Bank transfer (automatic),64.29,3407.43,No
CUST-05849,Female,0,No,Yes,32,Yes,Yes,Fiber optic,No,Yes,Yes,No,No,Yes,Month-to-month,No,Credit card (automatic),87.46,2786.96,Yes
CUST-05850,Male,0,Yes,Yes,10,Yes,Yes,No,No internet service,No internet service,No internet service,No internet service,No internet service,No internet service,Month-to-month,Yes,Credit card (automatic),30.24,256.58,No
CUST-05851,Male,0,Yes,No,26,Yes,Yes,No,No internet service,No internet service,No internet service,No internet service,No internet service,No internet service,Month-to-month,Yes,Mailed check,20.98,565.27,No
CUST-05852,Female,0,No,Yes,15,Yes,No,Fiber optic,No,No,No,No,No,No,Month-to-month,Yes,Bank transfer (automatic),72.64,1106.58,No
CUST-05853,Male,0,Yes,Yes,0,No,No phone service,Fiber optic,No,No,No,No,Yes,Yes,One year,No,Bank transfer (automatic),96.01,0.0,No
CUST-05854,Female,0,No,Yes,13,Yes,Yes,DSL,Yes,Yes,Yes,No,Yes,Yes,Month-to-month,Yes,Electronic check,74.1,956.03,Yes
CUST-05855,Male,0,No,No,2,Yes,No,Fiber optic,No,No,Yes,No,Yes,No,Month-to-month,Yes,Mailed check,90.09,242.34,Yes
CUST-05856,Female,0,Yes,Yes,8,Yes,Yes,No,No internet service,No internet service,No internet service,No internet service,No internet service,No internet service,Month-to-month,Yes,Credit card (automatic),22.95,192.01,No
CUST-05857,Male,1,No,No,1,Yes,Yes,No,No internet service,No internet service,No internet service,No internet service,No internet service,No internet service,Month-to-month,Yes,Mailed check,25.42,87.43,No
CUST-05858,Male,0,Yes,No,3,Yes,Yes,No,No internet service,No internet service,No internet service,No internet service,No internet service,No internet service,Month-to-month,Yes,Electronic check,20.08,73.18,No
CUST-05859,Male,0,No,No,6,No,No phone service,Fiber optic,Yes,No,No,No,No,No,Month-to-month,Yes,Electronic check,83.7,522.32,Yes
CUST-05860,Female,0,No,No,53,Yes,No,DSL,No,Yes,No,No,No,No,Two year,Yes,Bank transfer (automatic),60.05,3175.06,No
CUST-05861,Female,0,Yes,Yes,43,Yes,No,No,No internet service,No internet service,No internet service,No internet service,No internet service,No internet service,Month-to-month,Yes,Bank transfer (automatic),25.23,1052.7,No
CUST-05862,Female,0,Yes,No,19,Yes,Yes,DSL,Yes,No,No,No,No,Yes,Month-to-month,Yes,Electronic check,69.21,1280.4,Yes
CUST-05863,Female,0,No,No,25,Yes,No,DSL,No,No,Yes,No,No,Yes,Month-to-month,No,Mailed check,46.86,1211.26,No
CUST-05864,Male,0,Yes,No,10,Yes,Yes,No,No internet service,No internet service,No internet service,No internet service,No internet service,No internet service,One year,No,Credit card (automatic),32.91,320.6,No
CUST-05865,Female,0,Yes,No,47,Yes,No,Fiber optic,No,No,Yes,Yes,No,No,One year,Yes,Bank transfer (automatic),86.28,4036.33,No
CUST-05866,Female,0,Yes,No,12,Yes,Yes,DSL,No,No,No,No,No,Yes,Month-to-month,Yes,Mailed check,57.93,762.73,Yes
CUST-05867,Female,0,Yes,No,17,Yes,Yes,Fiber optic,No,Yes,No,No,No,No,One year,No,Bank transfer (automatic),67.26,1220.27,No
CUST-05868,Female,0,No,No,9,Yes,Yes,Fiber optic,No,No,No,No,Yes,No,One year,No,Bank transfer (automatic),80.08,728.24,No
CUST-05869,Female,0,Yes,No,43,Yes,No,DSL,Yes,No,Yes,No,Yes,Yes,Two year,Yes,Credit card (automatic),57.76,2421.7,No
CUST-05870,Female,0,Yes,Yes,17,Yes,Yes,Fiber optic,Yes,No,Yes,Yes,No,No,One year,No,Bank transfer (automatic),97.29,1649.97,No
CUST-05871,Female,1,Yes,Yes,12,Yes,Yes,DSL,Yes,No,Yes,No,No,Yes,One year,Yes,Mailed check,61.77,703.93,Yes
CUST-05872,Male,0,No,No,33,Yes,Yes,Fiber optic,No,No,Yes,No,No,No,Month-to-month,Yes,Electronic check,73.08,2367.59,No
CUST-05873,Female,0,No,No,0,Yes,No,DSL,Yes,No,No,No,No,No,Month-to-month,No,Credit card (automatic),59.42,0.0,Yes
CUST-05874,Male,1,No,No,60,Yes,Yes,Fiber optic,Yes,No,No,No,No,No,Two year,Yes,Mailed check,93.38,5557.32,No
CUST-05875,Female,0,No,No,40,Yes,No,DSL,No,No,No,Yes,No,Yes,Month-to-month,No,Bank transfer (automatic),64.03,2536.04,No
CUST-05876,Male,0,No,No,5,Yes,Yes,Fiber optic,Yes,Yes,Yes,No,No,Yes,Month-to-month,No,Electronic check,91.74,451.55,Yes
CUST-05877,Female,1,Yes,No,25,Yes,Yes,No,No internet service,No internet service,No internet service,No internet service,No internet service,No internet service,One year,Yes,Mailed check,35.5,845.43,No
CUST-05878,Male,0,Yes,No,59,Yes,No,DSL,No,No,Yes,No,No,Yes,Two year,Yes,Electronic check,53.97,3162.47,No
CUST-05879,Female,0,Yes,No,0,Yes,Yes,Fiber optic,No,No,No,No,No,Yes,Month-to-month,No,Mailed check,86.24,0.0,Yes
CUST-05880,Male,0,Yes,No,55,Yes,No,DSL,No,Yes,Yes,Yes,No,Yes,Two year,No,Electronic check,67.78,3681.22,No
CUST-05881,Male,0,No,No,1,Yes,Yes,Fiber optic,No,Yes,No,Yes,Yes,No,Month-to-month,Yes,Mailed check,89.51,84.86,No
CUST-05882,Female,0,Yes,No,58,Yes,Yes,Fiber optic,No,Yes,Yes,Yes,No,No,Two year,Yes,Mailed check,87.14,5052.41,No
CUST-05883,Female,0,No,No,55,Yes,Yes,No,No internet service,No internet service,No internet service,No internet service,No internet service,No internet service,Two year,No,Bank transfer (automatic),22.3,1175.65,No
CUST-05884,Male,1,Yes,Yes,9,No,No phone service,No,No internet service,No internet service,No internet service,No internet service,No internet service,No internet service,One year,Yes,Electronic check,27.27,197.01,Yes
CUST-05885,Male,0,Yes,No,45,Yes,No,No,No internet service,No internet service,No internet service,No internet service,No internet service,No internet service,Two year,Yes,Bank transfer (automatic),34.49,1504.22,No
CUST-05886,Female,0,Yes,Yes,42,No,No phone service,DSL,No,No,Yes,No,Yes,Yes,Two year,Yes,Credit card (automatic),58.08,2391.05,No
CUST-05887,Female,1,Yes,No,42,Yes,No,Fiber optic,No,No,No,No,No,No,Two year,No,Bank transfer (automatic),82.8,3472.29,No
CUST-05888,Male,0,Yes,No,9,Yes,No,No,No internet service,No internet service,No internet service,No internet service,No internet service,No internet service,Month-to-month,No,Bank transfer (automatic),31.95,297.13,No
CUST-05889,Female,0,No,No,0,Yes,No,No,No internet service,No internet service,No internet service,No internet service,No internet service,No internet service,Month-to-month,No,Mailed check,19.8,0.0,No
CUST-05890,Male,0,No,No,8,Yes,Yes,Fiber optic,No,Yes,No,Yes,Yes,Yes,Month-to-month,Yes,Bank transfer (automatic),86.95,742.69,Yes
CUST-05891,Female,0,No,No,3,No,No phone service,DSL,No,Yes,No,No,No,No,Month-to-month,No,Credit card (automatic),46.42,189.33,No
CUST-05892,Male,1,No,Yes,36,Yes,Yes,Fiber optic,No,Yes,No,No,No,No,One year,Yes,Bank transfer (automatic),100.12,3536.03,No
CUST-05893,Male,0,No,No,3,No,No phone service,Fiber optic,No,Yes,No,No,Yes,Yes,Month-to-month,Yes,Electronic check,87.48,265.95,Yes
CUST-05894,Male,0,No,Yes,54,Yes,Yes,Fiber optic,Yes,No,No,No,Yes,No,Two year,No,Electronic check,90.63,4826.21,No
CUST-05895,Female,0,Yes,Yes,0,No,No phone service,DSL,No,No,No,No,Yes,No,Month-to-month,No,Electronic check,70.63,0.0,Yes
CUST-05896,Female,0,Yes,No,15,Yes,Yes,DSL,No,Yes,Yes,Yes,Yes,Yes,Month-to-month,No,Electronic check,59.33,927.7,No
CUST-05897,Male,0,Yes,No,17,Yes,Yes,No,No internet service,No internet service,No internet service,No internet service,No internet service,No internet service,Month-to-month,No,Bank transfer (automatic),27.29,476.62,No
CUST-05898,Female,1,No,No,7,No,No phone service,Fiber optic,Yes,Yes,No,No,No,No,Month-to-month,No,Mailed check,86.42,572.49,Yes
CUST-05899,Female,0,No,No,9,Yes,Yes,No,No internet service,No internet service,No internet service,No internet service,No internet service,No internet service,Month-to-month,No,Electronic check,25.97,276.48,No
CUST-05900,Female,0,No,No,32,Yes,Yes,No,No internet service,No internet service,No internet service,No internet service,No internet service,No internet service,One year,Yes,Bank transfer (automatic),28.23,873.44,No
CUST-05901,Female,0,No,No,16,Yes,Yes,No,No internet service,No internet service,No internet service,No internet service,No internet service,No internet service,Month-to-month,Yes,Credit card (automatic),36.45,591.02,No
CUST-05902,Male,0,Yes,No,30,Yes,No,Fiber optic,No,No,No,Yes,No,Yes,Two year,Yes,Electronic check,90.47,2677.64,No
CUST-05903,Male,0,No,Yes,14,Yes,Yes,Fiber optic,Yes,No,No,No,No,No,Month-to-month,Yes,Electronic check,94.4,1332.96,Yes
CUST-05904,Female,0,No,No,6,Yes,No,Fiber optic,No,No,Yes,No,No,No,One year,Yes,Electronic check,85.02,498.48,No
CUST-05905,Male,0,No,No,27,Yes,Yes,DSL,No,Yes,Yes,No,Yes,No,One year,Yes,Electronic check,59.1,1527.33,No
CUST-05906,Male,0,Yes,No,5,Yes,Yes,Fiber optic,No,Yes,No,No,Yes,No,Month-to-month,No,Electronic check,93.71,452.74,Yes
CUST-05907,Male,0,Yes,No,7,Yes,No,Fiber optic,Yes,Yes,No,No,Yes,No,Month-to-month,No,Electronic check,85.91,627.95,No
CUST-05908,Female,0,Yes,No,39,No,No phone service,DSL,Yes,Yes,No,Yes,Yes,Yes,Two year,Yes,Mailed check,67.97,2697.66,No
CUST-05909,Female,0,No,No,12,Yes,Yes,Fiber optic,Yes,Yes,Yes,No,No,Yes,One year,Yes,Electronic check,95.38,1128.98,No
CUST-05910,Female,0,Yes,No,47,Yes,Yes,Fiber optic,No,Yes,Yes,Yes,Yes,No,Month-to-month,No,Credit card (automatic),97.31,4614.36,No
CUST-05911,Male,0,Yes,No,58,Yes,Yes,Fiber optic,Yes,No,No,No,No,No,One year,Yes,Electronic check,84.07,4854.89,No
CUST-05912,Male,0,No,No,15,No,No phone service,No,No internet service,No internet service,No internet service,No internet service,No internet service,No internet service,Month-to-month,No,Credit card (automatic),32.44,568.77,Yes
CUST-05913,Female,0,No,No,0,Yes,No,Fiber optic,No,No,No,No,No,Yes,Month-to-month,No,Bank transfer (automatic),80.48,0.0,Yes
CUST-05914,Male,1,No,No,6,No,No phone service,No,No internet service,No internet service,No internet service,No internet service,No internet service,No internet service,Month-to-month,No,Electronic check,28.99,176.2,Yes
CUST-05915,Female,1,No,No,7,Yes,Yes,DSL,No,No,No,No,No,No,One year,Yes,Electronic check,61.13,379.72,Yes
CUST-05916,Male,0,No,Yes,0,Yes,Yes,Fiber optic,No,Yes,No,Yes,No,No,Month-to-month,No,Mailed check,87.1,0.0,No
CUST-05917,Male,0,Yes,Yes,67,Yes,No,DSL,Yes,Yes,No,No,No,No,Month-to-month,Yes,Bank transfer (automatic),55.86,3766.36,No
CUST-05918,Male,0,No,No,3,Yes,Yes,Fiber optic,Yes,No,No,Yes,Yes,No,Month-to-month,Yes,Credit card (automatic),94.7,396.65,Yes
CUST-05919,Female,0,Yes,Yes,53,Yes,Yes,Fiber optic,Yes,No,No,No,No,No,Month-to-month,Yes,Electronic check,85.75,4517.82,No
CUST-05920,Female,1,Yes,No,7,Yes,No,No,No internet service,No internet service,No internet service,No internet service,No internet service,No internet service,Month-to-month,Yes,Bank transfer (automatic),22.08,67.75,No
CUST-05921,Male,0,No,Yes,10,Yes,No,Fiber optic,Yes,Yes,No,No,No,No,Month-to-month,Yes,Mailed check,89.54,941.98,Yes
CUST-05922,Female,0,No,Yes,40,Yes,No,Fiber optic,No,No,No,No,No,Yes,Two year,No,Credit card (automatic),87.61,3506.34,Yes
CUST-05923,Female,0,No,No,18,Yes,No,DSL,No,No,No,Yes,No,Yes,One year,No,Bank transfer (automatic),59.72,1128.48,No
CUST-05924,Female,0,No,No,4,Yes,Yes,Fiber optic,No,No,No,No,No,Yes,Month-to-month,Yes,Bank transfer (automatic),86.01,299.07,Yes
CUST-05925,Female,0,No,No,5,Yes,Yes,DSL,Yes,Yes,No,Yes,Yes,No,Month-to-month,No,Credit card (automatic),72.1,440.91,Yes
CUST-05926,Male,0,Yes,Yes,6,Yes,No,Fiber optic,No,No,No,Yes,No,No,Month-to-month,Yes,Electronic check,74.06,420.54,Yes
CUST-05927,Female,0,Yes,Yes,46,Yes,No,DSL,Yes,No,No,Yes,No,Yes,Two year,Yes,Bank transfer (automatic),67.73,3107.76,No
CUST-05928,Female,0,Yes,Yes,12,Yes,Yes,DSL,No,No,No,No,Yes,No,Month-to-month,Yes,Electronic check,42.76,517.26,No
CUST-05929,Male,0,Yes,No,72,No,No phone service,Fiber optic,No,No,Yes,No,Yes,Yes,Two year,No,Credit card (automatic),85.13,6084.14,No
CUST-05930,Male,0,Yes,Yes,14,Yes,Yes,Fiber optic,No,No,No,No,Yes,No,Month-to-month,Yes,Credit card (automatic),73.68,1017.57,No
CUST-05931,Female,0,No,No,48,Yes,No,No,No internet service,No internet service,No internet service,No internet service,No internet service,No internet service,One year,Yes,Mailed check,36.6,1688.58,No
CUST-05932,Female,0,Yes,Yes,0,Yes,Yes,No,No internet service,No internet service,No internet service,No internet service,No internet service,No internet service,One year,No,Credit card (automatic),26.11,0.0,No
CUST-05933,Male,0,No,No,37,Yes,No,Fiber optic,Yes,No,No,Yes,No,No,One year,No,Credit card (automatic),86.86,3195.63,No
CUST-05934,Male,0,No,No,0,Yes,No,Fiber optic,No,Yes,No,No,No,Yes,Month-to-month,Yes,Electronic check,85.16,0.0,Yes
CUST-05935,Female,0,Yes,No,2,Yes,No,DSL,No,No,No,Yes,No,No,Month-to-month,Yes,Bank transfer (automatic),56.57,97.84,No
CUST-05936,Male,0,No,Yes,15,Yes,No,Fiber optic,No,Yes,Yes,No,Yes,No,Month-to-month,Yes,Electronic check,88.69,1341.86,Yes
CUST-05937,Male,0,Yes,Yes,49,No,No phone service,No,No internet service,No internet service,No internet service,No internet service,No internet service,No internet service,Two year,No,Electronic check,33.34,1646.28,No
CUST-05938,Female,0,No,No,1,Yes,Yes,No,No internet service,No internet service,No internet service,No internet service,No internet service,No internet service,Month-to-month,Yes,Mailed check,29.58,98.17,No
CUST-05939,Female,0,No,No,18,Yes,Yes,Fiber optic,No,No,No,No,No,Yes,One year,Yes,Mailed check,79.88,1445.15,Yes
CUST-05940,Male,0,Yes,No,46,Yes,No,No,No internet service,No internet service,No internet service,No internet service,No internet service,No internet service,Two year,Yes,Mailed check,18.0,818.02,No
CUST-05941,Male,0,Yes,No,38,Yes,No,Fiber optic,No,Yes,No,No,No,No,One year,Yes,Electronic check,91.71,3479.56,No
CUST-05942,Male,1,No,Yes,31,Yes,No,DSL,No,No,No,No,Yes,Yes,Month-to-month,Yes,Mailed check,65.83,2106.06,No
CUST-05943,Male,0,Yes,No,50,Yes,Yes,Fiber optic,Yes,Yes,Yes,No,No,Yes,Month-to-month,Yes,Electronic check,90.22,4473.63,Yes
CUST-05944,Female,0,No,Yes,44,Yes,Yes,Fiber optic,No,No,No,No,No,Yes,One year,Yes,Bank transfer (automatic),90.64,3970.8,No
CUST-05945,Male,0,Yes,Yes,30,Yes,Yes,DSL,No,Yes,No,Yes,No,No,Two year,Yes,Electronic check,73.09,2222.05,No
CUST-05946,Male,0,No,No,54,Yes,No,Fiber optic,No,Yes,No,No,No,No,Two year,No,Mailed check,84.76,4585.26,No
CUST-05947,Male,0,Yes,No,10,Yes,No,No,No internet service,No internet service,No internet service,No internet service,No internet service,No internet service,Month-to-month,Yes,Electronic check,36.05,316.87,Yes
CUST-05948,Female,0,Yes,No,57,Yes,No,Fiber optic,No,Yes,Yes,No,Yes,Yes,Two year,Yes,Electronic check,92.26,5268.5,No
CUST-05949,Female,0,Yes,No,1,Yes,Yes,DSL,No,No,No,No,Yes,Yes,Month-to-month,Yes,Mailed check,70.72,141.72,No
CUST-05950,Female,0,Yes,No,15,Yes,No,DSL,Yes,No,Yes,No,No,No,One year,No,Electronic check,60.76,907.99,No
CUST-05951,Male,1,No,No,26,Yes,Yes,DSL,No,No,No,No,No,Yes,Month-to-month,Yes,Bank transfer (automatic),57.99,1490.5,No
CUST-05952,Female,0,No,Yes,7,Yes,No,DSL,No,Yes,No,No,No,No,Month-to-month,Yes,Mailed check,65.61,459.08,No
CUST-05953,Male,0,Yes,Yes,30,Yes,No,DSL,No,Yes,Yes,No,Yes,Yes,One year,No,Mailed check,65.83,1967.06,Yes
CUST-05954,Female,0,Yes,No,9,Yes,No,Fiber optic,Yes,No,No,Yes,No,No,Month-to-month,No,Electronic check,87.26,873.14,No
CUST-05955,Female,0,Yes,Yes,64,Yes,Yes,Fiber optic,No,Yes,No,Yes,Yes,No,Two year,Yes,Credit card (automatic),94.63,6091.44,No
CUST-05956,Female,0,No,No,1,No,No phone service,Fiber optic,Yes,Yes,No,Yes,No,No,Month-to-month,No,Electronic check,89.02,5.2,No
CUST-05957,Male,0,No,No,66,Yes,No,Fiber optic,Yes,Yes,Yes,No,Yes,No,Two year,Yes,Electronic check,81.53,5433.9,No
CUST-05958,Female,0,No,No,3,Yes,No,DSL,Yes,Yes,No,No,Yes,No,Month-to-month,No,Electronic check,60.47,162.51,No
CUST-05959,Female,0,No,Yes,1,Yes,No,No,No internet service,No internet service,No internet service,No internet service,No internet service,No internet service,Month-to-month,Yes,Mailed check,24.34,33.89,Yes
CUST-05960,Female,1,Yes,No,14,Yes,Yes,No,No internet service,No internet service,No internet service,No internet service,No internet service,No internet service,Month-to-month,Yes,Credit card (automatic),25.82,400.03,No
CUST-05961,Male,1,Yes,No,20,Yes,Yes,DSL,No,No,Yes,Yes,Yes,No,One year,Yes,Bank transfer (automatic),71.83,1495.17,No
CUST-05962,Female,0,No,No,48,Yes,No,DSL,No,No,No,Yes,Yes,Yes,Two year,No,Electronic check,59.62,2878.37,Yes
CUST-05963,Female,0,Yes,Yes,0,Yes,No,No,No internet service,No internet service,No internet service,No internet service,No internet service,No internet service,Month-to-month,No,Bank transfer (automatic),25.21,0.0,No
CUST-05964,Male,0,Yes,No,0,Yes,Yes,Fiber optic,No,No,No,No,Yes,Yes,Month-to-month,Yes,Electronic check,86.57,0.0,Yes
CUST-05965,Female,1,Yes,No,0,Yes,Yes,No,No internet service,No internet service,No internet service,No internet service,No internet service,No internet service,Month-to-month,Yes,Mailed check,33.02,0.0,No
CUST-05966,Male,0,No,No,8,Yes,No,DSL,No,Yes,No,No,Yes,No,One year,Yes,Bank transfer (automatic),62.88,576.77,No
CUST-05967,Female,0,No,No,29,Yes,Yes,Fiber optic,Yes,No,Yes,Yes,Yes,Yes,One year,Yes,Mailed check,95.5,2711.32,No
CUST-05968,Female,0,No,No,43,Yes,Yes,Fiber optic,No,Yes,No,Yes,No,No,Two year,Yes,Electronic check,87.94,3774.53,No
CUST-05969,Male,0,Yes,No,3,Yes,No,Fiber optic,No,No,No,Yes,No,No,Month-to-month,No,Electronic check,77.57,262.47,Yes
CUST-05970,Male,0,Yes,No,5,Yes,No,DSL,No,Yes,No,No,Yes,Yes,Month-to-month,No,Electronic check,65.47,414.05,Yes
CUST-05971,Female,0,Yes,Yes,13,Yes,Yes,Fiber optic,Yes,Yes,No,Yes,No,No,Month-to-month,No,Bank transfer (automatic),83.65,1163.88,No
CUST-05972,Male,0,No,Yes,48,Yes,No,Fiber optic,No,No,Yes,No,No,No,Two year,Yes,Electronic check,91.37,4399.46,No
CUST-05973,Male,0,Yes,No,7,Yes,No,DSL,Yes,No,Yes,No,No,No,Month-to-month,Yes,Credit card (automatic),58.37,440.75,No
CUST-05974,Male,0,No,No,14,Yes,No,No,No internet service,No internet service,No internet service,No internet service,No internet service,No internet service,Month-to-month,No,Electronic check,20.2,323.22,No
CUST-05975,Female,0,No,Yes,35,Yes,No,DSL,No,Yes,Yes,No,No,No,One year,No,Electronic check,61.36,2137.11,No
CUST-05976,Female,1,No,Yes,59,Yes,No,DSL,No,No,Yes,No,Yes,Yes,One year,Yes,Mailed check,70.15,4174.66,No
CUST-05977,Female,0,No,Yes,5,No,No phone service,DSL,No,Yes,No,No,No,No,Month-to-month,Yes,Mailed check,55.49,259.32,No
CUST-05978,Male,0,Yes,Yes,0,Yes,Yes,Fiber optic,No,No,Yes,No,Yes,No,Month-to-month,Yes,Bank transfer (automatic),90.87,0.0,Yes
CUST-05979,Male,0,No,Yes,27,Yes,Yes,DSL,Yes,Yes,No,Yes,Yes,No,One year,No,Credit card (automatic),73.53,2013.93,No
CUST-05980,Female,0,Yes,No,37,Yes,Yes,No,No internet service,No internet service,No internet service,No internet service,No internet service,No internet service,One year,Yes,Bank transfer (automatic),29.99,1111.36,No
CUST-05981,Female,1,No,Yes,24,Yes,No,Fiber optic,No,No,No,No,Yes,No,Month-to-month,Yes,Electronic check,79.76,1953.52,Yes
CUST-05982,Female,0,No,No,6,Yes,No,No,No internet service,No internet service,No internet service,No internet service,No internet service,No internet service,Month-to-month,Yes,Electronic check,27.86,182.91,No
CUST-05983,Female,1,No,No,3,No,No phone service,DSL,No,Yes,Yes,No,No,No,Month-to-month,Yes,Credit card (automatic),60.07,151.19,Yes
CUST-05984,Female,0,Yes,Yes,47,Yes,No,Fiber optic,No,No,No,Yes,No,No,One year,No,Mailed check,72.87,3481.31,No
CUST-05985,Male,0,No,No,14,No,No phone service,No,No internet service,No internet service,No internet service,No internet service,No internet service,No internet service,Month-to-month,Yes,Bank transfer (automatic),19.78,307.47,No
CUST-05986,Male,0,No,No,15,Yes,No,No,No internet service,No internet service,No internet service,No internet service,No internet service,No internet service,Month-to-month,Yes,Bank transfer (automatic),38.87,617.29,No
CUST-05987,Female,0,No,Yes,8,Yes,Yes,Fiber optic,No,No,No,No,Yes,Yes,Month-to-month,No,Mailed check,84.75,636.53,Yes
CUST-05988,Female,0,No,No,66,Yes,No,No,No internet service,No internet service,No internet service,No internet service,No internet service,No internet service,Two year,Yes,Mailed check,26.82,1745.97,No
CUST-05989,Female,1,No,No,19,Yes,No,DSL,No,No,No,No,No,Yes,Month-to-month,Yes,Bank transfer (automatic),53.14,992.53,No
CUST-05990,Female,1,Yes,Yes,8,Yes,Yes,DSL,No,No,Yes,No,No,Yes,Month-to-month,Yes,Electronic check,75.05,602.81,No
CUST-05991,Male,0,Yes,No,6,Yes,Yes,Fiber optic,No,No,No,No,Yes,Yes,Month-to-month,Yes,Bank transfer (automatic),89.41,623.1,Yes
CUST-05992,Male,1,Yes,No,12,Yes,No,DSL,No,No,No,No,No,Yes,One year,Yes,Bank transfer (automatic),58.45,650.46,Yes
CUST-05993,Female,1,No,Yes,43,Yes,Yes,No,No internet service,No internet service,No internet service,No internet service,No internet service,No internet service,Two year,No,Mailed check,35.73,1541.85,No
CUST-05994,Female,0,No,No,52,No,No phone service,DSL,No,No,Yes,No,No,Yes,Two year,No,Bank transfer (automatic),67.78,3488.27,No
CUST-05995,Male,0,Yes,Yes,2,Yes,No,DSL,Yes,Yes,Yes,Yes,No,No,Month-to-month,Yes,Electronic check,52.59,72.12,No
CUST-05996,Male,0,Yes,Yes,20,Yes,Yes,DSL,No,No,No,No,Yes,No,Month-to-month,Yes,Credit card (automatic),64.87,1286.6,No
CUST-05997,Female,0,No,Yes,0,Yes,Yes,Fiber optic,Yes,No,Yes,No,Yes,No,Month-to-month,Yes,Electronic check,84.17,0.0,Yes
CUST-05998,Female,0,No,No,52,Yes,No,DSL,No,Yes,No,Yes,No,No,One year,No,Bank transfer (automatic),50.12,2510.18,No
CUST-05999,Female,1,No,No,51,Yes,Yes,No,No internet service,No internet service,No internet service,No internet service,No internet service,No internet service,One year,Yes,Bank transfer (automatic),43.27,2149.04,No
CUST-06000,Male,0,Yes,No,21,No,No phone service,No,No internet service,No internet service,No internet service,No internet service,No internet service,No internet service,Month-to-month,No,Bank transfer (automatic),30.06,611.35,Yes
CUST-06001,Female,0,No,No,14,Yes,No,Fiber optic,No,Yes,Yes,No,Yes,No,Month-to-month,Yes,Electronic check,85.55,1189.71,Yes
CUST-06002,Female,0,Yes,No,23,Yes,No,DSL,No,No,No,Yes,No,Yes,Month-to-month,Yes,Electronic check,71.19,1600.94,No
CUST-06003,Female,0,Yes,Yes,31,Yes,No,DSL,Yes,No,No,No,No,Yes,One year,Yes,Electronic check,57.16,1758.36,No
CUST-06004,Female,0,No,No,2,Yes,No,DSL,No,Yes,No,Yes,No,No,Month-to-month,No,Electronic check,53.93,92.87,Yes
CUST-06005,Male,0,Yes,No,8,Yes,No,DSL,Yes,No,No,Yes,Yes,Yes,Month-to-month,Yes,Bank transfer (automatic),70.32,585.78,Yes
CUST-06006,Male,0,No,No,26,Yes,No,Fiber optic,No,No,Yes,Yes,No,No,Month-to-month,Yes,Credit card (automatic),77.49,2026.55,No
CUST-06007,Male,0,Yes,No,16,Yes,Yes,Fiber optic,No,Yes,No,Yes,No,No,Month-to-month,Yes,Mailed check,87.25,1393.84,No
CUST-06008,Female,0,Yes,No,0,Yes,Yes,DSL,No,No,No,No,No,Yes,Month-to-month,Yes,Credit card (automatic),48.88,0.0,Yes
CUST-06009,Male,0,No,No,11,Yes,No,No,No internet service,No internet service,No internet service,No internet service,No internet service,No internet service,One year,No,Mailed check,21.3,269.21,No
CUST-06010,Male,0,Yes,No,43,Yes,Yes,Fiber optic,No,No,No,No,Yes,No,One year,Yes,Electronic check,88.02,3774.94,No
CUST-06011,Male,0,Yes,No,4,Yes,No,Fiber optic,Yes,Yes,No,No,No,No,Month-to-month,No,Credit card (automatic),81.19,272.72,Yes
CUST-06012,Female,0,Yes,No,39,Yes,No,Fiber optic,No,No,Yes,No,Yes,No,Month-to-month,Yes,Bank transfer (automatic),91.83,3573.95,Yes
CUST-06013,Female,0,Yes,No,55,Yes,No,No,No internet service,No internet service,No internet service,No internet service,No internet service,No internet service,Two year,No,Electronic check,18.0,932.66,No
CUST-06014,Female,0,No,Yes,51,Yes,Yes,Fiber optic,No,No,No,No,No,Yes,Two year,No,Credit card (automatic),83.18,4266.01,No
CUST-06015,Female,0,Yes,Yes,31,Yes,No,DSL,No,No,No,Yes,No,Yes,One year,No,Credit card (automatic),56.67,1834.7,No
CUST-06016,Male,1,No,Yes,45,Yes,No,Fiber optic,Yes,No,No,No,No,Yes,One year,Yes,Bank transfer (automatic),88.51,3999.4,No
CUST-06017,Male,1,No,No,5,Yes,No,Fiber optic,Yes,No,No,No,Yes,Yes,One year,Yes,Bank transfer (automatic),89.88,486.27,No
CUST-06018,Male,0,No,Yes,36,Yes,Yes,DSL,No,No,No,No,Yes,Yes,One year,Yes,Bank transfer (automatic),62.22,2202.46,Yes
CUST-06019,Female,0,No,No,0,Yes,Yes,No,No internet service,No internet service,No internet service,No internet service,No internet service,No internet service,Month-to-month,Yes,Mailed check,30.49,0.0,No
CUST-06020,Female,0,No,No,0,Yes,No,DSL,No,Yes,No,No,Yes,Yes,Month-to-month,Yes,Electronic check,60.07,0.0,No
CUST-06021,Male,1,No,No,23,Yes,No,Fiber optic,No,Yes,Yes,No,No,No,Month-to-month,Yes,Electronic check,86.86,1963.31,No
CUST-06022,Male,0,Yes,No,72,No,No phone service,No,No internet service,No internet service,No internet service,No internet service,No internet service,No internet service,Two year,No,Electronic check,30.45,2186.47,No
CUST-06023,Male,0,No,Yes,11,Yes,Yes,DSL,No,No,Yes,No,Yes,Yes,One year,Yes,Electronic check,65.67,677.01,No
CUST-06024,Female,0,Yes,No,49,Yes,Yes,Fiber optic,No,No,No,No,No,No,Two year,Yes,Mailed check,68.69,3400.95,No
CUST-06025,Male,0,No,No,4,Yes,Yes,DSL,Yes,Yes,No,Yes,Yes,No,Month-to-month,No,Mailed check,56.68,208.03,No
CUST-06026,Female,0,No,No,9,Yes,No,No,No internet service,No internet service,No internet service,No internet service,No internet service,No internet service,Month-to-month,Yes,Credit card (automatic),20.49,150.42,Yes
CUST-06027,Male,0,Yes,No,23,Yes,No,Fiber optic,No,No,Yes,Yes,Yes,No,One year,No,Bank transfer (automatic),86.68,2001.66,No
CUST-06028,Female,0,Yes,No,52,Yes,Yes,No,No internet service,No internet service,No internet service,No internet service,No internet service,No internet service,Two year,Yes,Mailed check,18.0,964.66,No
CUST-06029,Female,0,Yes,No,56,Yes,Yes,DSL,No,No,Yes,Yes,No,Yes,Two year,Yes,Electronic check,65.17,3690.21,No
CUST-06030,Male,0,Yes,No,12,No,No phone service,Fiber optic,No,No,No,No,No,No,Month-to-month,Yes,Electronic check,76.01,884.4,Yes
CUST-06031,Female,0,No,No,41,No,No phone service,Fiber optic,No,No,No,No,No,Yes,Two year,Yes,Electronic check,88.68,3636.28,No
CUST-06032,Female,0,Yes,No,57,Yes,Yes,Fiber optic,No,No,Yes,No,No,Yes,Two year,Yes,Electronic check,82.86,4765.64,No
CUST-06033,Female,1,No,No,50,No,No phone service,No,No internet service,No internet service,No internet service,No internet service,No internet service,No internet service,Two year,Yes,Electronic check,36.17,1767.1,No
CUST-06034,Female,0,No,No,38,Yes,Yes,No,No internet service,No internet service,No internet service,No internet service,No internet service,No internet service,One year,Yes,Bank transfer (automatic),25.73,981.06,No
CUST-06035,Male,1,Yes,No,63,Yes,Yes,Fiber optic,No,Yes,Yes,No,No,No,Two year,Yes,Mailed check,88.63,5586.83,No
CUST-06036,Male,0,Yes,No,12,No,No phone service,DSL,Yes,No,Yes,No,Yes,Yes,Month-to-month,No,Mailed check,68.9,787.5,Yes
CUST-06037,Female,1,Yes,Yes,25,No,No phone service,DSL,No,Yes,Yes,No,Yes,No,Month-to-month,No,Credit card (automatic),62.44,1606.2,Yes
CUST-06038,Male,0,No,Yes,16,Yes,No,DSL,No,Yes,Yes,No,Yes,Yes,Month-to-month,No,Bank transfer (automatic),54.93,867.07,No
CUST-06039,Male,0,Yes,No,1,Yes,Yes,DSL,No,No,Yes,No,No,Yes,Month-to-month,Yes,Electronic check,50.01,102.24,Yes
CUST-06040,Male,0,Yes,No,57,Yes,No,Fiber optic,No,No,Yes,Yes,No,Yes,Two year,Yes,Electronic check,95.19,5383.71,No
CUST-06041,Male,1,No,No,55,Yes,Yes,DSL,No,No,Yes,No,No,No,One year,Yes,Bank transfer (automatic),52.67,2799.22,No
CUST-06042,Male,1,No,Yes,5,Yes,Yes,DSL,Yes,No,No,Yes,Yes,Yes,Month-to-month,Yes,Credit card (automatic),65.27,304.23,Yes
CUST-06043,Male,0,Yes,No,24,Yes,No,DSL,No,No,No,No,Yes,No,One year,No,Electronic check,65.79,1595.91,No
CUST-06044,Female,0,No,No,22,No,No phone service,DSL,No,No,No,Yes,No,Yes,One year,Yes,Bank transfer (automatic),56.27,1218.01,No
CUST-06045,Female,0,No,No,15,Yes,Yes,DSL,No,Yes,No,No,Yes,Yes,Month-to-month,No,Electronic check,57.76,870.52,No
CUST-06046,Male,0,No,No,41,Yes,No,DSL,No,Yes,Yes,Yes,No,Yes,One year,No,Bank transfer (automatic),66.24,2714.8,No
CUST-06047,Male,0,Yes,Yes,49,Yes,No,Fiber optic,No,Yes,No,No,Yes,Yes,Month-to-month,No,Electronic check,97.34,4733.96,Yes
CUST-06048,Female,0,No,No,41,Yes,No,DSL,Yes,No,No,Yes,No,Yes,One year,No,Electronic check,72.3,3076.33,No
CUST-06049,Male,0,Yes,No,49,Yes,Yes,DSL,No,No,No,No,Yes,No,Two year,No,Electronic check,52.66,2576.08,No
CUST-06050,Male,0,Yes,No,16,Yes,No,Fiber optic,No,No,No,No,Yes,No,Month-to-month,No,Mailed check,87.71,1377.62,Yes
CUST-06051,Male,1,Yes,Yes,7,Yes,Yes,Fiber optic,No,No,No,Yes,Yes,Yes,Month-to-month,No,Credit card (automatic),91.63,748.07,No
CUST-06052,Male,0,No,No,0,Yes,Yes,DSL,No,Yes,No,No,No,Yes,One year,Yes,Bank transfer (automatic),59.36,0.0,No
CUST-06053,Male,0,No,Yes,51,No,No phone service,No,No internet service,No internet service,No internet service,No internet service,No internet service,No internet service,Two year,No,Credit card (automatic),30.59,1565.36,No
CUST-06054,Male,0,No,No,2,Yes,No,DSL,No,Yes,No,Yes,No,No,Month-to-month,No,Mailed check,61.84,101.43,No
CUST-06055,Female,0,No,No,24,Yes,No,No,No internet service,No internet service,No internet service,No internet service,No internet service,No internet service,Two year,Yes,Mailed check,21.58,470.06,No
CUST-06056,Female,0,Yes,No,36,Yes,Yes,No,No internet service,No internet service,No internet service,No internet service,No internet service,No internet service,One year,Yes,Electronic check,21.62,816.77,No
CUST-06057,Male,0,Yes,No,45,Yes,Yes,No,No internet service,No internet service,No internet service,No internet service,No internet service,No internet service,Month-to-month,No,Bank transfer (automatic),37.63,1695.44,No
CUST-06058,Female,0,No,No,48,No,No phone service,No,No internet service,No internet service,No internet service,No internet service,No internet service,No internet service,Month-to-month,Yes,Bank transfer (automatic),24.58,1130.6,No
CUST-06059,Female,0,Yes,Yes,1,Yes,No,No,No internet service,No internet service,No internet service,No internet service,No internet service,No internet service,Month-to-month,No,Electronic check,31.33,112.49,No
CUST-06060,Male,0,Yes,No,15,Yes,No,DSL,No,No,No,No,No,Yes,Month-to-month,No,Electronic check,66.34,997.7,No
CUST-06061,Male,0,No,Yes,5,No,No phone service,DSL,No,No,Yes,No,Yes,Yes,Month-to-month,Yes,Mailed check,61.27,360.45,Yes
CUST-06062,Female,0,Yes,No,27,Yes,No,Fiber optic,Yes,Yes,No,Yes,Yes,No,One year,Yes,Electronic check,100.31,2765.57,Yes
CUST-06063,Male,0,Yes,No,54,No,No phone service,Fiber optic,No,No,Yes,No,No,No,One year,Yes,Credit card (automatic),80.42,4282.41,No
CUST-06064,Male,0,No,Yes,14,Yes,Yes,Fiber optic,No,No,Yes,No,No,No,Month-to-month,No,Credit card (automatic),90.69,1301.43,Yes
CUST-06065,Male,0,No,No,0,Yes,No,DSL,No,No,No,Yes,No,No,Month-to-month,Yes,Credit card (automatic),58.05,0.0,Yes
CUST-06066,Male,0,No,Yes,2,No,No phone service,DSL,No,Yes,Yes,No,Yes,No,Month-to-month,Yes,Mailed check,60.92,129.81,No
CUST-06067,Male,0,Yes,Yes,37,Yes,No,Fiber optic,No,No,No,No,No,No,Two year,No,Electronic check,86.65,3250.34,No
CUST-06068,Male,0,No,No,46,Yes,No,Fiber optic,No,No,No,Yes,No,No,Two year,Yes,Bank transfer (automatic),83.03,3802.89,No
CUST-06069,Male,0,No,Yes,52,Yes,Yes,DSL,No,Yes,Yes,No,No,Yes,One year,Yes,Electronic check,58.18,3091.94,No
CUST-06070,Female,0,Yes,Yes,3,Yes,No,DSL,Yes,No,No,No,No,Yes,Month-to-month,Yes,Bank transfer (automatic),49.86,131.97,Yes
CUST-06071,Male,0,No,No,35,Yes,Yes,No,No internet service,No internet service,No internet service,No internet service,No internet service,No internet service,Two year,No,Bank transfer (automatic),31.4,1165.06,No
CUST-06072,Female,0,No,No,57,Yes,No,No,No internet service,No internet service,No internet service,No internet service,No internet service,No internet service,Two year,No,Mailed check,31.96,1843.18,No
CUST-06073,Female,0,No,No,15,Yes,Yes,DSL,Yes,Yes,Yes,No,No,No,Month-to-month,Yes,Electronic check,73.16,1116.4,No
CUST-06074,Female,0,Yes,No,0,Yes,No,Fiber optic,No,Yes,Yes,No,Yes,No,Month-to-month,Yes,Mailed check,92.09,0.0,No
CUST-06075,Female,0,No,Yes,26,Yes,Yes,DSL,No,Yes,No,No,Yes,No,Month-to-month,No,Credit card (automatic),55.06,1494.46,No
CUST-06076,Male,0,Yes,No,50,Yes,Yes,Fiber optic,No,Yes,No,No,No,Yes,One year,Yes,Electronic check,87.63,4347.78,Yes
CUST-06077,Male,0,Yes,No,10,Yes,Yes,Fiber optic,No,No,No,Yes,Yes,Yes,Month-to-month,No,Electronic check,88.51,957.4,No
CUST-06078,Male,0,Yes,Yes,35,Yes,Yes,Fiber optic,No,Yes,Yes,No,Yes,No,Month-to-month,Yes,Credit card (automatic),96.3,3388.13,Yes
CUST-06079,Female,0,Yes,No,5,Yes,No,DSL,No,No,No,Yes,No,No,Month-to-month,Yes,Electronic check,64.54,343.32,Yes
CUST-06080,Female,0,Yes,No,3,Yes,Yes,Fiber optic,No,No,No,Yes,No,No,Month-to-month,No,Electronic check,98.84,278.94,No
CUST-06081,Female,0,No,Yes,27,No,No phone service,Fiber optic,Yes,No,No,Yes,No,Yes,One year,No,Credit card (automatic),88.5,2376.65,No
CUST-06082,Male,0,No,Yes,8,Yes,Yes,DSL,No,Yes,No,Yes,Yes,Yes,Month-to-month,Yes,Mailed check,72.1,512.32,Yes
CUST-06083,Male,0,Yes,No,13,Yes,No,Fiber optic,Yes,No,No,No,No,No,Month-to-month,No,Bank transfer (automatic),93.42,1250.73,No
CUST-06084,Female,0,No,No,30,Yes,No,Fiber optic,Yes,No,No,No,Yes,No,One year,No,Bank transfer (automatic),91.51,2763.64,No
CUST-06085,Female,0,No,Yes,34,Yes,Yes,No,No internet service,No internet service,No internet service,No internet service,No internet service,No internet service,Two year,Yes,Electronic check,25.03,918.94,No
CUST-06086,Female,1,Yes,No,7,Yes,Yes,Fiber optic,No,No,Yes,No,No,No,Month-to-month,Yes,Electronic check,85.16,588.22,Yes
CUST-06087,Male,0,No,Yes,3,Yes,Yes,No,No internet service,No internet service,No internet service,No internet service,No internet service,No internet service,Month-to-month,No,Mailed check,32.75,184.01,No
CUST-06088,Male,0,No,No,18,Yes,Yes,Fiber optic,No,No,Yes,Yes,No,Yes,Month-to-month,Yes,Credit card (automatic),93.02,1636.49,No
CUST-06089,Male,0,No,Yes,7,Yes,Yes,DSL,No,No,No,No,No,Yes,Month-to-month,No,Electronic check,50.05,365.53,No
CUST-06090,Female,0,No,No,65,Yes,No,DSL,No,Yes,Yes,Yes,Yes,No,Two year,Yes,Credit card (automatic),58.42,3828.66,No
CUST-06091,Male,0,No,No,52,Yes,Yes,No,No internet service,No internet service,No internet service,No internet service,No internet service,No internet service,Two year,Yes,Mailed check,31.04,1638.12,No
CUST-06092,Female,0,No,No,48,Yes,No,Fiber optic,No,Yes,No,No,Yes,No,Month-to-month,Yes,Mailed check,73.36,3509.33,Yes
CUST-06093,Male,1,Yes,Yes,8,Yes,No,No,No internet service,No internet service,No internet service,No internet service,No internet service,No internet service,Month-to-month,Yes,Electronic check,32.12,205.74,Yes
CUST-06094,Male,0,Yes,No,4,Yes,Yes,Fiber optic,No,Yes,No,No,No,No,Month-to-month,Yes,Electronic check,80.83,327.94,Yes
CUST-06095,Male,0,No,No,58,Yes,No,DSL,No,No,No,No,No,Yes,One year,Yes,Electronic check,52.04,3000.11,No
CUST-06096,Female,0,Yes,Yes,9,Yes,No,Fiber optic,Yes,Yes,Yes,No,No,No,Month-to-month,No,Credit card (automatic),86.35,856.71,No
CUST-06097,Female,0,Yes,No,17,Yes,Yes,DSL,No,No,No,Yes,Yes,Yes,Month-to-month,Yes,Credit card (automatic),63.61,1106.65,No
CUST-06098,Female,0,Yes,No,49,Yes,No,Fiber optic,No,No,No,No,No,No,Month-to-month,No,Bank transfer (automatic),81.76,4014.95,No
CUST-06099,Female,0,No,No,46,Yes,No,Fiber optic,No,Yes,No,No,Yes,Yes,One year,Yes,Bank transfer (automatic),81.81,3825.02,No
CUST-06100,Male,0,No,No,63,Yes,No,Fiber optic,Yes,No,No,No,No,No,Two year,Yes,Mailed check,73.67,4675.52,No
CUST-06101,Male,0,Yes,No,7,Yes,No,Fiber optic,No,No,No,Yes,No,No,Month-to-month,Yes,Electronic check,85.41,525.07,Yes
CUST-06102,Female,0,Yes,No,21,Yes,Yes,DSL,No,No,No,Yes,Yes,Yes,One year,No,Mailed check,65.21,1413.09,No
CUST-06103,Male,0,Yes,No,40,Yes,Yes,Fiber optic,Yes,No,No,Yes,No,No,Two year,No,Mailed check,91.23,3671.2,No
CUST-06104,Male,0,Yes,Yes,24,Yes,No,DSL,No,No,No,Yes,No,Yes,Month-to-month,Yes,Electronic check,49.81,1215.47,No
CUST-06105,Female,0,No,No,64,Yes,Yes,Fiber optic,No,No,No,No,No,Yes,Two year,No,Electronic check,85.93,5502.41,No
CUST-06106,Female,1,Yes,Yes,30,Yes,No,DSL,No,Yes,No,No,No,Yes,One year,Yes,Electronic check,66.39,1974.52,No
CUST-06107,Male,0,No,No,22,Yes,No,DSL,No,Yes,No,No,No,Yes,Month-to-month,Yes,Mailed check,56.64,1207.27,No
CUST-06108,Female,0,Yes,Yes,19,Yes,No,No,No internet service,No internet service,No internet service,No internet service,No internet service,No internet service,One year,Yes,Bank transfer (automatic),25.43,519.26,No
CUST-06109,Female,1,Yes,No,9,Yes,No,DSL,Yes,Yes,No,No,No,No,Month-to-month,Yes,Mailed check,59.91,523.0,No
CUST-06110,Female,0,No,No,3,No,No phone service,Fiber optic,Yes,No,Yes,Yes,Yes,No,Month-to-month,No,Bank transfer (automatic),88.27,240.52,No
CUST-06111,Female,1,Yes,No,0,No,No phone service,Fiber optic,No,Yes,No,No,Yes,Yes,Month-to-month,No,Credit card (automatic),99.82,0.0,Yes
CUST-06112,Male,0,Yes,Yes,18,Yes,No,Fiber optic,No,No,Yes,No,No,No,One year,Yes,Bank transfer (automatic),80.65,1435.71,Yes
CUST-06113,Male,0,Yes,No,35,Yes,Yes,Fiber optic,Yes,No,Yes,Yes,Yes,No,Two year,Yes,Bank transfer (automatic),87.1,3025.57,Yes
CUST-06114,Female,0,No,No,0,Yes,No,Fiber optic,No,No,Yes,No,Yes,Yes,Month-to-month,Yes,Bank transfer (automatic),75.85,0.0,Yes
CUST-06115,Male,0,Yes,No,2,Yes,Yes,No,No internet service,No internet service,No internet service,No internet service,No internet service,No internet service,Month-to-month,Yes,Mailed check,31.6,53.04,No
CUST-06116,Male,0,No,No,17,Yes,No,DSL,Yes,No,Yes,No,Yes,No,Month-to-month,No,Electronic check,57.22,1034.22,No
CUST-06117,Female,0,No,Yes,64,Yes,No,DSL,No,Yes,No,No,No,Yes,Two year,Yes,Credit card (automatic),54.69,3523.59,No
CUST-06118,Male,0,No,No,20,Yes,No,Fiber optic,Yes,No,Yes,No,No,Yes,Month-to-month,Yes,Mailed check,98.39,1976.05,No
CUST-06119,Female,0,No,No,56,Yes,Yes,Fiber optic,No,Yes,No,Yes,Yes,Yes,Two year,Yes,Electronic check,84.38,4758.64,Yes
CUST-06120,Male,0,No,No,16,Yes,No,DSL,No,No,No,Yes,No,No,Month-to-month,Yes,Electronic check,48.13,788.55,Yes
CUST-06121,Male,0,No,Yes,17,Yes,Yes,Fiber optic,No,No,No,Yes,No,Yes,Month-to-month,Yes,Bank transfer (automatic),77.7,1292.08,Yes
CUST-06122,Female,0,Yes,Yes,11,Yes,No,Fiber optic,No,No,No,No,No,Yes,Month-to-month,No,Electronic check,75.19,843.37,Yes
CUST-06123,Female,1,No,Yes,35,Yes,No,No,No internet service,No internet service,No internet service,No internet service,No internet service,No internet service,Month-to-month,No,Electronic check,26.22,871.97,No
CUST-06124,Male,0,No,No,5,Yes,No,DSL,No,No,No,No,No,Yes,Month-to-month,No,Bank transfer (automatic),56.47,234.18,No
CUST-06125,Male,0,Yes,No,72,Yes,No,DSL,No,Yes,Yes,No,Yes,No,Two year,Yes,Bank transfer (automatic),60.03,4299.13,No
CUST-06126,Male,0,No,No,3,Yes,No,DSL,No,No,No,No,Yes,No,Month-to-month,No,Mailed check,62.22,178.37,No
CUST-06127,Male,0,Yes,Yes,16,Yes,Yes,No,No internet service,No internet service,No internet service,No internet service,No internet service,No internet service,Month-to-month,Yes,Bank transfer (automatic),30.18,488.18,No
CUST-06128,Female,0,No,Yes,14,Yes,No,DSL,No,No,No,Yes,Yes,No,One year,Yes,Credit card (automatic),60.81,741.35,No
CUST-06129,Male,1,Yes,No,12,Yes,No,DSL,No,Yes,No,Yes,No,No,Month-to-month,No,Electronic check,64.59,758.7,Yes
CUST-06130,Male,0,Yes,Yes,47,No,No phone service,Fiber optic,No,No,No,No,Yes,No,One year,No,Electronic check,87.55,4054.09,No
CUST-06131,Male,0,Yes,No,7,Yes,No,DSL,Yes,Yes,No,No,No,Yes,One year,Yes,Credit card (automatic),61.13,452.33,No
CUST-06132,Male,1,Yes,No,53,Yes,Yes,Fiber optic,No,No,No,No,No,No,Two year,No,Electronic check,94.19,4974.34,No
CUST-06133,Female,0,Yes,No,1,No,No phone service,DSL,Yes,Yes,No,Yes,No,Yes,One year,Yes,Electronic check,60.58,51.97,Yes
CUST-06134,Male,0,Yes,Yes,8,Yes,No,Fiber optic,Yes,No,Yes,No,Yes,No,Month-to-month,Yes,Bank transfer (automatic),85.55,642.29,No
CUST-06135,Female,0,No,Yes,21,Yes,Yes,DSL,Yes,Yes,Yes,Yes,Yes,No,Month-to-month,No,Bank transfer (automatic),61.75,1320.71,No
CUST-06136,Male,0,Yes,No,38,No,No phone service,Fiber optic,No,No,No,Yes,No,No,Month-to-month,No,Credit card (automatic),79.05,2946.39,No
CUST-06137,Male,0,No,Yes,22,Yes,No,DSL,No,No,Yes,No,No,Yes,Month-to-month,Yes,Mailed check,52.27,1137.59,Yes
CUST-06138,Female,0,No,No,4,Yes,No,DSL,No,No,No,No,No,No,Month-to-month,Yes,Mailed check,47.52,168.88,No
CUST-06139,Male,0,Yes,No,1,Yes,No,No,No internet service,No internet service,No internet service,No internet service,No internet service,No internet service,Month-to-month,Yes,Mailed check,26.36,95.2,Yes
CUST-06140,Male,0,Yes,No,44,Yes,No,No,No internet service,No internet service,No internet service,No internet service,No internet service,No internet service,Two year,Yes,Credit card (automatic),26.22,1077.4,No
CUST-06141,Male,0,Yes,Yes,32,Yes,No,Fiber optic,No,Yes,No,No,No,No,Two year,No,Mailed check,81.0,2654.75,No
CUST-06142,Male,0,Yes,No,2,Yes,Yes,Fiber optic,Yes,No,No,No,No,No,Month-to-month,Yes,Electronic check,78.99,145.17,Yes
CUST-06143,Female,1,No,No,57,Yes,No,Fiber optic,No,No,No,Yes,No,No,Two year,No,Electronic check,94.83,5396.28,Yes
CUST-06144,Female,0,No,Yes,43,Yes,No,Fiber optic,No,Yes,Yes,No,No,No,One year,No,Electronic check,95.65,4162.4,No
CUST-06145,Male,1,No,No,40,No,No phone service,Fiber optic,Yes,No,No,No,No,No,Month-to-month,No,Electronic check,91.24,3686.18,No
CUST-06146,Female,0,Yes,No,56,Yes,Yes,Fiber optic,Yes,No,No,No,Yes,No,Two year,Yes,Electronic check,88.39,4958.2,No
CUST-06147,Female,0,No,Yes,59,Yes,Yes,Fiber optic,Yes,No,No,Yes,Yes,No,Two year,No,Electronic check,98.16,5814.58,No
CUST-06148,Female,0,Yes,No,39,Yes,Yes,Fiber optic,Yes,Yes,No,No,Yes,No,One year,No,Credit card (automatic),90.97,3477.58,No
CUST-06149,Male,0,No,Yes,42,Yes,Yes,Fiber optic,No,No,Yes,No,No,No,One year,No,Electronic check,75.87,3142.31,No
CUST-06150,Female,0,No,Yes,34,Yes,No,DSL,No,No,Yes,No,No,No,Month-to-month,Yes,Credit card (automatic),51.21,1762.93,No
CUST-06151,Male,1,Yes,Yes,23,Yes,No,No,No internet service,No internet service,No internet service,No internet service,No internet service,No internet service,One year,Yes,Electronic check,31.14,674.98,No
CUST-06152,Female,0,No,No,7,Yes,Yes,Fiber optic,No,Yes,No,Yes,Yes,Yes,One year,No,Credit card (automatic),95.6,671.37,Yes
CUST-06153,Female,0,No,No,34,Yes,Yes,Fiber optic,Yes,Yes,No,Yes,No,No,One year,No,Credit card (automatic),97.1,3286.53,No
CUST-06154,Male,0,No,No,2,Yes,Yes,Fiber optic,Yes,Yes,No,No,Yes,No,Month-to-month,Yes,Credit card (automatic),96.95,141.52,Yes
CUST-06155,Male,1,Yes,No,42,Yes,No,Fiber optic,No,No,No,No,No,No,One year,No,Bank transfer (automatic),90.18,3830.62,No
CUST-06156,Female,0,No,Yes,44,Yes,No,Fiber optic,No,No,No,No,No,No,Two year,No,Electronic check,87.9,3897.49,No
CUST-06157,Male,0,Yes,No,58,Yes,No,Fiber optic,Yes,No,Yes,Yes,Yes,Yes,Two year,No,Bank transfer (automatic),92.29,5347.6,No
CUST-06158,Female,0,Yes,No,12,Yes,No,DSL,No,Yes,Yes,Yes,No,No,Month-to-month,No,Electronic check,60.0,786.72,No
CUST-06159,Female,1,No,No,1,Yes,Yes,No,No internet service,No internet service,No internet service,No internet service,No internet service,No internet service,Month-to-month,No,Electronic check,28.11,0.0,Yes
CUST-06160,Male,0,Yes,No,7,Yes,Yes,DSL,No,Yes,Yes,No,Yes,No,Month-to-month,No,Credit card (automatic),62.75,404.7,Yes
CUST-06161,Male,0,Yes,No,48,Yes,No,No,No internet service,No internet service,No internet service,No internet service,No internet service,No internet service,One year,Yes,Electronic check,32.51,1531.4,No
CUST-06162,Male,0,No,No,35,Yes,No,No,No internet service,No internet service,No internet service,No internet service,No internet service,No internet service,Month-to-month,No,Electronic check,47.1,1637.45,No
CUST-06163,Male,0,Yes,No,47,Yes,Yes,No,No internet service,No internet service,No internet service,No internet service,No internet service,No internet service,Two year,Yes,Credit card (automatic),25.4,1187.28,No
CUST-06164,Male,0,No,No,43,No,No phone service,DSL,No,No,No,No,No,Yes,One year,Yes,Credit card (automatic),53.6,2340.45,No
CUST-06165,Male,0,No,Yes,13,Yes,No,DSL,No,Yes,No,No,No,No,Month-to-month,Yes,Bank transfer (automatic),61.37,888.88,No
CUST-06166,Female,0,Yes,No,31,Yes,No,Fiber optic,No,No,No,No,No,Yes,One year,Yes,Mailed check,81.89,2564.21,Yes
CUST-06167,Male,1,No,No,5,Yes,No,DSL,Yes,No,No,Yes,No,No,Month-to-month,Yes,Electronic check,70.77,356.42,No
CUST-06168,Female,1,No,No,19,Yes,No,No,No internet service,No internet service,No internet service,No internet service,No internet service,No internet service,Month-to-month,No,Credit card (automatic),39.63,813.25,Yes
CUST-06169,Female,1,No,No,6,Yes,No,Fiber optic,No,No,Yes,Yes,Yes,No,Month-to-month,Yes,Electronic check,103.86,631.46,Yes
CUST-06170,Female,1,No,No,32,Yes,Yes,No,No internet service,No internet service,No internet service,No internet service,No internet service,No internet service,One year,Yes,Mailed check,33.86,1087.03,No
CUST-06171,Female,0,No,Yes,52,No,No phone service,No,No internet service,No internet service,No internet service,No internet service,No internet service,No internet service,Two year,Yes,Credit card (automatic),37.56,1967.07,No
CUST-06172,Male,1,No,Yes,27,Yes,Yes,No,No internet service,No internet service,No internet service,No internet service,No internet service,No internet service,Month-to-month,Yes,Bank transfer (automatic),23.38,645.8,No
CUST-06173,Female,1,Yes,No,8,Yes,Yes,DSL,No,No,No,No,No,No,One year,Yes,Electronic check,65.95,565.96,No
CUST-06174,Male,0,Yes,No,14,Yes,No,No,No internet service,No internet service,No internet service,No internet service,No internet service,No internet service,Month-to-month,Yes,Electronic check,32.96,377.51,No
CUST-06175,Male,0,No,No,3,Yes,No,DSL,No,No,No,No,No,No,Month-to-month,No,Bank transfer (automatic),56.56,192.14,No
CUST-06176,Male,0,No,No,34,No,No phone service,Fiber optic,No,No,Yes,No,No,No,One year,Yes,Mailed check,83.5,2848.38,No
CUST-06177,Female,0,No,No,55,No,No phone service,Fiber optic,No,Yes,No,Yes,No,Yes,Two year,Yes,Electronic check,72.38,3973.45,Yes
CUST-06178,Female,0,Yes,Yes,41,Yes,Yes,DSL,No,No,No,No,No,Yes,Two year,Yes,Mailed check,61.91,2577.45,No
CUST-06179,Female,0,No,Yes,0,Yes,Yes,Fiber optic,No,No,No,No,Yes,No,One year,Yes,Electronic check,81.35,0.0,No
CUST-06180,Female,0,Yes,Yes,4,Yes,Yes,Fiber optic,No,No,No,No,Yes,No,Month-to-month,Yes,Bank transfer (automatic),82.58,308.67,Yes
CUST-06181,Male,0,Yes,No,30,Yes,Yes,Fiber optic,No,No,Yes,No,Yes,Yes,Month-to-month,No,Bank transfer (automatic),91.03,2734.36,Yes
CUST-06182,Female,0,No,Yes,8,Yes,No,Fiber optic,No,No,No,Yes,Yes,No,Month-to-month,No,Electronic check,89.19,738.38,No
CUST-06183,Male,1,Yes,No,67,Yes,No,DSL,No,No,No,Yes,No,Yes,Two year,Yes,Credit card (automatic),58.44,3910.24,No
CUST-06184,Female,0,No,No,21,Yes,Yes,Fiber optic,Yes,No,No,No,Yes,No,One year,Yes,Credit card (automatic),82.11,1690.11,No
CUST-06185,Male,0,Yes,No,7,Yes,No,Fiber optic,No,No,Yes,No,Yes,Yes,Month-to-month,Yes,Bank transfer (automatic),83.87,593.12,Yes
CUST-06186,Female,0,No,Yes,4,Yes,No,DSL,No,Yes,No,No,No,No,Month-to-month,Yes,Electronic check,58.13,291.32,Yes
CUST-06187,Male,1,No,No,12,Yes,No,Fiber optic,Yes,No,Yes,No,No,No,Month-to-month,No,Mailed check,97.22,1158.78,No
CUST-06188,Female,1,Yes,No,34,Yes,Yes,Fiber optic,Yes,No,Yes,No,Yes,Yes,One year,Yes,Bank transfer (automatic),96.14,3290.87,No
CUST-06189,Male,0,No,No,14,Yes,No,No,No internet service,No internet service,No internet service,No internet service,No internet service,No internet service,Month-to-month,Yes,Credit card (automatic),29.94,515.8,No
CUST-06190,Male,0,No,No,39,Yes,Yes,No,No internet service,No internet service,No internet service,No internet service,No internet service,No internet service,Two year,No,Credit card (automatic),26.75,956.45,No
CUST-06191,Female,0,Yes,No,1,Yes,No,Fiber optic,No,No,No,Yes,No,No,Month-to-month,No,Bank transfer (automatic),81.76,116.61,Yes
CUST-06192,Male,0,No,No,72,Yes,No,Fiber optic,No,No,No,No,No,No,Two year,No,Credit card (automatic),78.18,5597.4,No
CUST-06193,Male,0,No,No,1,Yes,No,Fiber optic,No,No,No,No,No,Yes,Month-to-month,Yes,Mailed check,82.17,56.87,No
CUST-06194,Male,0,Yes,Yes,2,Yes,No,Fiber optic,Yes,Yes,No,No,Yes,Yes,Month-to-month,Yes,Mailed check,83.53,155.99,No
CUST-06195,Male,0,No,No,5,Yes,No,Fiber optic,No,No,No,Yes,Yes,No,Month-to-month,No,Mailed check,94.94,445.21,Yes
CUST-06196,Male,0,Yes,No,45,No,No phone service,DSL,No,No,No,No,No,No,Month-to-month,Yes,Credit card (automatic),56.66,2574.5,No
CUST-06197,Female,0,Yes,No,45,No,No phone service,DSL,No,No,Yes,Yes,No,No,Two year,No,Mailed check,61.3,2709.19,No
CUST-06198,Male,0,Yes,No,63,Yes,No,Fiber optic,No,Yes,No,No,No,No,Two year,Yes,Bank transfer (automatic),86.84,5503.54,No
CUST-06199,Male,0,No,No,3,Yes,No,DSL,No,No,Yes,No,No,Yes,Month-to-month,No,Electronic check,57.54,215.89,No
CUST-06200,Male,0,No,No,10,Yes,No,No,No internet service,No internet service,No internet service,No internet service,No internet service,No internet service,Month-to-month,No,Electronic check,29.95,235.59,No
CUST-06201,Female,0,Yes,No,13,Yes,Yes,DSL,Yes,No,No,Yes,No,No,Month-to-month,No,Credit card (automatic),56.15,670.23,No
CUST-06202,Female,0,Yes,Yes,45,Yes,No,Fiber optic,No,Yes,No,No,No,Yes,One year,No,Electronic check,83.92,3754.82,No
CUST-06203,Male,1,Yes,No,38,Yes,No,DSL,Yes,No,Yes,No,No,No,Month-to-month,Yes,Mailed check,62.87,2432.19,No
CUST-06204,Male,0,No,Yes,8,Yes,Yes,Fiber optic,No,Yes,No,No,No,Yes,Month-to-month,Yes,Credit card (automatic),87.43,670.34,No
CUST-06205,Male,0,Yes,Yes,6,No,No phone service,DSL,Yes,No,No,No,No,No,Month-to-month,Yes,Mailed check,66.43,406.3,No
CUST-06206,Female,0,Yes,No,60,Yes,Yes,Fiber optic,No,No,No,No,No,No,Two year,Yes,Mailed check,76.51,4531.6,No
CUST-06207,Female,0,Yes,Yes,2,Yes,No,No,No internet service,No internet service,No internet service,No internet service,No internet service,No internet service,Month-to-month,Yes,Electronic check,22.23,11.86,No
CUST-06208,Female,1,Yes,Yes,33,Yes,Yes,Fiber optic,No,No,No,No,Yes,Yes,One year,Yes,Electronic check,87.38,2841.45,Yes
CUST-06209,Male,0,No,No,56,Yes,Yes,DSL,No,No,No,Yes,Yes,Yes,Two year,No,Credit card (automatic),68.73,3817.09,No
CUST-06210,Female,0,No,No,5,Yes,No,Fiber optic,Yes,No,No,No,No,No,Month-to-month,Yes,Mailed check,86.26,427.14,Yes
CUST-06211,Male,0,Yes,No,17,Yes,Yes,Fiber optic,No,No,No,No,No,No,Month-to-month,Yes,Electronic check,95.55,1631.22,No
CUST-06212,Female,0,No,No,8,Yes,Yes,Fiber optic,Yes,No,No,No,No,No,Month-to-month,Yes,Credit card (automatic),84.11,685.46,Yes
CUST-06213,Female,1,Yes,No,38,Yes,Yes,No,No internet service,No internet service,No internet service,No internet service,No internet service,No internet service,One year,Yes,Bank transfer (automatic),33.26,1214.85,No
CUST-06214,Male,0,No,No,21,Yes,No,No,No internet service,No internet service,No internet service,No internet service,No internet service,No internet service,Month-to-month,No,Mailed check,28.53,655.21,No
CUST-06215,Female,0,Yes,Yes,6,Yes,No,No,No internet service,No internet service,No internet service,No internet service,No internet service,No internet service,Month-to-month,Yes,Electronic check,29.68,166.85,No
CUST-06216,Female,0,Yes,Yes,9,Yes,No,Fiber optic,Yes,No,No,No,Yes,No,Month-to-month,Yes,Electronic check,82.45,789.53,Yes
CUST-06217,Male,0,No,Yes,31,Yes,No,No,No internet service,No internet service,No internet service,No internet service,No internet service,No internet service,One year,Yes,Mailed check,28.53,915.86,Yes
CUST-06218,Male,0,Yes,No,31,Yes,Yes,Fiber optic,Yes,No,No,No,No,No,One year,Yes,Bank transfer (automatic),77.75,2435.38,No
CUST-06219,Male,1,No,Yes,4,Yes,Yes,DSL,Yes,Yes,No,No,No,No,Month-to-month,No,Electronic check,65.08,315.96,Yes
CUST-06220,Female,0,Yes,No,41,Yes,No,Fiber optic,Yes,Yes,Yes,Yes,No,No,One year,No,Mailed check,94.66,3851.41,No
CUST-06221,Male,0,Yes,No,13,No,No phone service,Fiber optic,No,No,Yes,Yes,No,Yes,Month-to-month,No,Bank transfer (automatic),88.31,1170.33,Yes
CUST-06222,Male,1,No,No,11,No,No phone service,Fiber optic,No,No,Yes,No,No,Yes,Month-to-month,Yes,Electronic check,86.05,845.63,Yes
CUST-06223,Female,0,Yes,No,6,Yes,No,No,No internet service,No internet service,No internet service,No internet service,No internet service,No internet service,Month-to-month,No,Electronic check,23.5,152.68,No
CUST-06224,Male,0,Yes,No,0,Yes,No,No,No internet service,No internet service,No internet service,No internet service,No internet service,No internet service,One year,Yes,Credit card (automatic),22.35,0.0,Yes
CUST-06225,Male,0,No,No,54,Yes,Yes,Fiber optic,Yes,No,Yes,Yes,Yes,No,One year,No,Mailed check,87.64,4700.97,No
CUST-06226,Female,0,Yes,Yes,3,Yes,No,Fiber optic,No,No,Yes,No,Yes,Yes,Month-to-month,Yes,Bank transfer (automatic),104.49,318.69,No
CUST-06227,Female,0,No,No,5,Yes,No,DSL,No,Yes,No,No,No,No,Month-to-month,Yes,Credit card (automatic),59.23,226.1,No
CUST-06228,Female,0,Yes,Yes,38,No,No phone service,DSL,No,No,No,No,No,No,Month-to-month,Yes,Electronic check,53.52,1989.82,No
CUST-06229,Male,0,No,Yes,2,Yes,Yes,DSL,Yes,No,No,Yes,No,No,Month-to-month,Yes,Bank transfer (automatic),55.64,110.67,No
CUST-06230,Male,1,No,Yes,2,Yes,No,DSL,No,No,No,No,Yes,No,Month-to-month,No,Electronic check,59.6,68.18,Yes
CUST-06231,Male,0,Yes,No,1,No,No phone service,No,No internet service,No internet service,No internet service,No internet service,No internet service,No internet service,Month-to-month,Yes,Credit card (automatic),31.53,110.59,No
CUST-06232,Female,0,No,Yes,1,Yes,Yes,Fiber optic,No,No,No,Yes,Yes,No,Month-to-month,No,Electronic check,90.19,112.42,No
CUST-06233,Male,1,No,No,1,Yes,No,Fiber optic,No,No,No,No,Yes,No,Month-to-month,No,Credit card (automatic),93.29,89.88,No
CUST-06234,Male,0,No,No,7,Yes,No,DSL,Yes,Yes,Yes,No,No,No,Month-to-month,No,Electronic check,68.58,489.47,No
CUST-06235,Female,0,Yes,No,5,Yes,Yes,Fiber optic,No,No,Yes,No,No,Yes,Month-to-month,Yes,Credit card (automatic),86.88,450.88,No
CUST-06236,Female,0,No,No,18,Yes,No,Fiber optic,No,No,Yes,Yes,No,No,One year,No,Electronic check,82.8,1444.21,No
CUST-06237,Female,0,No,No,2,Yes,Yes,DSL,No,Yes,Yes,No,Yes,No,Month-to-month,Yes,Electronic check,61.06,142.65,No
CUST-06238,Male,0,No,No,11,Yes,No,DSL,No,No,No,Yes,Yes,No,One year,No,Electronic check,64.72,728.07,No
CUST-06239,Female,0,No,Yes,7,Yes,No,Fiber optic,No,No,Yes,Yes,Yes,Yes,Month-to-month,No,Electronic check,88.07,592.72,No
CUST-06240,Male,0,No,Yes,0,Yes,No,DSL,Yes,Yes,No,No,No,No,Month-to-month,Yes,Mailed check,72.62,0.0,Yes
CUST-06241,Female,0,No,No,10,Yes,No,Fiber optic,No,No,No,No,Yes,Yes,Month-to-month,Yes,Mailed check,82.88,818.99,Yes
CUST-06242,Male,0,No,No,0,Yes,Yes,No,No internet service,No internet service,No internet service,No internet service,No internet service,No internet service,Month-to-month,Yes,Electronic check,31.04,0.0,No
CUST-06243,Female,0,No,No,18,Yes,No,DSL,Yes,Yes,No,No,No,Yes,One year,Yes,Credit card (automatic),64.26,1205.24,No
CUST-06244,Male,0,No,Yes,17,Yes,No,DSL,Yes,No,No,No,No,Yes,Month-to-month,Yes,Bank transfer (automatic),64.78,1100.51,No
CUST-06245,Female,0,Yes,No,1,No,No phone service,Fiber optic,No,Yes,Yes,No,Yes,Yes,Month-to-month,No,Electronic check,79.68,154.75,Yes
CUST-06246,Male,0,No,No,5,Yes,No,DSL,Yes,Yes,No,Yes,Yes,No,Month-to-month,Yes,Electronic check,70.71,336.83,No
CUST-06247,Female,0,Yes,No,2,Yes,Yes,Fiber optic,No,Yes,No,Yes,No,No,Month-to-month,No,Credit card (automatic),84.81,127.86,Yes
CUST-06248,Male,1,No,Yes,54,Yes,No,DSL,No,Yes,No,No,Yes,No,Two year,No,Electronic check,57.9,3135.75,No
CUST-06249,Male,0,No,No,33,Yes,No,DSL,No,No,Yes,No,Yes,Yes,Two year,No,Bank transfer (automatic),68.31,2213.16,No
CUST-06250,Male,0,No,No,7,Yes,No,Fiber optic,No,Yes,No,No,Yes,Yes,Month-to-month,Yes,Mailed check,78.62,567.63,No
CUST-06251,Female,1,Yes,No,25,No,No phone service,No,No internet service,No internet service,No internet service,No internet service,No internet service,No internet service,Month-to-month,No,Credit card (automatic),42.52,1017.02,Yes
CUST-06252,Male,1,No,Yes,4,Yes,No,Fiber optic,No,Yes,Yes,No,Yes,No,Month-to-month,Yes,Credit card (automatic),93.75,403.89,Yes
CUST-06253,Male,0,Yes,No,17,Yes,No,DSL,No,No,No,Yes,Yes,Yes,Month-to-month,Yes,Electronic check,61.62,1038.56,No
CUST-06254,Female,0,No,No,4,Yes,No,DSL,Yes,No,No,Yes,Yes,Yes,Month-to-month,Yes,Mailed check,57.41,300.89,Yes
CUST-06255,Male,0,No,No,8,Yes,No,DSL,No,No,Yes,Yes,Yes,No,Month-to-month,Yes,Mailed check,60.89,550.51,Yes
CUST-06256,Male,0,No,No,1,Yes,Yes,DSL,No,Yes,Yes,No,No,Yes,Month-to-month,Yes,Credit card (automatic),69.53,113.08,Yes
CUST-06257,Female,0,Yes,No,0,Yes,No,Fiber optic,No,No,No,No,No,Yes,Month-to-month,No,Bank transfer (automatic),86.07,0.0,Yes
CUST-06258,Female,0,No,Yes,2,Yes,Yes,No,No internet service,No internet service,No internet service,No internet service,No internet service,No internet service,Month-to-month,Yes,Credit card (automatic),31.37,29.71,No
CUST-06259,Female,0,Yes,Yes,27,Yes,Yes,No,No internet service,No internet service,No internet service,No internet service,No internet service,No internet service,One year,Yes,Electronic check,34.06,924.74,No
CUST-06260,Female,0,No,No,72,Yes,No,Fiber optic,No,No,No,Yes,No,No,Two year,Yes,Electronic check,79.39,5739.77,No
CUST-06261,Male,1,No,No,63,Yes,No,No,No internet service,No internet service,No internet service,No internet service,No internet service,No internet service,Month-to-month,Yes,Bank transfer (automatic),21.27,1339.96,No
CUST-06262,Male,0,No,No,51,Yes,Yes,Fiber optic,No,No,No,Yes,No,Yes,One year,Yes,Electronic check,81.0,4123.31,Yes
CUST-06263,Male,0,Yes,No,0,Yes,No,No,No internet service,No internet service,No internet service,No internet service,No internet service,No internet service,Month-to-month,No,Credit card (automatic),27.82,0.0,No
CUST-06264,Female,0,Yes,Yes,45,Yes,Yes,No,No internet service,No internet service,No internet service,No internet service,No internet service,No internet service,Month-to-month,Yes,Bank transfer (automatic),26.57,1253.64,No
CUST-06265,Female,0,No,Yes,25,Yes,No,Fiber optic,No,No,No,Yes,Yes,No,One year,Yes,Mailed check,85.47,2210.98,No
CUST-06266,Male,0,No,No,2,Yes,Yes,DSL,No,Yes,No,No,Yes,Yes,Month-to-month,No,Electronic check,65.59,201.45,Yes
CUST-06267,Female,0,Yes,No,51,Yes,Yes,Fiber optic,No,No,No,Yes,Yes,No,Two year,No,Electronic check,84.42,4234.91,Yes
CUST-06268,Male,0,No,Yes,67,Yes,Yes,No,No internet service,No internet service,No internet service,No internet service,No internet service,No internet service,Two year,No,Mailed check,21.63,1329.65,No
CUST-06269,Male,0,Yes,No,20,Yes,Yes,Fiber optic,Yes,No,No,No,Yes,Yes,Month-to-month,Yes,Mailed check,83.59,1697.89,No
CUST-06270,Female,0,Yes,No,2,Yes,No,Fiber optic,Yes,No,No,No,No,Yes,Month-to-month,Yes,Bank transfer (automatic),90.68,223.87,Yes
CUST-06271,Female,0,No,Yes,13,Yes,No,Fiber optic,No,Yes,Yes,No,Yes,No,Month-to-month,No,Credit card (automatic),95.93,1287.2,Yes
CUST-06272,Female,0,No,Yes,41,Yes,No,Fiber optic,No,No,No,Yes,Yes,Yes,Two year,Yes,Credit card (automatic),97.92,4053.76,No
CUST-06273,Female,0,No,No,7,Yes,No,No,No internet service,No internet service,No internet service,No internet service,No internet service,No internet service,Month-to-month,Yes,Bank transfer (automatic),25.15,218.79,No
CUST-06274,Female,0,Yes,Yes,21,Yes,Yes,Fiber optic,Yes,No,No,No,No,No,One year,Yes,Electronic check,85.56,1797.62,Yes
CUST-06275,Female,0,No,Yes,26,Yes,No,DSL,Yes,No,Yes,No,Yes,No,Month-to-month,Yes,Electronic check,65.33,1714.67,No
CUST-06276,Male,0,No,Yes,35,Yes,No,DSL,No,Yes,No,No,No,No,One year,Yes,Electronic check,59.24,2101.49,No
CUST-06277,Male,0,No,Yes,13,Yes,Yes,No,No internet service,No internet service,No internet service,No internet service,No internet service,No internet service,Month-to-month,Yes,Electronic check,31.36,437.8,No
CUST-06278,Female,0,Yes,No,27,Yes,No,DSL,No,No,Yes,No,Yes,No,Two year,Yes,Mailed check,64.18,1722.23,No
CUST-06279,Male,0,No,Yes,39,Yes,Yes,No,No internet service,No internet service,No internet service,No internet service,No internet service,No internet service,One year,Yes,Electronic check,23.41,872.31,No
CUST-06280,Male,0,Yes,No,15,Yes,No,DSL,No,No,No,No,Yes,Yes,Month-to-month,Yes,Electronic check,56.27,782.97,Yes
CUST-06281,Male,0,No,No,38,Yes,Yes,DSL,No,No,No,No,Yes,Yes,Month-to-month,No,Bank transfer (automatic),62.56,2361.84,No
CUST-06282,Male,0,No,Yes,9,Yes,No,DSL,No,Yes,No,Yes,Yes,No,Month-to-month,No,Electronic check,56.54,459.86,Yes
CUST-06283,Female,0,Yes,Yes,6,Yes,Yes,DSL,Yes,Yes,Yes,No,No,Yes,Month-to-month,No,Mailed check,61.27,366.82,Yes
CUST-06284,Male,0,Yes,No,59,Yes,No,No,No internet service,No internet service,No internet service,No internet service,No internet service,No internet service,Two year,No,Electronic check,28.93,1740.33,No
CUST-06285,Male,0,No,No,2,Yes,No,DSL,No,No,Yes,Yes,No,No,Month-to-month,Yes,Mailed check,57.05,127.41,No
CUST-06286,Female,0,No,No,30,Yes,No,Fiber optic,No,Yes,No,No,No,No,Two year,Yes,Credit card (automatic),86.63,2597.2,Yes
CUST-06287,Male,0,Yes,No,4,Yes,Yes,No,No internet service,No internet service,No internet service,No internet service,No internet service,No internet service,Month-to-month,No,Credit card (automatic),23.79,117.76,No
CUST-06288,Male,0,Yes,No,50,Yes,Yes,Fiber optic,Yes,No,No,No,No,No,Two year,Yes,Electronic check,70.21,3472.48,No
CUST-06289,Male,0,No,Yes,28,No,No phone service,No,No internet service,No internet service,No internet service,No internet service,No internet service,No internet service,Two year,Yes,Electronic check,29.76,865.71,No
CUST-06290,Female,1,Yes,Yes,42,Yes,No,DSL,No,No,No,No,No,Yes,One year,Yes,Bank transfer (automatic),60.06,2532.42,No
CUST-06291,Male,0,No,No,59,No,No phone service,Fiber optic,Yes,Yes,Yes,No,Yes,Yes,Two year,No,Mailed check,102.04,5997.7,No
CUST-06292,Female,0,No,Yes,3,Yes,No,Fiber optic,Yes,No,Yes,No,Yes,No,Month-to-month,Yes,Credit card (automatic),87.26,295.23,No
CUST-06293,Male,0,Yes,No,36,Yes,Yes,No,No internet service,No internet service,No internet service,No internet service,No internet service,No internet service,One year,No,Mailed check,28.49,902.66,No
CUST-06294,Female,0,No,Yes,3,Yes,No,Fiber optic,Yes,No,No,No,Yes,No,Month-to-month,Yes,Bank transfer (automatic),84.58,255.19,No
CUST-06295,Male,0,No,No,3,Yes,No,Fiber optic,Yes,No,Yes,Yes,Yes,No,Month-to-month,Yes,Mailed check,87.75,246.21,No
CUST-06296,Female,0,No,No,47,Yes,No,Fiber optic,No,Yes,No,Yes,No,No,One year,Yes,Mailed check,84.1,3923.63,No
CUST-06297,Male,0,No,No,46,Yes,No,Fiber optic,Yes,Yes,Yes,No,No,No,Two year,Yes,Electronic check,83.6,3825.0,No
CUST-06298,Female,0,Yes,No,62,Yes,No,No,No internet service,No internet service,No internet service,No internet service,No internet service,No internet service,Two year,Yes,Mailed check,28.74,1803.4,No
CUST-06299,Male,0,Yes,Yes,0,Yes,No,DSL,No,No,No,No,No,No,One year,No,Mailed check,55.61,0.0,No
CUST-06300,Male,0,No,Yes,69,Yes,No,DSL,Yes,No,Yes,No,No,No,Two year,Yes,Electronic check,54.2,3790.17,No
CUST-06301,Male,0,Yes,No,41,Yes,No,DSL,Yes,No,Yes,No,Yes,No,One year,Yes,Mailed check,67.53,2715.33,No
CUST-06302,Male,0,Yes,Yes,0,Yes,No,No,No internet service,No internet service,No internet service,No internet service,No internet service,No internet service,One year,No,Bank transfer (automatic),23.62,0.0,No
CUST-06303,Male,0,Yes,No,24,Yes,No,Fiber optic,No,No,No,No,No,Yes,Month-to-month,Yes,Credit card (automatic),84.35,1983.49,Yes
CUST-06304,Female,0,No,No,44,Yes,Yes,DSL,Yes,No,No,No,No,No,Month-to-month,No,Credit card (automatic),62.46,2806.09,Yes
CUST-06305,Male,0,Yes,No,5,Yes,No,No,No internet service,No internet service,No internet service,No internet service,No internet service,No internet service,Month-to-month,No,Credit card (automatic),35.72,201.97,No
CUST-06306,Male,1,No,No,39,Yes,Yes,DSL,No,Yes,No,No,No,Yes,One year,Yes,Electronic check,48.79,1861.33,No
CUST-06307,Female,0,No,No,28,Yes,No,No,No internet service,No internet service,No internet service,No internet service,No internet service,No internet service,One year,No,Bank transfer (automatic),33.15,954.77,Yes
CUST-06308,Male,0,Yes,No,67,Yes,No,Fiber optic,Yes,No,Yes,Yes,No,Yes,Two year,Yes,Credit card (automatic),93.41,6307.79,No
CUST-06309,Male,0,No,Yes,52,Yes,Yes,Fiber optic,No,No,No,Yes,No,No,Two year,No,Electronic check,87.36,4535.73,No
CUST-06310,Male,0,Yes,No,29,Yes,Yes,DSL,No,Yes,No,Yes,Yes,No,One year,Yes,Bank transfer (automatic),59.53,1725.75,No
CUST-06311,Male,0,No,Yes,45,Yes,No,Fiber optic,Yes,No,No,No,Yes,Yes,One year,Yes,Electronic check,93.69,4230.7,No
CUST-06312,Male,0,No,No,25,Yes,Yes,Fiber optic,Yes,No,Yes,Yes,Yes,No,One year,Yes,Credit card (automatic),98.28,2456.62,No
CUST-06313,Male,0,No,Yes,29,Yes,No,DSL,No,Yes,No,No,No,No,One year,Yes,Credit card (automatic),60.85,1813.35,No
CUST-06314,Male,0,No,No,5,Yes,Yes,Fiber optic,Yes,No,No,No,Yes,No,Month-to-month,No,Electronic check,91.99,470.08,Yes
CUST-06315,Female,1,No,No,51,No,No phone service,DSL,No,No,No,Yes,No,No,Two year,No,Bank transfer (automatic),71.7,3675.24,No
CUST-06316,Male,0,No,Yes,65,Yes,Yes,No,No internet service,No internet service,No internet service,No internet service,No internet service,No internet service,Two year,No,Credit card (automatic),36.28,2383.16,No
CUST-06317,Female,0,No,No,20,Yes,No,Fiber optic,No,Yes,Yes,No,Yes,No,One year,Yes,Electronic check,85.44,1721.94,No
CUST-06318,Female,0,Yes,Yes,6,Yes,No,DSL,Yes,No,Yes,Yes,No,No,Month-to-month,Yes,Credit card (automatic),66.63,403.3,No
CUST-06319,Male,0,No,No,2,Yes,No,Fiber optic,Yes,No,Yes,No,No,No,Month-to-month,Yes,Mailed check,93.55,174.64,Yes
CUST-06320,Male,1,No,No,26,Yes,No,Fiber optic,No,Yes,Yes,No,Yes,No,Two year,Yes,Electronic check,94.27,2465.01,No
CUST-06321,Female,0,Yes,No,69,Yes,No,DSL,No,No,No,No,No,No,Two year,Yes,Mailed check,58.79,4073.05,No
CUST-06322,Female,1,No,No,41,Yes,No,DSL,Yes,No,Yes,No,Yes,No,Two year,No,Mailed check,56.19,2320.28,No
CUST-06323,Male,0,No,No,26,Yes,Yes,DSL,Yes,No,Yes,No,Yes,No,One year,Yes,Electronic check,62.05,1544.19,No
CUST-06324,Female,0,No,Yes,51,Yes,Yes,Fiber optic,No,Yes,No,No,Yes,Yes,One year,Yes,Electronic check,87.78,4498.95,No
CUST-06325,Female,0,Yes,No,16,Yes,No,DSL,No,No,No,No,Yes,Yes,Month-to-month,Yes,Mailed check,54.13,879.84,Yes
CUST-06326,Male,0,No,No,37,Yes,Yes,DSL,No,No,No,No,Yes,No,One year,No,Mailed check,63.19,2364.97,No
CUST-06327,Male,1,No,No,48,Yes,No,No,No internet service,No internet service,No internet service,No internet service,No internet service,No internet service,Month-to-month,No,Bank transfer (automatic),23.74,1089.36,No
CUST-06328,Female,0,Yes,No,68,Yes,Yes,DSL,No,No,No,No,No,Yes,Two year,Yes,Mailed check,62.98,4279.93,No
CUST-06329,Male,0,No,No,4,Yes,Yes,DSL,No,No,No,No,Yes,No,Month-to-month,No,Credit card (automatic),56.5,241.55,No
CUST-06330,Female,0,No,Yes,39,Yes,No,Fiber optic,Yes,No,No,No,Yes,No,Two year,No,Bank transfer (automatic),93.77,3663.97,No
CUST-06331,Male,0,Yes,Yes,14,Yes,No,Fiber optic,No,No,No,No,Yes,No,Month-to-month,No,Bank transfer (automatic),86.74,1243.67,Yes
CUST-06332,Female,0,No,No,22,Yes,Yes,Fiber optic,Yes,No,Yes,No,No,Yes,Month-to-month,No,Mailed check,90.3,1984.17,No
CUST-06333,Male,0,Yes,Yes,21,Yes,No,DSL,Yes,No,No,No,Yes,Yes,One year,Yes,Electronic check,62.19,1248.2,No
CUST-06334,Male,0,No,Yes,16,Yes,No,Fiber optic,No,Yes,Yes,No,No,No,One year,Yes,Electronic check,84.15,1239.72,Yes
CUST-06335,Male,1,No,No,23,Yes,Yes,Fiber optic,Yes,No,No,No,Yes,No,One year,No,Bank transfer (automatic),91.3,2059.47,Yes
CUST-06336,Male,0,No,No,30,Yes,No,DSL,No,No,Yes,Yes,No,Yes,One year,Yes,Electronic check,50.07,1465.24,No
CUST-06337,Female,0,No,No,32,No,No phone service,DSL,Yes,No,No,No,No,No,One year,No,Electronic check,55.62,1822.76,No
CUST-06338,Male,0,Yes,No,1,Yes,Yes,Fiber optic,Yes,No,No,No,No,No,Month-to-month,Yes,Electronic check,88.25,134.05,Yes
CUST-06339,Female,1,Yes,No,43,No,No phone service,Fiber optic,Yes,No,No,No,No,No,Two year,No,Credit card (automatic),86.88,3773.59,Yes
CUST-06340,Female,1,No,Yes,54,Yes,No,DSL,No,Yes,Yes,Yes,No,No,Two year,No,Bank transfer (automatic),70.8,3820.74,No
CUST-06341,Male,0,Yes,No,39,Yes,No,Fiber optic,No,Yes,No,No,No,No,One year,Yes,Bank transfer (automatic),79.67,3042.89,No
CUST-06342,Female,0,Yes,No,7,Yes,Yes,DSL,No,Yes,No,No,No,No,Month-to-month,Yes,Bank transfer (automatic),51.42,340.18,No
CUST-06343,Female,0,Yes,No,59,Yes,Yes,Fiber optic,No,No,No,Yes,No,No,One year,Yes,Credit card (automatic),85.22,5096.64,No
CUST-06344,Female,0,No,No,13,Yes,Yes,No,No internet service,No internet service,No internet service,No internet service,No internet service,No internet service,Month-to-month,Yes,Credit card (automatic),24.35,276.85,No
CUST-06345,Male,0,No,Yes,68,Yes,No,DSL,No,No,No,No,No,No,Two year,Yes,Electronic check,58.38,3992.14,No
CUST-06346,Female,0,Yes,No,10,No,No phone service,Fiber optic,No,No,No,No,No,Yes,Month-to-month,Yes,Electronic check,81.6,815.43,No
CUST-06347,Female,0,Yes,Yes,72,No,No phone service,Fiber optic,No,No,No,Yes,No,No,Month-to-month,Yes,Credit card (automatic),85.71,6157.31,No
CUST-06348,Female,0,Yes,Yes,21,Yes,No,No,No internet service,No internet service,No internet service,No internet service,No internet service,No internet service,Month-to-month,Yes,Mailed check,18.0,369.7,Yes
CUST-06349,Male,0,Yes,No,34,Yes,No,Fiber optic,No,Yes,No,No,No,No,One year,Yes,Credit card (automatic),82.58,2844.79,No
CUST-06350,Female,0,Yes,Yes,46,No,No phone service,Fiber optic,Yes,Yes,Yes,Yes,Yes,No,One year,No,Mailed check,92.64,4196.65,No
CUST-06351,Male,0,No,Yes,13,Yes,No,Fiber optic,No,No,Yes,No,No,No,One year,No,Bank transfer (automatic),74.02,970.28,No
CUST-06352,Male,0,No,No,3,Yes,No,Fiber optic,Yes,No,No,Yes,No,Yes,Month-to-month,Yes,Mailed check,90.87,188.82,No
CUST-06353,Male,0,Yes,No,56,Yes,No,No,No internet service,No internet service,No internet service,No internet service,No internet service,No internet service,Two year,No,Credit card (automatic),27.22,1512.78,No
CUST-06354,Female,0,No,No,8,Yes,Yes,Fiber optic,No,No,No,No,Yes,Yes,Month-to-month,No,Electronic check,81.97,680.41,No
CUST-06355,Female,0,No,Yes,3,Yes,No,Fiber optic,No,Yes,No,No,Yes,No,Month-to-month,Yes,Electronic check,94.71,313.7,Yes
CUST-06356,Male,0,Yes,No,12,Yes,No,No,No internet service,No internet service,No internet service,No internet service,No internet service,No internet service,One year,Yes,Credit card (automatic),22.03,280.67,Yes
CUST-06357,Female,0,Yes,No,8,Yes,Yes,DSL,Yes,Yes,No,Yes,No,No,Month-to-month,Yes,Electronic check,67.94,536.04,Yes
CUST-06358,Male,0,No,No,39,Yes,No,Fiber optic,No,No,Yes,No,No,Yes,One year,No,Credit card (automatic),86.35,3389.91,No
CUST-06359,Male,0,Yes,No,4,Yes,No,No,No internet service,No internet service,No internet service,No internet service,No internet service,No internet service,Month-to-month,Yes,Electronic check,33.63,205.98,No
CUST-06360,Female,0,No,No,30,Yes,No,No,No internet service,No internet service,No internet service,No internet service,No internet service,No internet service,One year,No,Credit card (automatic),31.37,962.18,No
CUST-06361,Female,0,No,Yes,24,Yes,No,DSL,No,No,No,No,No,Yes,Month-to-month,Yes,Electronic check,45.79,1006.88,No
CUST-06362,Female,0,No,No,13,Yes,No,Fiber optic,No,No,No,Yes,Yes,No,Month-to-month,Yes,Electronic check,80.83,1064.77,No
CUST-06363,Female,0,Yes,No,9,Yes,Yes,DSL,No,Yes,Yes,No,No,No,Month-to-month,No,Electronic check,55.01,539.07,No
CUST-06364,Male,1,Yes,No,11,Yes,Yes,Fiber optic,No,No,Yes,No,Yes,No,One year,No,Credit card (automatic),104.01,1151.18,No
CUST-06365,Female,0,No,No,5,Yes,Yes,Fiber optic,Yes,No,No,No,Yes,Yes,Month-to-month,Yes,Mailed check,95.65,449.82,No
CUST-06366,Male,0,Yes,No,7,Yes,No,Fiber optic,Yes,No,Yes,No,Yes,No,Month-to-month,No,Mailed check,98.36,738.46,Yes
CUST-06367,Female,0,Yes,No,0,Yes,Yes,No,No internet service,No internet service,No internet service,No internet service,No internet service,No internet service,Month-to-month,No,Mailed check,21.23,0.0,Yes
CUST-06368,Male,0,No,Yes,64,Yes,No,DSL,Yes,No,No,No,No,No,Month-to-month,Yes,Mailed check,58.72,3708.0,Yes
CUST-06369,Male,0,Yes,Yes,12,Yes,No,No,No internet service,No internet service,No internet service,No internet service,No internet service,No internet service,Month-to-month,No,Mailed check,23.61,283.18,No
CUST-06370,Male,1,No,No,20,Yes,Yes,Fiber optic,No,No,No,No,No,Yes,One year,Yes,Bank transfer (automatic),97.01,1976.57,No
CUST-06371,Female,0,No,No,32,Yes,Yes,DSL,No,No,No,No,Yes,No,Month-to-month,Yes,Bank transfer (automatic),60.5,1936.99,No
CUST-06372,Male,0,No,No,18,No,No phone service,No,No internet service,No internet service,No internet service,No internet service,No internet service,No internet service,Month-to-month,No,Credit card (automatic),26.63,454.32,No
CUST-06373,Female,0,Yes,No,31,Yes,Yes,No,No internet service,No internet service,No internet service,No internet service,No internet service,No internet service,One year,Yes,Bank transfer (automatic),24.05,769.83,No
CUST-06374,Female,0,No,Yes,58,Yes,No,No,No internet service,No internet service,No internet service,No internet service,No internet service,No internet service,Month-to-month,Yes,Electronic check,32.03,1884.2,No
CUST-06375,Male,0,No,No,30,Yes,Yes,No,No internet service,No internet service,No internet service,No internet service,No internet service,No internet service,One year,Yes,Credit card (automatic),30.16,867.16,Yes
CUST-06376,Female,0,Yes,No,40,Yes,Yes,DSL,Yes,Yes,Yes,No,No,Yes,One year,No,Electronic check,63.06,2508.21,Yes
CUST-06377,Male,0,No,No,47,Yes,Yes,DSL,Yes,No,No,No,Yes,No,One year,No,Electronic check,55.49,2575.92,No
CUST-06378,Male,1,Yes,No,33,Yes,Yes,DSL,Yes,Yes,No,Yes,Yes,Yes,Month-to-month,Yes,Mailed check,74.49,2465.88,No
CUST-06379,Female,0,Yes,No,11,Yes,Yes,DSL,No,Yes,Yes,No,No,Yes,Month-to-month,No,Credit card (automatic),62.27,752.18,No
CUST-06380,Male,0,No,No,6,Yes,Yes,No,No internet service,No internet service,No internet service,No internet service,No internet service,No internet service,Month-to-month,Yes,Electronic check,24.08,202.39,No
CUST-06381,Male,0,Yes,No,1,Yes,No,Fiber optic,Yes,No,Yes,Yes,No,Yes,Month-to-month,No,Electronic check,93.34,95.53,Yes
CUST-06382,Male,0,Yes,Yes,47,Yes,Yes,DSL,No,No,No,Yes,No,No,Two year,No,Credit card (automatic),61.96,2849.44,No
CUST-06383,Female,0,No,Yes,6,Yes,Yes,Fiber optic,No,Yes,No,Yes,No,No,Month-to-month,No,Mailed check,87.07,524.12,Yes
CUST-06384,Male,0,Yes,No,0,Yes,No,Fiber optic,No,No,No,Yes,No,Yes,Month-to-month,Yes,Electronic check,90.93,0.0,Yes
CUST-06385,Male,0,No,No,0,Yes,No,Fiber optic,No,Yes,No,Yes,No,Yes,One year,Yes,Credit card (automatic),84.24,0.0,No
CUST-06386,Female,1,Yes,No,47,Yes,No,No,No internet service,No internet service,No internet service,No internet service,No internet service,No internet service,One year,Yes,Credit card (automatic),39.9,1914.71,No
CUST-06387,Male,0,No,No,60,Yes,No,Fiber optic,No,No,No,Yes,Yes,No,Two year,Yes,Mailed check,81.97,4956.07,No
CUST-06388,Female,0,No,No,16,Yes,Yes,Fiber optic,No,Yes,Yes,No,No,Yes,Month-to-month,Yes,Credit card (automatic),92.87,1487.98,Yes
CUST-06389,Male,0,Yes,No,64,Yes,No,DSL,Yes,No,Yes,No,Yes,No,Two year,Yes,Mailed check,61.77,3945.76,No
CUST-06390,Female,1,No,Yes,25,Yes,No,Fiber optic,No,No,Yes,Yes,Yes,Yes,One year,Yes,Credit card (automatic),89.39,2197.03,No
CUST-06391,Female,0,Yes,No,43,No,No phone service,Fiber optic,No,Yes,No,No,Yes,No,One year,No,Electronic check,84.81,3660.63,No
CUST-06392,Male,0,Yes,Yes,5,Yes,Yes,Fiber optic,No,Yes,Yes,No,Yes,No,Month-to-month,No,Credit card (automatic),100.02,528.36,Yes
CUST-06393,Male,0,Yes,No,44,Yes,Yes,DSL,Yes,Yes,No,Yes,Yes,Yes,Month-to-month,Yes,Bank transfer (automatic),61.69,2737.91,No
CUST-06394,Female,1,Yes,No,15,Yes,No,Fiber optic,No,No,No,Yes,Yes,Yes,Month-to-month,No,Credit card (automatic),86.72,1308.65,No
CUST-06395,Female,0,Yes,No,17,Yes,Yes,DSL,Yes,Yes,No,Yes,No,No,One year,Yes,Credit card (automatic),57.28,1044.66,No
CUST-06396,Male,0,No,No,10,Yes,No,No,No internet service,No internet service,No internet service,No internet service,No internet service,No internet service,Month-to-month,Yes,Bank transfer (automatic),33.96,356.15,No
CUST-06397,Female,0,No,No,35,No,No phone service,Fiber optic,No,Yes,No,Yes,No,No,Month-to-month,Yes,Electronic check,88.09,3071.93,Yes
CUST-06398,Male,0,No,No,6,Yes,No,DSL,No,No,Yes,No,No,Yes,Month-to-month,Yes,Credit card (automatic),57.58,322.26,No
CUST-06399,Female,0,No,Yes,69,No,No phone service,Fiber optic,No,Yes,No,Yes,Yes,No,Two year,Yes,Bank transfer (automatic),87.77,6013.15,No
CUST-06400,Female,1,Yes,Yes,3,Yes,Yes,No,No internet service,No internet service,No internet service,No internet service,No internet service,No internet service,Month-to-month,Yes,Credit card (automatic),28.33,171.02,Yes
CUST-06401,Female,0,Yes,Yes,23,Yes,Yes,Fiber optic,Yes,Yes,Yes,Yes,No,Yes,Month-to-month,Yes,Electronic check,93.33,2179.29,No
CUST-06402,Female,0,Yes,Yes,38,Yes,No,No,No internet service,No internet service,No internet service,No internet service,No internet service,No internet service,One year,No,Electronic check,21.58,872.4,No
CUST-06403,Male,0,No,Yes,41,Yes,No,No,No internet service,No internet service,No internet service,No internet service,No internet service,No internet service,Two year,No,Electronic check,19.78,817.62,No
CUST-06404,Female,0,No,No,25,Yes,No,No,No internet service,No internet service,No internet service,No internet service,No internet service,No internet service,One year,Yes,Mailed check,29.39,745.8,No
CUST-06405,Female,0,Yes,No,4,Yes,Yes,Fiber optic,No,Yes,No,No,Yes,No,Month-to-month,No,Electronic check,83.28,297.96,Yes
CUST-06406,Female,0,Yes,Yes,7,Yes,No,DSL,Yes,No,No,Yes,No,Yes,Month-to-month,Yes,Bank transfer (automatic),64.99,443.55,No
CUST-06407,Female,0,Yes,No,21,Yes,No,DSL,Yes,Yes,No,No,Yes,No,Month-to-month,Yes,Mailed check,63.51,1321.38,No
CUST-06408,Female,0,No,No,28,Yes,No,No,No internet service,No internet service,No internet service,No internet service,No internet service,No internet service,Month-to-month,No,Credit card (automatic),34.98,939.4,Yes
CUST-06409,Female,0,Yes,No,8,Yes,Yes,No,No internet service,No internet service,No internet service,No internet service,No internet service,No internet service,Month-to-month,Yes,Electronic check,28.94,251.9,Yes
CUST-06410,Female,1,No,No,12,No,No phone service,DSL,Yes,No,No,No,Yes,No,Month-to-month,Yes,Mailed check,66.55,944.3,Yes
CUST-06411,Female,0,Yes,No,0,Yes,No,Fiber optic,No,Yes,Yes,No,No,No,Month-to-month,Yes,Credit card (automatic),83.67,0.0,No
CUST-06412,Male,0,Yes,No,6,Yes,No,DSL,No,No,No,No,No,Yes,Month-to-month,Yes,Credit card (automatic),47.35,305.84,Yes
CUST-06413,Male,1,Yes,No,45,Yes,Yes,No,No internet service,No internet service,No internet service,No internet service,No internet service,No internet service,One year,Yes,Electronic check,29.43,1303.56,No
CUST-06414,Male,0,No,No,48,Yes,No,DSL,Yes,Yes,No,No,Yes,No,Month-to-month,Yes,Credit card (automatic),59.33,2859.13,No
CUST-06415,Male,0,No,Yes,47,Yes,Yes,Fiber optic,No,Yes,Yes,No,Yes,No,Two year,Yes,Credit card (automatic),83.67,3999.57,No
CUST-06416,Male,0,Yes,No,38,Yes,No,Fiber optic,Yes,No,Yes,No,Yes,No,Two year,No,Electronic check,94.52,3523.3,No
CUST-06417,Male,0,Yes,Yes,21,Yes,Yes,DSL,Yes,No,Yes,No,No,No,Month-to-month,No,Electronic check,58.06,1173.79,Yes
CUST-06418,Male,0,Yes,No,6,Yes,Yes,No,No internet service,No internet service,No internet service,No internet service,No internet service,No internet service,Month-to-month,Yes,Credit card (automatic),30.01,167.66,Yes
CUST-06419,Female,0,Yes,Yes,42,Yes,Yes,Fiber optic,No,Yes,Yes,Yes,Yes,No,Two year,Yes,Credit card (automatic),85.1,3575.39,No
CUST-06420,Male,1,Yes,No,55,Yes,No,Fiber optic,Yes,No,No,Yes,Yes,No,Two year,No,Credit card (automatic),93.63,5123.63,No
CUST-06421,Female,0,Yes,Yes,23,Yes,No,DSL,No,No,No,No,Yes,No,Month-to-month,Yes,Bank transfer (automatic),63.23,1443.66,No
CUST-06422,Male,0,No,No,8,Yes,No,Fiber optic,Yes,No,No,No,Yes,Yes,Month-to-month,Yes,Bank transfer (automatic),101.44,848.18,No
CUST-06423,Male,0,No,No,36,Yes,Yes,DSL,Yes,Yes,No,No,Yes,Yes,Two year,No,Bank transfer (automatic),56.67,1993.98,No
CUST-06424,Female,0,No,No,24,Yes,No,Fiber optic,Yes,Yes,No,Yes,Yes,Yes,One year,No,Mailed check,96.28,2286.18,No
CUST-06425,Female,0,No,No,10,Yes,No,Fiber optic,Yes,Yes,Yes,Yes,No,No,One year,Yes,Credit card (automatic),83.48,805.91,No
CUST-06426,Female,1,No,No,22,Yes,No,DSL,Yes,Yes,No,No,No,No,Month-to-month,No,Bank transfer (automatic),55.6,1270.33,Yes
CUST-06427,Female,0,No,No,53,Yes,No,No,No internet service,No internet service,No internet service,No internet service,No internet service,No internet service,Two year,No,Electronic check,29.67,1558.05,No
CUST-06428,Female,0,Yes,No,19,Yes,No,DSL,Yes,Yes,No,No,No,No,One year,Yes,Credit card (automatic),62.44,1163.86,No
CUST-06429,Female,0,Yes,No,20,Yes,No,Fiber optic,No,No,No,No,No,No,Month-to-month,Yes,Electronic check,86.56,1720.98,No
CUST-06430,Male,0,Yes,No,13,Yes,Yes,No,No internet service,No internet service,No internet service,No internet service,No internet service,No internet service,One year,No,Credit card (automatic),27.17,354.61,No
CUST-06431,Female,0,No,No,42,Yes,Yes,No,No internet service,No internet service,No internet service,No internet service,No internet service,No internet service,Month-to-month,No,Bank transfer (automatic),35.13,1526.73,No
CUST-06432,Female,0,Yes,No,5,Yes,No,Fiber optic,No,No,Yes,No,No,Yes,Month-to-month,Yes,Electronic check,91.54,475.41,No
CUST-06433,Male,0,Yes,No,9,Yes,Yes,DSL,No,Yes,No,No,No,No,One year,Yes,Mailed check,57.04,590.57,No
CUST-06434,Male,0,No,No,44,Yes,Yes,Fiber optic,No,No,No,No,No,Yes,One year,Yes,Mailed check,88.79,3886.1,No
CUST-06435,Female,1,No,No,49,Yes,No,Fiber optic,No,Yes,No,Yes,No,Yes,Two year,No,Credit card (automatic),90.36,4463.04,No
CUST-06436,Male,0,No,No,47,No,No phone service,Fiber optic,Yes,No,Yes,No,No,Yes,One year,Yes,Mailed check,96.02,4569.84,No
CUST-06437,Female,0,No,No,70,Yes,Yes,Fiber optic,No,No,Yes,Yes,No,Yes,Month-to-month,Yes,Credit card (automatic),91.06,6324.16,No
CUST-06438,Male,0,No,No,5,Yes,No,No,No internet service,No internet service,No internet service,No internet service,No internet service,No internet service,Month-to-month,No,Mailed check,26.51,76.52,Yes
CUST-06439,Male,0,No,No,1,Yes,Yes,Fiber optic,Yes,No,No,No,No,No,Month-to-month,No,Credit card (automatic),80.19,63.18,Yes
CUST-06440,Male,0,Yes,No,18,Yes,Yes,No,No internet service,No internet service,No internet service,No internet service,No internet service,No internet service,Month-to-month,Yes,Bank transfer (automatic),26.7,553.23,No
CUST-06441,Female,1,No,No,28,Yes,Yes,No,No internet service,No internet service,No internet service,No internet service,No internet service,No internet service,One year,Yes,Mailed check,32.9,928.39,No
CUST-06442,Male,0,No,No,15,Yes,No,Fiber optic,No,No,No,No,Yes,No,Month-to-month,No,Mailed check,84.5,1279.59,No
CUST-06443,Female,0,Yes,Yes,21,Yes,Yes,DSL,Yes,Yes,Yes,No,Yes,Yes,Month-to-month,Yes,Bank transfer (automatic),71.79,1497.91,Yes
CUST-06444,Female,0,No,Yes,25,No,No phone service,Fiber optic,No,No,Yes,No,Yes,Yes,Month-to-month,Yes,Credit card (automatic),87.58,2208.77,No
CUST-06445,Male,0,No,No,2,Yes,Yes,Fiber optic,Yes,No,No,No,No,Yes,Month-to-month,No,Electronic check,90.24,186.24,Yes
CUST-06446,Female,0,No,Yes,14,Yes,Yes,Fiber optic,No,Yes,No,No,Yes,No,Month-to-month,No,Electronic check,72.78,964.25,No
CUST-06447,Male,0,No,Yes,34,No,No phone service,Fiber optic,No,Yes,Yes,No,No,Yes,One year,No,Electronic check,87.86,2896.44,No
CUST-06448,Female,0,Yes,No,11,Yes,No,DSL,No,No,No,No,No,No,Month-to-month,No,Mailed check,52.96,633.36,No
CUST-06449,Male,0,Yes,Yes,49,Yes,No,Fiber optic,Yes,No,Yes,Yes,Yes,Yes,Two year,No,Electronic check,82.51,3946.82,No
CUST-06450,Male,0,Yes,No,4,Yes,Yes,Fiber optic,No,Yes,Yes,No,Yes,No,Month-to-month,Yes,Credit card (automatic),95.36,361.47,No
CUST-06451,Female,0,No,Yes,24,Yes,No,No,No internet service,No internet service,No internet service,No internet service,No internet service,No internet service,One year,Yes,Electronic check,27.8,643.85,No
CUST-06452,Female,1,No,Yes,47,Yes,Yes,DSL,Yes,Yes,Yes,No,Yes,Yes,Two year,Yes,Credit card (automatic),73.38,3439.65,No
CUST-06453,Female,0,No,No,57,Yes,Yes,DSL,No,No,No,No,Yes,No,Two year,Yes,Bank transfer (automatic),55.08,3136.8,No
CUST-06454,Female,0,No,No,45,Yes,Yes,Fiber optic,Yes,No,Yes,Yes,Yes,Yes,Two year,Yes,Electronic check,99.34,4525.0,No
CUST-06455,Male,0,No,No,21,Yes,Yes,No,No internet service,No internet service,No internet service,No internet service,No internet service,No internet service,Month-to-month,No,Electronic check,28.55,612.98,No
CUST-06456,Male,0,Yes,No,11,Yes,No,DSL,No,Yes,Yes,No,Yes,No,Month-to-month,Yes,Mailed check,66.25,781.3,No
CUST-06457,Male,0,Yes,No,35,Yes,No,DSL,Yes,No,Yes,No,Yes,Yes,One year,Yes,Bank transfer (automatic),65.9,2289.33,No
CUST-06458,Female,0,Yes,No,54,Yes,No,No,No internet service,No internet service,No internet service,No internet service,No internet service,No internet service,Month-to-month,Yes,Bank transfer (automatic),30.88,1660.54,No
CUST-06459,Male,0,No,No,57,Yes,No,DSL,Yes,No,No,No,No,No,One year,No,Bank transfer (automatic),58.12,3265.49,No
CUST-06460,Male,0,Yes,Yes,30,Yes,No,Fiber optic,No,No,Yes,No,Yes,Yes,One year,Yes,Bank transfer (automatic),91.83,2737.75,No
CUST-06461,Male,0,No,Yes,35,Yes,Yes,No,No internet service,No internet service,No internet service,No internet service,No internet service,No internet service,Month-to-month,Yes,Mailed check,28.46,1013.79,No
CUST-06462,Male,0,No,No,18,Yes,Yes,No,No internet service,No internet service,No internet service,No internet service,No internet service,No internet service,Month-to-month,No,Bank transfer (automatic),18.65,254.21,Yes
CUST-06463,Male,0,Yes,No,10,Yes,Yes,DSL,No,No,No,No,No,Yes,One year,Yes,Credit card (automatic),48.77,500.85,No
CUST-06464,Male,1,No,No,53,Yes,Yes,No,No internet service,No internet service,No internet service,No internet service,No internet service,No internet service,One year,Yes,Electronic check,27.96,1429.85,No
CUST-06465,Male,0,No,No,40,Yes,Yes,No,No internet service,No internet service,No internet service,No internet service,No internet service,No internet service,Two year,Yes,Bank transfer (automatic),34.6,1354.82,No
CUST-06466,Female,0,No,No,46,Yes,Yes,No,No internet service,No internet service,No internet service,No internet service,No internet service,No internet service,One year,Yes,Electronic check,27.96,1327.49,No
CUST-06467,Male,0,Yes,No,2,Yes,No,Fiber optic,No,Yes,No,Yes,Yes,No,Month-to-month,No,Credit card (automatic),81.48,122.63,Yes
CUST-06468,Male,0,Yes,No,56,Yes,Yes,Fiber optic,Yes,No,No,No,Yes,No,Month-to-month,No,Credit card (automatic),85.24,4740.29,No
CUST-06469,Female,0,Yes,No,6,Yes,No,Fiber optic,No,Yes,Yes,No,No,Yes,Month-to-month,No,Electronic check,86.89,551.74,Yes
CUST-06470,Male,0,No,Yes,7,Yes,No,Fiber optic,No,No,No,No,No,No,Month-to-month,Yes,Credit card (automatic),80.66,569.15,Yes
CUST-06471,Male,0,No,No,38,Yes,Yes,Fiber optic,No,No,Yes,No,Yes,No,One year,Yes,Electronic check,91.36,3405.92,Yes
CUST-06472,Male,0,No,No,16,Yes,Yes,Fiber optic,No,Yes,Yes,No,Yes,Yes,One year,Yes,Mailed check,95.1,1507.66,No
CUST-06473,Male,1,No,No,50,Yes,No,Fiber optic,No,No,No,No,Yes,No,Two year,No,Electronic check,93.7,4668.76,No
CUST-06474,Female,0,Yes,No,5,Yes,No,Fiber optic,No,No,No,No,Yes,No,Month-to-month,No,Bank transfer (automatic),82.98,414.26,Yes
CUST-06475,Male,0,No,No,49,Yes,No,DSL,No,No,No,Yes,No,Yes,Month-to-month,No,Mailed check,62.31,3058.01,Yes
CUST-06476,Male,0,Yes,Yes,57,Yes,No,No,No internet service,No internet service,No internet service,No internet service,No internet service,No internet service,Month-to-month,Yes,Mailed check,33.91,1907.24,No
CUST-06477,Male,0,Yes,No,9,Yes,Yes,No,No internet service,No internet service,No internet service,No internet service,No internet service,No internet service,Month-to-month,Yes,Credit card (automatic),27.57,369.68,No
CUST-06478,Male,1,No,Yes,5,Yes,No,Fiber optic,No,No,Yes,No,Yes,No,Month-to-month,Yes,Mailed check,78.12,376.05,Yes
CUST-06479,Female,0,No,Yes,3,Yes,No,Fiber optic,Yes,No,No,No,Yes,No,Month-to-month,No,Electronic check,85.03,270.91,Yes
CUST-06480,Male,0,No,No,20,Yes,No,No,No internet service,No internet service,No internet service,No internet service,No internet service,No internet service,Month-to-month,Yes,Bank transfer (automatic),38.46,690.83,No
CUST-06481,Female,0,No,Yes,6,Yes,Yes,Fiber optic,No,No,Yes,No,No,Yes,Month-to-month,No,Mailed check,88.81,507.89,Yes
CUST-06482,Female,0,Yes,No,48,Yes,No,Fiber optic,No,No,Yes,No,Yes,Yes,One year,No,Electronic check,89.83,4312.89,No
CUST-06483,Female,1,Yes,No,28,Yes,No,DSL,Yes,No,Yes,Yes,No,No,One year,No,Electronic check,61.87,1681.39,No
CUST-06484,Female,0,Yes,No,22,Yes,Yes,No,No internet service,No internet service,No internet service,No internet service,No internet service,No internet service,Month-to-month,Yes,Credit card (automatic),25.02,533.67,Yes
CUST-06485,Female,0,No,No,6,Yes,No,DSL,Yes,No,Yes,No,No,Yes,One year,Yes,Credit card (automatic),63.3,388.15,No
CUST-06486,Female,1,No,No,19,Yes,Yes,No,No internet service,No internet service,No internet service,No internet service,No internet service,No internet service,Month-to-month,Yes,Mailed check,35.88,626.06,No
CUST-06487,Female,0,Yes,No,7,Yes,No,Fiber optic,No,Yes,No,Yes,Yes,Yes,Month-to-month,Yes,Bank transfer (automatic),83.27,556.03,Yes
CUST-06488,Male,0,Yes,Yes,28,Yes,No,Fiber optic,Yes,No,No,No,No,Yes,One year,Yes,Electronic check,80.74,2261.42,Yes
CUST-06489,Male,0,No,No,6,Yes,No,Fiber optic,Yes,No,No,No,Yes,No,Month-to-month,No,Mailed check,88.83,558.91,Yes
CUST-06490,Male,0,No,No,27,Yes,Yes,Fiber optic,No,Yes,No,Yes,Yes,Yes,One year,Yes,Mailed check,92.48,2522.5,Yes
CUST-06491,Female,0,Yes,No,2,Yes,Yes,No,No internet service,No internet service,No internet service,No internet service,No internet service,No internet service,Month-to-month,Yes,Electronic check,18.0,35.91,Yes
CUST-06492,Female,0,Yes,No,28,Yes,Yes,DSL,No,No,No,No,Yes,No,Month-to-month,No,Electronic check,55.11,1536.42,Yes
CUST-06493,Male,0,No,No,33,Yes,No,DSL,Yes,No,No,Yes,Yes,No,Month-to-month,Yes,Bank transfer (automatic),70.31,2376.01,No
CUST-06494,Male,0,No,No,3,Yes,Yes,No,No internet service,No internet service,No internet service,No internet service,No internet service,No internet service,Month-to-month,Yes,Mailed check,27.74,152.66,Yes
CUST-06495,Male,0,Yes,No,20,Yes,No,DSL,No,No,Yes,Yes,Yes,No,Month-to-month,Yes,Mailed check,57.21,1214.02,No
CUST-06496,Female,0,Yes,Yes,2,Yes,No,DSL,Yes,No,No,Yes,No,No,Month-to-month,Yes,Credit card (automatic),59.04,126.54,No
CUST-06497,Female,0,No,No,4,Yes,Yes,DSL,Yes,No,No,No,No,No,Month-to-month,Yes,Electronic check,65.16,250.91,No
CUST-06498,Female,0,No,No,5,Yes,Yes,Fiber optic,No,Yes,Yes,No,No,No,Month-to-month,Yes,Credit card (automatic),90.15,454.03,Yes
CUST-06499,Male,0,Yes,No,34,Yes,Yes,No,No internet service,No internet service,No internet service,No internet service,No internet service,No internet service,One year,Yes,Credit card (automatic),23.54,756.63,No
CUST-06500,Male,0,No,No,16,Yes,No,Fiber optic,No,No,Yes,No,Yes,Yes,One year,Yes,Bank transfer (automatic),92.45,1454.09,Yes
CUST-06501,Male,0,No,No,46,Yes,No,DSL,No,No,Yes,No,No,No,Two year,Yes,Mailed check,55.44,2538.28,No
CUST-06502,Female,0,Yes,No,13,Yes,No,Fiber optic,Yes,No,No,No,Yes,No,One year,Yes,Mailed check,79.69,1049.7,No
CUST-06503,Female,0,Yes,Yes,29,Yes,Yes,Fiber optic,Yes,No,Yes,No,No,Yes,Two year,Yes,Electronic check,95.24,2792.6,No
CUST-06504,Female,0,No,Yes,13,Yes,No,No,No internet service,No internet service,No internet service,No internet service,No internet service,No internet service,One year,Yes,Electronic check,30.98,460.1,No
CUST-06505,Male,0,No,No,31,Yes,Yes,Fiber optic,No,No,No,No,Yes,No,One year,No,Electronic check,79.04,2516.58,No
CUST-06506,Male,0,Yes,No,47,Yes,Yes,DSL,No,No,Yes,Yes,Yes,Yes,One year,Yes,Electronic check,70.47,3297.44,No
CUST-06507,Female,0,No,Yes,63,Yes,No,No,No internet service,No internet service,No internet service,No internet service,No internet service,No internet service,Two year,Yes,Electronic check,18.0,1140.64,No
CUST-06508,Male,1,Yes,No,13,Yes,Yes,DSL,No,No,No,Yes,No,No,One year,Yes,Credit card (automatic),60.34,835.29,No
CUST-06509,Female,0,No,Yes,42,Yes,No,No,No internet service,No internet service,No internet service,No internet service,No internet service,No internet service,Two year,No,Mailed check,41.1,1733.14,No
CUST-06510,Male,0,Yes,No,4,No,No phone service,DSL,Yes,No,No,No,Yes,No,Month-to-month,Yes,Electronic check,72.04,244.23,Yes
CUST-06511,Male,0,Yes,No,21,Yes,No,Fiber optic,Yes,Yes,No,No,Yes,No,Two year,No,Electronic check,87.66,1881.11,No
CUST-06512,Female,0,Yes,No,9,No,No phone service,DSL,Yes,No,No,Yes,No,No,Month-to-month,Yes,Credit card (automatic),75.86,661.46,No
CUST-06513,Male,0,No,No,18,Yes,Yes,No,No internet service,No internet service,No internet service,No internet service,No internet service,No internet service,Month-to-month,Yes,Bank transfer (automatic),31.52,511.69,No
CUST-06514,Male,0,No,Yes,1,Yes,No,Fiber optic,Yes,No,No,No,No,No,Month-to-month,Yes,Electronic check,83.3,51.2,Yes
CUST-06515,Female,1,No,No,12,Yes,Yes,No,No internet service,No internet service,No internet service,No internet service,No internet service,No internet service,One year,No,Electronic check,32.3,407.26,No
CUST-06516,Male,0,Yes,No,2,Yes,No,No,No internet service,No internet service,No internet service,No internet service,No internet service,No internet service,Month-to-month,No,Bank transfer (automatic),25.34,60.01,Yes
CUST-06517,Male,0,No,No,8,Yes,No,DSL,No,No,No,No,Yes,No,Month-to-month,No,Credit card (automatic),62.33,479.18,Yes
CUST-06518,Female,0,No,Yes,1,Yes,Yes,DSL,Yes,No,No,No,Yes,No,Month-to-month,Yes,Credit card (automatic),58.15,156.51,Yes
CUST-06519,Male,0,No,Yes,27,Yes,Yes,No,No internet service,No internet service,No internet service,No internet service,No internet service,No internet service,One year,Yes,Bank transfer (automatic),29.75,756.7,No
CUST-06520,Male,0,Yes,Yes,23,Yes,Yes,Fiber optic,No,Yes,No,No,No,No,Month-to-month,Yes,Electronic check,83.06,1886.38,No
CUST-06521,Male,0,No,No,28,Yes,Yes,No,No internet service,No internet service,No internet service,No internet service,No internet service,No internet service,One year,Yes,Electronic check,18.1,495.48,No
CUST-06522,Male,0,Yes,Yes,33,Yes,No,Fiber optic,No,No,Yes,No,No,No,One year,Yes,Electronic check,80.89,2615.16,No
CUST-06523,Male,0,Yes,No,16,Yes,No,Fiber optic,No,Yes,No,Yes,No,Yes,One year,No,Electronic check,88.97,1408.64,No
CUST-06524,Female,1,No,No,20,Yes,No,Fiber optic,Yes,No,No,Yes,Yes,Yes,One year,Yes,Credit card (automatic),94.58,1828.27,Yes
CUST-06525,Male,0,Yes,No,28,Yes,Yes,Fiber optic,No,No,No,Yes,No,Yes,Month-to-month,No,Credit card (automatic),92.14,2605.19,No
CUST-06526,Male,0,Yes,No,59,Yes,Yes,No,No internet service,No internet service,No internet service,No internet service,No internet service,No internet service,Two year,No,Mailed check,31.6,1873.17,No
CUST-06527,Male,1,No,No,48,Yes,No,Fiber optic,No,No,No,No,Yes,No,Two year,Yes,Electronic check,85.45,4109.62,No
CUST-06528,Male,0,Yes,No,7,Yes,No,No,No internet service,No internet service,No internet service,No internet service,No internet service,No internet service,Month-to-month,No,Mailed check,25.56,230.33,No
CUST-06529,Female,1,No,No,4,Yes,No,DSL,Yes,No,No,Yes,Yes,No,Month-to-month,Yes,Electronic check,66.78,265.57,No
CUST-06530,Male,0,No,No,1,Yes,Yes,No,No internet service,No internet service,No internet service,No internet service,No internet service,No internet service,Month-to-month,Yes,Credit card (automatic),26.43,0.0,No
CUST-06531,Male,0,No,No,42,Yes,No,Fiber optic,No,No,No,No,No,No,Two year,Yes,Mailed check,79.41,3319.3,No
CUST-06532,Male,0,Yes,No,57,Yes,Yes,DSL,No,Yes,No,Yes,No,No,Two year,Yes,Credit card (automatic),55.3,3183.13,No
CUST-06533,Male,0,No,No,49,Yes,No,Fiber optic,No,No,No,Yes,No,Yes,Two year,No,Electronic check,84.96,4130.64,No
CUST-06534,Male,0,No,No,26,Yes,No,Fiber optic,Yes,Yes,No,No,No,Yes,Two year,Yes,Electronic check,92.78,2417.8,Yes
CUST-06535,Female,1,Yes,No,57,Yes,No,No,No internet service,No internet service,No internet service,No internet service,No internet service,No internet service,One year,No,Bank transfer (automatic),25.09,1399.06,No
CUST-06536,Female,1,No,Yes,5,Yes,No,Fiber optic,No,No,No,Yes,Yes,No,Month-to-month,Yes,Credit card (automatic),93.14,431.93,Yes
CUST-06537,Male,1,No,Yes,3,Yes,No,DSL,No,Yes,No,No,Yes,No,Month-to-month,Yes,Mailed check,79.4,240.34,No
CUST-06538,Female,0,Yes,No,20,Yes,Yes,No,No internet service,No internet service,No internet service,No internet service,No internet service,No internet service,Month-to-month,Yes,Mailed check,25.07,543.21,No
CUST-06539,Male,0,Yes,No,8,Yes,No,DSL,No,No,No,Yes,No,Yes,Month-to-month,No,Bank transfer (automatic),58.67,446.57,No
CUST-06540,Male,0,No,Yes,72,No,No phone service,Fiber optic,No,No,No,Yes,Yes,No,Month-to-month,No,Electronic check,84.47,6133.41,No
CUST-06541,Female,0,Yes,No,0,Yes,Yes,Fiber optic,No,No,No,No,Yes,Yes,Month-to-month,Yes,Electronic check,89.06,0.0,Yes
CUST-06542,Female,0,No,No,15,Yes,No,Fiber optic,No,No,Yes,No,Yes,Yes,One year,Yes,Electronic check,87.73,1297.11,Yes
CUST-06543,Male,0,Yes,No,10,Yes,No,Fiber optic,Yes,No,Yes,No,No,No,Month-to-month,No,Bank transfer (automatic),85.66,820.58,No
CUST-06544,Female,0,Yes,Yes,62,Yes,Yes,Fiber optic,No,No,No,No,No,Yes,Two year,Yes,Bank transfer (automatic),75.37,4675.96,No
CUST-06545,Male,0,No,No,58,Yes,Yes,No,No internet service,No internet service,No internet service,No internet service,No internet service,No internet service,Two year,No,Electronic check,26.57,1542.66,No
CUST-06546,Female,0,No,Yes,2,Yes,Yes,No,No internet service,No internet service,No internet service,No internet service,No internet service,No internet service,Month-to-month,Yes,Electronic check,21.02,26.01,Yes
CUST-06547,Female,0,Yes,No,3,Yes,Yes,No,No internet service,No internet service,No internet service,No internet service,No internet service,No internet service,Month-to-month,Yes,Credit card (automatic),23.59,30.31,No
CUST-06548,Female,0,No,Yes,22,Yes,No,DSL,Yes,No,Yes,Yes,Yes,Yes,Month-to-month,No,Bank transfer (automatic),74.66,1554.56,No
CUST-06549,Female,1,Yes,No,59,Yes,No,DSL,No,No,No,Yes,No,Yes,Two year,Yes,Mailed check,57.81,3397.72,No
CUST-06550,Female,0,Yes,Yes,24,Yes,Yes,DSL,No,No,No,No,No,No,One year,Yes,Mailed check,52.82,1266.53,No
CUST-06551,Female,0,No,Yes,1,No,No phone service,No,No internet service,No internet service,No internet service,No internet service,No internet service,No internet service,Month-to-month,Yes,Credit card (automatic),31.53,88.67,No
CUST-06552,Female,0,Yes,No,7,Yes,Yes,DSL,No,No,Yes,Yes,Yes,Yes,One year,Yes,Electronic check,63.39,444.53,No
CUST-06553,Male,0,No,No,52,Yes,No,Fiber optic,No,No,No,Yes,No,Yes,Two year,Yes,Electronic check,90.48,4747.84,No
CUST-06554,Male,0,Yes,Yes,1,Yes,No,No,No internet service,No internet service,No internet service,No internet service,No internet service,No internet service,Month-to-month,No,Bank transfer (automatic),38.19,12.95,Yes
CUST-06555,Male,0,No,No,46,Yes,Yes,Fiber optic,No,No,Yes,No,No,No,One year,No,Mailed check,87.24,3974.82,No
CUST-06556,Female,0,Yes,Yes,0,Yes,Yes,DSL,Yes,No,Yes,Yes,Yes,No,Month-to-month,Yes,Electronic check,57.52,0.0,Yes
CUST-06557,Male,0,No,Yes,9,No,No phone service,DSL,Yes,No,Yes,No,No,Yes,Month-to-month,Yes,Bank transfer (automatic),68.41,602.63,No
CUST-06558,Male,0,No,Yes,51,Yes,Yes,Fiber optic,Yes,No,Yes,Yes,No,No,Two year,Yes,Electronic check,87.44,4500.73,No
CUST-06559,Female,0,Yes,No,11,Yes,No,Fiber optic,No,No,Yes,Yes,No,No,Month-to-month,No,Mailed check,75.83,748.54,No
CUST-06560,Male,1,Yes,No,64,No,No phone service,Fiber optic,Yes,No,No,Yes,Yes,No,Two year,No,Electronic check,85.57,5472.41,No
CUST-06561,Female,1,No,Yes,29,Yes,Yes,DSL,No,No,No,No,No,Yes,One year,Yes,Credit card (automatic),59.19,1743.75,Yes
CUST-06562,Female,0,Yes,No,8,Yes,No,No,No internet service,No internet service,No internet service,No internet service,No internet service,No internet service,Month-to-month,Yes,Mailed check,32.04,208.18,No
CUST-06563,Male,0,No,Yes,46,Yes,Yes,No,No internet service,No internet service,No internet service,No internet service,No internet service,No internet service,One year,No,Credit card (automatic),25.75,1205.73,No
CUST-06564,Male,0,No,Yes,17,Yes,No,Fiber optic,No,Yes,No,No,Yes,Yes,Month-to-month,No,Bank transfer (automatic),91.09,1518.63,Yes
CUST-06565,Male,0,No,No,18,Yes,No,Fiber optic,Yes,No,Yes,Yes,No,No,Month-to-month,No,Credit card (automatic),86.82,1628.47,No
CUST-06566,Male,1,Yes,No,3,Yes,No,Fiber optic,Yes,Yes,No,No,Yes,No,Month-to-month,Yes,Electronic check,103.63,262.94,Yes
CUST-06567,Male,0,Yes,No,59,Yes,No,DSL,Yes,No,No,Yes,Yes,Yes,Two year,Yes,Credit card (automatic),60.76,3621.88,No
CUST-06568,Male,1,Yes,Yes,48,Yes,No,No,No internet service,No internet service,No internet service,No internet service,No internet service,No internet service,Two year,No,Mailed check,39.26,1798.24,No
CUST-06569,Male,0,Yes,Yes,0,Yes,No,Fiber optic,No,Yes,Yes,No,No,No,Month-to-month,Yes,Electronic check,86.85,0.0,Yes
CUST-06570,Male,0,Yes,No,49,Yes,Yes,DSL,No,No,Yes,Yes,Yes,No,Month-to-month,No,Mailed check,64.92,3172.17,No
CUST-06571,Female,0,No,No,55,Yes,Yes,Fiber optic,No,No,No,No,No,No,Two year,No,Credit card (automatic),66.76,3688.15,No
CUST-06572,Female,1,Yes,No,22,Yes,No,No,No internet service,No internet service,No internet service,No internet service,No internet service,No internet service,One year,No,Bank transfer (automatic),40.58,828.23,No
CUST-06573,Male,0,Yes,Yes,13,Yes,Yes,DSL,Yes,No,No,No,No,Yes,Month-to-month,Yes,Bank transfer (automatic),54.21,686.16,No
CUST-06574,Female,0,Yes,No,21,Yes,No,Fiber optic,No,No,Yes,Yes,No,No,Month-to-month,Yes,Electronic check,91.11,1943.0,No
CUST-06575,Male,0,Yes,Yes,18,Yes,No,No,No internet service,No internet service,No internet service,No internet service,No internet service,No internet service,Month-to-month,Yes,Credit card (automatic),24.12,430.16,No
CUST-06576,Male,0,No,No,21,Yes,No,DSL,Yes,No,Yes,Yes,No,Yes,Month-to-month,Yes,Bank transfer (automatic),56.86,1165.09,No
CUST-06577,Male,0,Yes,No,3,Yes,No,No,No internet service,No internet service,No internet service,No internet service,No internet service,No internet service,Month-to-month,No,Mailed check,33.41,157.07,No
CUST-06578,Male,0,No,Yes,38,Yes,No,Fiber optic,No,No,No,No,No,No,One year,Yes,Credit card (automatic),78.74,2993.53,Yes
CUST-06579,Male,0,No,No,25,Yes,Yes,Fiber optic,No,No,No,No,No,No,One year,No,Mailed check,81.31,2065.92,No
CUST-06580,Male,0,Yes,No,25,No,No phone service,DSL,No,No,No,Yes,No,No,Month-to-month,Yes,Mailed check,55.68,1330.87,No
CUST-06581,Male,0,No,No,38,Yes,No,DSL,Yes,No,Yes,No,Yes,No,One year,Yes,Credit card (automatic),51.57,1948.84,No
CUST-06582,Male,0,Yes,No,1,Yes,Yes,Fiber optic,No,Yes,Yes,No,Yes,No,Month-to-month,Yes,Electronic check,82.23,48.88,No
CUST-06583,Female,0,Yes,No,61,Yes,No,DSL,No,No,No,No,No,Yes,One year,No,Electronic check,45.13,2731.12,No
CUST-06584,Female,1,No,Yes,6,Yes,No,Fiber optic,No,Yes,Yes,No,Yes,Yes,Month-to-month,Yes,Bank transfer (automatic),89.44,628.76,No
CUST-06585,Female,0,No,No,46,Yes,Yes,DSL,No,No,No,No,Yes,No,Month-to-month,Yes,Mailed check,66.87,3106.69,No
CUST-06586,Female,0,Yes,No,5,Yes,Yes,Fiber optic,Yes,No,Yes,No,No,No,Month-to-month,Yes,Electronic check,94.27,467.23,Yes
CUST-06587,Female,0,No,No,0,Yes,Yes,DSL,No,Yes,Yes,No,No,No,Month-to-month,Yes,Electronic check,71.44,0.0,Yes
CUST-06588,Male,0,Yes,No,44,Yes,Yes,Fiber optic,Yes,Yes,Yes,No,No,No,One year,Yes,Mailed check,95.43,4142.11,No
CUST-06589,Male,0,No,Yes,43,Yes,No,DSL,Yes,Yes,Yes,No,No,No,One year,No,Credit card (automatic),64.38,2722.81,No
CUST-06590,Male,0,No,Yes,3,No,No phone service,Fiber optic,Yes,No,No,Yes,No,No,Month-to-month,Yes,Credit card (automatic),95.94,313.87,Yes
CUST-06591,Male,0,Yes,Yes,15,Yes,Yes,DSL,No,No,No,Yes,No,No,Month-to-month,Yes,Credit card (automatic),54.62,810.47,No
CUST-06592,Female,0,No,No,41,Yes,No,DSL,No,Yes,Yes,No,Yes,No,One year,No,Electronic check,71.58,2915.71,No
CUST-06593,Male,0,No,No,28,Yes,No,DSL,Yes,No,Yes,No,No,No,One year,Yes,Bank transfer (automatic),60.46,1596.49,No
CUST-06594,Female,0,Yes,No,11,Yes,Yes,Fiber optic,No,No,No,Yes,No,No,One year,Yes,Electronic check,84.64,922.16,No
CUST-06595,Female,1,No,No,33,Yes,Yes,DSL,Yes,No,No,No,Yes,Yes,Two year,Yes,Electronic check,65.8,2276.44,No
CUST-06596,Male,0,No,No,25,Yes,Yes,Fiber optic,Yes,No,No,No,No,Yes,One year,Yes,Electronic check,95.26,2406.46,No
CUST-06597,Female,0,Yes,No,13,No,No phone service,DSL,No,No,Yes,No,No,Yes,Month-to-month,Yes,Electronic check,72.35,921.52,Yes
CUST-06598,Male,1,No,No,72,No,No phone service,No,No internet service,No internet service,No internet service,No internet service,No internet service,No internet service,Two year,No,Electronic check,23.43,1693.85,No
CUST-06599,Male,0,No,No,1,Yes,No,DSL,Yes,No,No,No,No,Yes,Month-to-month,No,Mailed check,66.03,39.3,No
CUST-06600,Male,0,No,No,30,Yes,No,DSL,Yes,Yes,Yes,No,Yes,Yes,One year,Yes,Electronic check,65.97,2052.97,No
CUST-06601,Male,1,Yes,No,47,Yes,No,Fiber optic,No,No,No,Yes,No,No,Two year,No,Credit card (automatic),87.31,4140.49,No
CUST-06602,Female,0,No,No,10,Yes,Yes,DSL,No,No,No,Yes,No,No,Month-to-month,Yes,Credit card (automatic),57.91,589.72,Yes
CUST-06603,Male,1,No,No,4,Yes,Yes,Fiber optic,Yes,No,No,No,No,No,Month-to-month,No,Electronic check,93.46,347.04,Yes
CUST-06604,Male,0,No,No,4,Yes,No,Fiber optic,Yes,No,No,No,Yes,No,Month-to-month,Yes,Mailed check,78.96,344.2,No
CUST-06605,Male,0,Yes,No,39,Yes,No,Fiber optic,No,Yes,No,Yes,Yes,Yes,Two year,Yes,Mailed check,83.87,3288.44,No
CUST-06606,Male,0,No,No,8,Yes,No,DSL,No,No,No,Yes,Yes,No,Month-to-month,Yes,Mailed check,60.46,505.28,No
CUST-06607,Female,0,No,Yes,18,Yes,Yes,DSL,No,Yes,Yes,Yes,No,No,One year,Yes,Mailed check,53.73,989.53,No
CUST-06608,Female,1,Yes,No,34,Yes,Yes,DSL,Yes,Yes,Yes,No,Yes,No,Month-to-month,Yes,Electronic check,69.12,2346.41,No
CUST-06609,Male,1,Yes,No,43,Yes,No,Fiber optic,No,No,No,No,No,No,Month-to-month,Yes,Bank transfer (automatic),91.02,3848.39,Yes
CUST-06610,Female,0,No,Yes,49,No,No phone service,Fiber optic,No,No,Yes,No,Yes,No,Month-to-month,Yes,Mailed check,89.58,4394.78,No
CUST-06611,Male,0,No,No,69,Yes,No,Fiber optic,Yes,No,No,No,No,Yes,Two year,Yes,Mailed check,89.32,6142.43,No
CUST-06612,Male,0,No,Yes,5,Yes,Yes,No,No internet service,No internet service,No internet service,No internet service,No internet service,No internet service,Month-to-month,Yes,Credit card (automatic),23.02,60.93,No
CUST-06613,Female,0,Yes,No,49,Yes,Yes,Fiber optic,Yes,Yes,No,No,No,No,Two year,Yes,Credit card (automatic),96.92,4677.92,No
CUST-06614,Male,1,No,Yes,16,Yes,No,Fiber optic,Yes,No,Yes,No,No,Yes,One year,No,Mailed check,100.26,1595.09,Yes
CUST-06615,Male,0,Yes,Yes,51,Yes,No,Fiber optic,No,Yes,Yes,Yes,No,No,Two year,No,Mailed check,97.49,4921.33,No
CUST-06616,Male,0,No,No,41,Yes,Yes,Fiber optic,No,No,No,No,No,No,Month-to-month,Yes,Mailed check,85.53,3437.35,No
CUST-06617,Male,1,Yes,Yes,0,Yes,Yes,DSL,No,Yes,No,No,No,Yes,Month-to-month,No,Mailed check,57.12,0.0,Yes
CUST-06618,Female,0,Yes,No,16,Yes,No,DSL,No,Yes,No,Yes,No,Yes,Month-to-month,Yes,Credit card (automatic),54.77,921.1,No
CUST-06619,Male,0,No,No,1,Yes,No,DSL,No,Yes,No,No,Yes,No,Month-to-month,No,Mailed check,67.21,98.2,Yes
CUST-06620,Male,0,No,No,30,Yes,Yes,No,No internet service,No internet service,No internet service,No internet service,No internet service,No internet service,One year,Yes,Credit card (automatic),25.1,799.33,No
CUST-06621,Male,0,Yes,Yes,7,Yes,No,No,No internet service,No internet service,No internet service,No internet service,No internet service,No internet service,Month-to-month,Yes,Credit card (automatic),19.59,86.31,No
CUST-06622,Female,0,Yes,Yes,48,Yes,Yes,DSL,Yes,Yes,No,No,Yes,No,Two year,Yes,Electronic check,47.82,2288.14,No
CUST-06623,Female,0,No,Yes,7,Yes,Yes,DSL,No,Yes,No,No,No,Yes,Month-to-month,Yes,Mailed check,66.41,464.62,No
CUST-06624,Female,0,No,No,10,Yes,Yes,No,No internet service,No internet service,No internet service,No internet service,No internet service,No internet service,Month-to-month,No,Mailed check,34.72,361.12,No
CUST-06625,Female,0,Yes,No,31,Yes,Yes,Fiber optic,No,No,No,No,No,Yes,One year,Yes,Electronic check,97.85,3035.81,No
CUST-06626,Female,0,No,Yes,5,Yes,No,DSL,Yes,Yes,No,No,No,No,Month-to-month,Yes,Electronic check,61.31,240.4,Yes
CUST-06627,Female,0,Yes,Yes,21,Yes,Yes,No,No internet service,No internet service,No internet service,No internet service,No internet service,No internet service,Month-to-month,No,Mailed check,28.61,575.96,No
CUST-06628,Female,1,No,Yes,43,Yes,Yes,Fiber optic,No,Yes,No,Yes,No,Yes,Two year,Yes,Credit card (automatic),80.37,3459.19,No
CUST-06629,Male,0,Yes,Yes,42,Yes,Yes,DSL,Yes,No,No,Yes,No,No,Month-to-month,Yes,Credit card (automatic),66.38,2770.73,No
CUST-06630,Male,0,Yes,Yes,17,No,No phone service,Fiber optic,No,No,No,No,Yes,No,One year,Yes,Mailed check,83.35,1443.59,No
CUST-06631,Male,1,No,No,29,Yes,Yes,No,No internet service,No internet service,No internet service,No internet service,No internet service,No internet service,Month-to-month,No,Electronic check,30.76,909.74,Yes
CUST-06632,Male,0,Yes,Yes,37,Yes,Yes,Fiber optic,Yes,No,No,No,No,Yes,Month-to-month,No,Credit card (automatic),82.12,3107.96,Yes
CUST-06633,Male,0,No,No,30,Yes,Yes,Fiber optic,No,No,Yes,No,Yes,No,Month-to-month,Yes,Bank transfer (automatic),86.5,2616.72,No
CUST-06634,Female,1,Yes,Yes,58,Yes,No,DSL,No,No,Yes,Yes,No,No,Two year,No,Credit card (automatic),64.97,3815.58,No
CUST-06635,Female,0,Yes,No,9,No,No phone service,Fiber optic,No,No,Yes,Yes,No,Yes,Month-to-month,No,Electronic check,87.4,755.43,Yes
CUST-06636,Male,0,No,No,4,Yes,Yes,Fiber optic,No,Yes,No,No,Yes,No,Month-to-month,Yes,Credit card (automatic),78.5,373.0,Yes
CUST-06637,Male,0,No,Yes,21,Yes,No,Fiber optic,Yes,No,No,No,Yes,No,Month-to-month,No,Electronic check,91.95,1982.34,Yes
CUST-06638,Male,0,Yes,No,31,Yes,Yes,Fiber optic,No,Yes,No,No,No,Yes,Two year,Yes,Credit card (automatic),89.83,2774.97,No
CUST-06639,Female,0,No,Yes,0,Yes,Yes,Fiber optic,No,Yes,No,No,Yes,Yes,Month-to-month,Yes,Credit card (automatic),87.81,0.0,No
CUST-06640,Male,0,Yes,No,7,No,No phone service,Fiber optic,Yes,No,No,Yes,No,Yes,One year,Yes,Bank transfer (automatic),97.99,674.07,No
CUST-06641,Male,0,No,No,27,Yes,Yes,No,No internet service,No internet service,No internet service,No internet service,No internet service,No internet service,Month-to-month,Yes,Mailed check,26.54,654.11,No
CUST-06642,Male,0,Yes,No,18,Yes,Yes,No,No internet service,No internet service,No internet service,No internet service,No internet service,No internet service,Month-to-month,Yes,Bank transfer (automatic),29.2,488.83,Yes
CUST-06643,Female,0,No,No,42,Yes,Yes,Fiber optic,No,No,No,No,Yes,No,Month-to-month,Yes,Bank transfer (automatic),71.21,3010.44,No
CUST-06644,Male,0,Yes,Yes,0,Yes,No,No,No internet service,No internet service,No internet service,No internet service,No internet service,No internet service,Month-to-month,No,Credit card (automatic),23.1,0.0,Yes
CUST-06645,Female,0,No,No,9,Yes,Yes,Fiber optic,Yes,No,Yes,No,No,Yes,Month-to-month,Yes,Electronic check,91.97,861.53,Yes
CUST-06646,Female,1,No,No,2,Yes,Yes,Fiber optic,No,No,Yes,Yes,No,No,Month-to-month,Yes,Electronic check,88.32,137.04,Yes
CUST-06647,Male,0,No,No,50,Yes,No,DSL,Yes,No,Yes,No,Yes,Yes,Two year,No,Mailed check,68.54,3475.38,No
CUST-06648,Female,0,Yes,No,21,Yes,No,DSL,No,No,Yes,No,Yes,Yes,Month-to-month,Yes,Mailed check,49.51,1079.2,No
CUST-06649,Female,0,Yes,Yes,2,Yes,No,DSL,Yes,No,No,No,No,No,Month-to-month,Yes,Electronic check,61.3,133.27,No
CUST-06650,Female,0,Yes,No,13,Yes,Yes,DSL,No,Yes,No,Yes,No,Yes,Month-to-month,Yes,Mailed check,61.56,851.16,Yes
CUST-06651,Male,0,No,No,7,Yes,No,Fiber optic,No,No,No,Yes,No,No,Month-to-month,Yes,Credit card (automatic),92.77,745.42,Yes
CUST-06652,Female,1,Yes,Yes,3,Yes,No,No,No internet service,No internet service,No internet service,No internet service,No internet service,No internet service,Month-to-month,No,Bank transfer (automatic),30.28,82.7,No
CUST-06653,Female,0,No,No,5,Yes,Yes,Fiber optic,Yes,Yes,No,Yes,No,No,Month-to-month,Yes,Mailed check,93.12,450.76,Yes
CUST-06654,Male,0,Yes,No,3,Yes,No,No,No internet service,No internet service,No internet service,No internet service,No internet service,No internet service,Month-to-month,Yes,Mailed check,31.52,72.57,No
CUST-06655,Male,0,No,No,9,Yes,No,DSL,No,No,Yes,No,Yes,No,Month-to-month,Yes,Mailed check,65.71,576.19,Yes
CUST-06656,Female,0,No,Yes,9,Yes,Yes,DSL,No,Yes,No,No,No,Yes,Month-to-month,Yes,Electronic check,61.96,591.67,Yes
CUST-06657,Female,0,No,No,22,Yes,Yes,DSL,No,No,No,No,No,Yes,Month-to-month,Yes,Electronic check,57.61,1207.59,No
CUST-06658,Female,0,No,Yes,0,Yes,Yes,Fiber optic,No,Yes,No,No,No,No,Month-to-month,Yes,Bank transfer (automatic),83.36,0.0,Yes
CUST-06659,Female,0,No,No,16,Yes,No,DSL,No,No,No,No,Yes,Yes,Month-to-month,Yes,Credit card (automatic),66.41,1079.15,Yes
CUST-06660,Male,0,No,No,17,Yes,No,DSL,No,Yes,No,Yes,Yes,No,Month-to-month,No,Mailed check,60.67,1024.64,No
CUST-06661,Male,0,No,Yes,11,Yes,No,DSL,No,No,No,Yes,No,No,Month-to-month,No,Credit card (automatic),54.11,638.62,No
CUST-06662,Female,0,No,Yes,20,Yes,Yes,Fiber optic,Yes,No,No,Yes,Yes,No,Month-to-month,Yes,Electronic check,94.03,1825.51,No
CUST-06663,Male,0,Yes,Yes,60,Yes,Yes,No,No internet service,No internet service,No internet service,No internet service,No internet service,No internet service,Two year,No,Electronic check,34.83,2071.96,No
CUST-06664,Male,0,Yes,No,0,Yes,No,DSL,Yes,Yes,No,No,No,Yes,Month-to-month,No,Mailed check,71.89,0.0,No
CUST-06665,Female,0,No,No,17,Yes,No,DSL,No,No,Yes,Yes,No,No,Month-to-month,No,Electronic check,69.98,1218.37,Yes
CUST-06666,Male,1,No,Yes,50,Yes,No,DSL,Yes,No,Yes,No,Yes,No,Two year,No,Electronic check,66.64,3326.33,No
CUST-06667,Male,1,Yes,No,29,Yes,No,Fiber optic,Yes,No,Yes,No,No,No,Month-to-month,Yes,Mailed check,93.94,2690.2,No
CUST-06668,Male,0,Yes,No,8,Yes,No,Fiber optic,No,No,No,No,No,Yes,Month-to-month,Yes,Electronic check,97.26,794.34,Yes
CUST-06669,Male,1,No,Yes,72,Yes,No,DSL,No,Yes,No,No,No,No,Two year,No,Electronic check,66.73,4804.8,No
CUST-06670,Male,0,Yes,No,26,Yes,No,DSL,Yes,Yes,No,Yes,No,No,Month-to-month,No,Electronic check,72.28,1858.61,No
CUST-06671,Male,0,No,No,31,Yes,No,Fiber optic,No,Yes,No,No,Yes,Yes,One year,No,Mailed check,95.38,2906.31,Yes
CUST-06672,Male,0,No,No,15,Yes,No,DSL,Yes,Yes,No,Yes,No,Yes,Month-to-month,No,Credit card (automatic),60.44,944.08,No
CUST-06673,Male,1,Yes,No,13,Yes,No,Fiber optic,No,Yes,No,Yes,No,No,Month-to-month,No,Bank transfer (automatic),88.66,1139.79,Yes
CUST-06674,Female,0,Yes,Yes,47,Yes,No,No,No internet service,No internet service,No internet service,No internet service,No internet service,No internet service,Month-to-month,Yes,Bank transfer (automatic),18.45,866.85,No
CUST-06675,Female,0,Yes,Yes,31,Yes,No,No,No internet service,No internet service,No internet service,No internet service,No internet service,No internet service,One year,Yes,Electronic check,26.7,850.58,No
CUST-06676,Female,0,Yes,Yes,2,Yes,No,DSL,No,No,Yes,Yes,No,Yes,Month-to-month,No,Bank transfer (automatic),59.11,79.22,Yes
CUST-06677,Female,0,No,Yes,11,Yes,Yes,No,No internet service,No internet service,No internet service,No internet service,No internet service,No internet service,One year,Yes,Bank transfer (automatic),24.08,290.18,No
CUST-06678,Male,0,No,No,59,Yes,No,Fiber optic,No,Yes,No,No,No,Yes,Two year,No,Electronic check,85.7,5085.54,No
CUST-06679,Female,0,No,No,63,Yes,No,DSL,Yes,No,No,No,No,Yes,Two year,Yes,Bank transfer (automatic),54.93,3431.92,No
CUST-06680,Female,0,Yes,No,0,No,No phone service,DSL,No,No,No,No,No,No,Month-to-month,No,Mailed check,47.92,0.0,No
CUST-06681,Male,1,No,No,28,Yes,Yes,Fiber optic,Yes,No,Yes,No,No,No,One year,No,Credit card (automatic),96.13,2658.19,No
CUST-06682,Male,0,Yes,No,37,Yes,Yes,No,No internet service,No internet service,No internet service,No internet service,No internet service,No internet service,One year,Yes,Electronic check,24.43,892.39,No
CUST-06683,Female,0,No,Yes,48,Yes,No,No,No internet service,No internet service,No internet service,No internet service,No internet service,No internet service,One year,Yes,Electronic check,26.45,1291.92,No
CUST-06684,Female,0,Yes,No,51,Yes,No,Fiber optic,No,Yes,Yes,No,No,No,Two year,No,Bank transfer (automatic),94.42,4763.04,No
CUST-06685,Male,0,No,Yes,30,Yes,Yes,Fiber optic,No,No,No,No,No,Yes,One year,No,Bank transfer (automatic),79.96,2398.79,No
CUST-06686,Male,0,No,Yes,59,No,No phone service,DSL,Yes,No,Yes,Yes,No,No,One year,Yes,Electronic check,67.13,3969.94,No
CUST-06687,Male,0,Yes,No,3,Yes,No,Fiber optic,No,Yes,No,No,No,Yes,Month-to-month,Yes,Bank transfer (automatic),79.44,257.49,Yes
CUST-06688,Male,0,No,No,47,Yes,No,DSL,No,Yes,No,No,Yes,Yes,Month-to-month,Yes,Credit card (automatic),63.28,2924.67,No
CUST-06689,Female,0,Yes,No,42,No,No phone service,Fiber optic,No,No,Yes,No,No,Yes,One year,Yes,Electronic check,90.87,3793.52,Yes
CUST-06690,Female,0,Yes,Yes,35,No,No phone service,Fiber optic,No,No,No,No,No,No,One year,Yes,Bank transfer (automatic),78.45,2742.43,No
CUST-06691,Male,1,No,No,20,Yes,Yes,Fiber optic,Yes,No,No,No,No,No,One year,Yes,Electronic check,93.75,1842.81,No
CUST-06692,Female,0,No,Yes,1,Yes,Yes,DSL,Yes,Yes,No,No,No,No,Month-to-month,Yes,Credit card (automatic),63.14,0.0,No
CUST-06693,Female,0,Yes,No,6,Yes,Yes,No,No internet service,No internet service,No internet service,No internet service,No internet service,No internet service,Month-to-month,Yes,Mailed check,30.14,227.03,No
CUST-06694,Female,0,Yes,No,51,Yes,Yes,DSL,No,No,No,No,No,No,Two year,Yes,Electronic check,61.7,3133.1,No
CUST-06695,Male,0,Yes,No,9,Yes,No,DSL,No,Yes,Yes,No,Yes,Yes,Month-to-month,Yes,Electronic check,70.14,620.31,No
CUST-06696,Female,1,No,No,28,Yes,No,Fiber optic,Yes,Yes,No,No,No,No,One year,Yes,Credit card (automatic),89.92,2518.88,No
CUST-06697,Female,0,No,No,27,Yes,Yes,Fiber optic,No,Yes,No,Yes,Yes,No,One year,No,Mailed check,80.47,2223.2,No
CUST-06698,Female,0,Yes,No,0,Yes,No,Fiber optic,Yes,Yes,No,Yes,No,No,Month-to-month,No,Credit card (automatic),101.04,0.0,Yes
CUST-06699,Male,0,Yes,Yes,32,Yes,Yes,No,No internet service,No internet service,No internet service,No internet service,No internet service,No internet service,Month-to-month,Yes,Mailed check,24.91,810.01,No
CUST-06700,Male,0,No,Yes,18,Yes,Yes,DSL,No,Yes,Yes,Yes,No,No,Month-to-month,No,Mailed check,48.47,800.05,Yes
CUST-06701,Female,0,No,No,14,Yes,Yes,Fiber optic,Yes,No,No,Yes,Yes,No,One year,Yes,Electronic check,99.46,1460.6,No
CUST-06702,Male,0,Yes,No,3,No,No phone service,DSL,Yes,No,No,No,No,No,Month-to-month,No,Credit card (automatic),61.23,183.46,No
CUST-06703,Female,0,No,No,67,Yes,No,DSL,No,Yes,No,No,No,Yes,Two year,Yes,Bank transfer (automatic),60.23,3955.74,No
CUST-06704,Male,0,Yes,Yes,63,Yes,Yes,DSL,Yes,Yes,Yes,No,Yes,Yes,One year,No,Electronic check,67.17,4267.35,No
CUST-06705,Female,0,Yes,Yes,9,No,No phone service,DSL,No,No,No,No,No,No,Month-to-month,No,Electronic check,60.4,503.63,Yes
CUST-06706,Male,0,No,No,10,Yes,Yes,Fiber optic,No,Yes,No,No,No,No,Month-to-month,Yes,Mailed check,97.9,949.49,No
CUST-06707,Male,0,No,No,11,Yes,No,No,No internet service,No internet service,No internet service,No internet service,No internet service,No internet service,Month-to-month,No,Bank transfer (automatic),25.74,249.84,No
CUST-06708,Male,0,Yes,No,2,Yes,Yes,No,No internet service,No internet service,No internet service,No internet service,No internet service,No internet service,Month-to-month,No,Bank transfer (automatic),23.15,0.0,No
CUST-06709,Male,0,No,Yes,33,Yes,No,Fiber optic,Yes,No,No,Yes,Yes,Yes,Month-to-month,Yes,Electronic check,90.69,2977.54,Yes
CUST-06710,Male,0,No,Yes,19,Yes,No,Fiber optic,Yes,No,Yes,Yes,Yes,Yes,Month-to-month,Yes,Bank transfer (automatic),86.26,1677.78,No
CUST-06711,Male,0,No,No,37,Yes,No,DSL,Yes,Yes,No,No,Yes,Yes,Two year,No,Credit card (automatic),64.16,2371.99,No
CUST-06712,Male,0,No,No,57,No,No phone service,DSL,No,No,No,No,No,No,One year,Yes,Bank transfer (automatic),62.55,3543.55,No
CUST-06713,Female,0,No,Yes,70,Yes,No,Fiber optic,Yes,No,Yes,No,No,No,Two year,Yes,Mailed check,88.15,6143.97,No
CUST-06714,Female,0,No,No,34,Yes,No,Fiber optic,No,No,No,No,No,Yes,One year,Yes,Bank transfer (automatic),87.21,2948.92,No
CUST-06715,Female,0,Yes,No,43,Yes,Yes,Fiber optic,No,No,No,No,Yes,Yes,One year,Yes,Mailed check,93.09,3953.55,No
CUST-06716,Male,0,No,Yes,52,Yes,Yes,Fiber optic,No,Yes,No,No,No,Yes,Two year,Yes,Electronic check,85.34,4454.64,No
CUST-06717,Female,0,Yes,No,14,Yes,Yes,DSL,No,No,Yes,No,Yes,Yes,Month-to-month,Yes,Mailed check,55.63,811.4,Yes
CUST-06718,Female,0,No,No,11,Yes,No,DSL,No,Yes,No,No,No,No,One year,Yes,Bank transfer (automatic),56.45,656.0,No
CUST-06719,Male,0,Yes,Yes,24,Yes,No,No,No internet service,No internet service,No internet service,No internet service,No internet service,No internet service,Two year,Yes,Bank transfer (automatic),27.21,680.4,No
CUST-06720,Female,0,Yes,No,36,Yes,Yes,DSL,No,Yes,No,No,Yes,No,Two year,No,Mailed check,64.91,2355.41,No
CUST-06721,Female,0,No,Yes,13,Yes,Yes,No,No internet service,No internet service,No internet service,No internet service,No internet service,No internet service,Month-to-month,Yes,Bank transfer (automatic),32.55,410.47,No
CUST-06722,Male,0,Yes,No,44,Yes,Yes,DSL,Yes,No,No,No,No,Yes,Two year,Yes,Credit card (automatic),47.71,2121.46,No
CUST-06723,Male,0,Yes,No,3,Yes,No,DSL,No,Yes,Yes,Yes,No,No,Month-to-month,Yes,Electronic check,53.14,171.12,No
CUST-06724,Male,0,Yes,No,24,Yes,No,Fiber optic,No,No,No,Yes,Yes,No,Month-to-month,Yes,Credit card (automatic),93.92,2191.04,No
CUST-06725,Male,0,No,No,3,Yes,Yes,DSL,Yes,No,Yes,Yes,No,No,Month-to-month,Yes,Mailed check,55.47,144.3,Yes
CUST-06726,Female,0,Yes,No,2,Yes,No,No,No internet service,No internet service,No internet service,No internet service,No internet service,No internet service,Month-to-month,Yes,Mailed check,34.18,85.11,No
CUST-06727,Female,0,Yes,No,5,Yes,Yes,Fiber optic,No,No,No,No,No,No,Month-to-month,Yes,Bank transfer (automatic),66.66,344.88,Yes
CUST-06728,Female,0,No,No,11,Yes,No,Fiber optic,No,No,Yes,No,Yes,No,Month-to-month,Yes,Credit card (automatic),97.77,1049.93,Yes
CUST-06729,Male,0,No,Yes,13,Yes,No,Fiber optic,No,No,No,No,Yes,No,Month-to-month,Yes,Electronic check,84.89,1092.04,Yes
CUST-06730,Male,0,No,No,52,Yes,No,DSL,No,No,No,No,Yes,Yes,Two year,Yes,Credit card (automatic),66.98,3468.92,No
CUST-06731,Female,0,Yes,Yes,58,Yes,No,Fiber optic,No,No,No,Yes,Yes,Yes,Two year,Yes,Credit card (automatic),90.61,5256.61,No
CUST-06732,Male,0,No,No,71,Yes,Yes,DSL,Yes,No,No,No,Yes,No,Two year,Yes,Electronic check,69.23,4954.61,No
CUST-06733,Female,0,No,No,29,Yes,No,Fiber optic,No,Yes,Yes,No,Yes,No,One year,No,Credit card (automatic),98.46,2922.3,No
CUST-06734,Female,0,No,No,72,Yes,No,Fiber optic,No,Yes,No,No,No,No,Two year,No,Credit card (automatic),83.9,6057.18,No
CUST-06735,Male,0,No,No,0,Yes,Yes,No,No internet service,No internet service,No internet service,No internet service,No internet service,No internet service,Month-to-month,No,Bank transfer (automatic),19.26,0.0,No
CUST-06736,Female,0,Yes,No,8,Yes,No,Fiber optic,No,No,No,Yes,Yes,No,Month-to-month,Yes,Electronic check,76.78,574.16,Yes
CUST-06737,Male,0,No,No,5,Yes,No,No,No internet service,No internet service,No internet service,No internet service,No internet service,No internet service,Month-to-month,Yes,Electronic check,22.38,108.88,No
CUST-06738,Male,0,No,No,2,Yes,No,DSL,Yes,Yes,Yes,No,No,Yes,Month-to-month,Yes,Bank transfer (automatic),59.74,170.68,Yes
CUST-06739,Male,0,Yes,No,18,Yes,Yes,Fiber optic,No,Yes,Yes,No,No,Yes,One year,Yes,Electronic check,98.77,1835.56,Yes
CUST-06740,Male,0,Yes,Yes,8,No,No phone service,Fiber optic,Yes,Yes,No,Yes,Yes,No,Month-to-month,Yes,Electronic check,88.89,761.11,Yes
CUST-06741,Male,0,Yes,No,47,Yes,Yes,DSL,Yes,No,No,Yes,No,No,Two year,Yes,Mailed check,62.28,2905.15,No
CUST-06742,Female,0,No,Yes,26,Yes,No,DSL,No,No,No,Yes,No,Yes,Month-to-month,Yes,Mailed check,51.11,1318.95,No
CUST-06743,Female,0,Yes,Yes,29,Yes,No,Fiber optic,Yes,Yes,No,No,Yes,Yes,Month-to-month,No,Electronic check,90.14,2653.37,No
CUST-06744,Male,0,No,Yes,32,Yes,Yes,Fiber optic,No,No,No,No,Yes,Yes,Month-to-month,Yes,Bank transfer (automatic),87.32,2701.57,No
CUST-06745,Female,0,No,No,17,Yes,No,DSL,Yes,No,No,No,Yes,No,Month-to-month,Yes,Mailed check,59.91,992.47,Yes
CUST-06746,Female,0,Yes,No,35,Yes,Yes,Fiber optic,Yes,No,No,No,No,Yes,Two year,Yes,Mailed check,79.29,2836.92,No
CUST-06747,Male,0,Yes,No,59,Yes,Yes,DSL,No,Yes,Yes,No,No,No,One year,Yes,Electronic check,64.06,3795.02,No
CUST-06748,Male,0,Yes,No,3,No,No phone service,DSL,Yes,Yes,No,Yes,Yes,No,Month-to-month,No,Credit card (automatic),69.99,206.13,Yes
CUST-06749,Male,0,Yes,No,22,Yes,No,DSL,No,Yes,No,No,No,No,One year,Yes,Electronic check,55.89,1239.14,No
CUST-06750,Female,1,No,Yes,5,Yes,No,Fiber optic,Yes,Yes,No,No,No,No,Month-to-month,Yes,Credit card (automatic),77.3,468.61,Yes
CUST-06751,Female,0,No,No,1,Yes,Yes,No,No internet service,No internet service,No internet service,No internet service,No internet service,No internet service,Month-to-month,Yes,Electronic check,31.81,47.68,No
CUST-06752,Male,1,No,No,39,Yes,No,No,No internet service,No internet service,No internet service,No internet service,No internet service,No internet service,Month-to-month,Yes,Bank transfer (automatic),32.76,1316.01,No
CUST-06753,Female,1,No,No,0,Yes,Yes,DSL,No,No,No,No,No,No,Month-to-month,Yes,Electronic check,66.27,0.0,Yes
CUST-06754,Male,0,Yes,No,44,Yes,Yes,DSL,Yes,No,No,No,No,No,One year,Yes,Electronic check,51.17,2360.71,No
CUST-06755,Female,0,No,No,44,Yes,No,No,No internet service,No internet service,No internet service,No internet service,No internet service,No internet service,Two year,No,Electronic check,38.62,1698.84,No
CUST-06756,Female,0,Yes,No,17,Yes,No,Fiber optic,Yes,No,No,No,No,No,Month-to-month,No,Bank transfer (automatic),81.39,1401.88,Yes
CUST-06757,Female,1,No,No,23,No,No phone service,DSL,No,Yes,No,Yes,Yes,No,One year,Yes,Electronic check,78.98,1845.79,No
CUST-06758,Male,0,Yes,No,16,Yes,Yes,No,No internet service,No internet service,No internet service,No internet service,No internet service,No internet service,One year,Yes,Electronic check,23.68,340.79,No
CUST-06759,Male,0,Yes,Yes,0,Yes,Yes,No,No internet service,No internet service,No internet service,No internet service,No internet service,No internet service,Month-to-month,Yes,Credit card (automatic),30.47,0.0,No
CUST-06760,Female,1,No,Yes,25,Yes,No,DSL,Yes,No,No,No,No,Yes,Month-to-month,No,Bank transfer (automatic),52.42,1299.72,Yes
CUST-06761,Male,0,No,No,2,Yes,Yes,No,No internet service,No internet service,No internet service,No internet service,No internet service,No internet service,Month-to-month,Yes,Mailed check,26.61,17.3,No
CUST-06762,Male,1,Yes,No,17,Yes,No,Fiber optic,No,No,No,Yes,Yes,Yes,Month-to-month,No,Electronic check,91.43,1564.89,Yes
CUST-06763,Male,0,Yes,No,1,Yes,Yes,No,No internet service,No internet service,No internet service,No internet service,No internet service,No internet service,Month-to-month,Yes,Electronic check,30.45,0.0,No
CUST-06764,Female,0,No,No,0,Yes,Yes,Fiber optic,Yes,No,Yes,Yes,Yes,No,Month-to-month,Yes,Bank transfer (automatic),89.85,0.0,No
CUST-06765,Male,0,No,No,13,Yes,No,Fiber optic,Yes,Yes,No,Yes,Yes,No,Month-to-month,No,Credit card (automatic),90.91,1197.72,No
CUST-06766,Female,0,No,No,9,Yes,Yes,Fiber optic,Yes,No,Yes,No,No,No,One year,Yes,Electronic check,93.77,776.69,No
CUST-06767,Female,0,Yes,No,9,Yes,Yes,DSL,No,No,No,No,Yes,Yes,Month-to-month,No,Electronic check,55.93,511.69,Yes
CUST-06768,Female,0,Yes,No,45,Yes,No,Fiber optic,Yes,Yes,No,Yes,Yes,No,Two year,No,Credit card (automatic),89.45,3977.86,No
CUST-06769,Female,0,No,No,29,Yes,Yes,Fiber optic,Yes,No,No,Yes,No,Yes,Month-to-month,Yes,Credit card (automatic),91.97,2672.73,No
CUST-06770,Male,0,No,No,1,Yes,Yes,DSL,No,Yes,No,No,No,No,Month-to-month,No,Mailed check,58.03,65.79,No
CUST-06771,Female,0,Yes,No,12,Yes,No,No,No internet service,No internet service,No internet service,No internet service,No internet service,No internet service,One year,No,Bank transfer (automatic),27.1,323.88,No
CUST-06772,Female,1,Yes,Yes,3,Yes,No,DSL,Yes,Yes,Yes,No,No,Yes,Month-to-month,Yes,Bank transfer (automatic),68.39,203.43,No
CUST-06773,Female,0,Yes,Yes,45,Yes,No,No,No internet service,No internet service,No internet service,No internet service,No internet service,No internet service,Two year,Yes,Electronic check,19.87,942.83,No
CUST-06774,Female,0,No,No,1,Yes,No,Fiber optic,No,Yes,Yes,No,No,No,Month-to-month,Yes,Electronic check,98.74,19.97,Yes
CUST-06775,Female,0,Yes,No,35,Yes,No,Fiber optic,No,No,Yes,No,Yes,Yes,Month-to-month,Yes,Electronic check,86.32,3015.67,Yes
CUST-06776,Female,0,No,No,52,Yes,No,No,No internet service,No internet service,No internet service,No internet service,No internet service,No internet service,One year,Yes,Electronic check,22.51,1192.96,No
CUST-06777,Female,0,No,No,13,Yes,Yes,Fiber optic,No,No,No,No,Yes,No,One year,Yes,Mailed check,85.85,1187.74,Yes
CUST-06778,Male,0,Yes,No,36,Yes,No,DSL,No,Yes,Yes,No,No,Yes,One year,Yes,Electronic check,55.5,1974.98,No
CUST-06779,Male,0,Yes,No,21,Yes,No,DSL,No,No,No,No,No,No,One year,No,Electronic check,52.67,1106.43,No
CUST-06780,Male,1,Yes,Yes,12,Yes,Yes,Fiber optic,Yes,No,No,No,Yes,No,Month-to-month,Yes,Electronic check,97.33,1225.34,Yes
CUST-06781,Female,0,Yes,Yes,62,Yes,No,No,No internet service,No internet service,No internet service,No internet service,No internet service,No internet service,One year,No,Credit card (automatic),28.14,1737.1,No
CUST-06782,Male,1,No,No,21,Yes,No,Fiber optic,No,Yes,Yes,No,Yes,No,One year,No,Electronic check,88.03,1891.79,No
CUST-06783,Male,0,No,No,31,Yes,Yes,DSL,No,Yes,Yes,Yes,No,No,One year,Yes,Electronic check,55.49,1754.63,No
CUST-06784,Female,1,Yes,Yes,17,Yes,No,No,No internet service,No internet service,No internet service,No internet service,No internet service,No internet service,Month-to-month,Yes,Credit card (automatic),33.03,615.92,No
CUST-06785,Male,0,No,Yes,64,Yes,Yes,Fiber optic,No,Yes,No,No,No,No,Two year,Yes,Mailed check,79.02,5033.32,No
CUST-06786,Female,0,Yes,No,26,Yes,Yes,Fiber optic,Yes,No,No,No,Yes,Yes,One year,No,Electronic check,83.77,2156.66,No
CUST-06787,Female,1,No,No,41,Yes,No,Fiber optic,No,No,No,No,Yes,Yes,Month-to-month,Yes,Bank transfer (automatic),92.01,3702.49,Yes
CUST-06788,Male,1,No,No,1,Yes,No,DSL,Yes,Yes,Yes,Yes,Yes,No,Month-to-month,Yes,Mailed check,75.6,53.13,Yes
CUST-06789,Male,0,Yes,No,61,No,No phone service,Fiber optic,No,Yes,Yes,Yes,No,No,One year,Yes,Electronic check,85.07,5200.9,No
CUST-06790,Female,0,No,Yes,25,Yes,No,Fiber optic,No,No,No,No,No,No,Two year,Yes,Mailed check,72.75,1866.34,No
CUST-06791,Female,0,No,No,10,Yes,No,DSL,No,No,Yes,Yes,Yes,No,Month-to-month,Yes,Electronic check,60.25,612.81,Yes
CUST-06792,Female,0,Yes,Yes,51,No,No phone service,DSL,No,No,Yes,No,No,No,Two year,Yes,Electronic check,61.16,3139.38,No
CUST-06793,Female,1,No,Yes,0,Yes,Yes,No,No internet service,No internet service,No internet service,No internet service,No internet service,No internet service,Month-to-month,No,Bank transfer (automatic),33.0,0.0,No
CUST-06794,Male,0,Yes,No,8,Yes,Yes,No,No internet service,No internet service,No internet service,No internet service,No internet service,No internet service,Month-to-month,Yes,Bank transfer (automatic),23.81,109.47,Yes
CUST-06795,Female,0,Yes,No,30,No,No phone service,DSL,No,No,Yes,No,No,Yes,One year,Yes,Mailed check,62.21,1917.33,No
CUST-06796,Male,0,No,No,42,Yes,No,DSL,No,No,No,No,No,No,Month-to-month,No,Electronic check,50.78,2159.91,No
CUST-06797,Male,0,Yes,No,13,Yes,No,DSL,No,Yes,No,No,No,No,Month-to-month,Yes,Electronic check,50.91,697.53,Yes
CUST-06798,Female,0,Yes,No,0,Yes,No,DSL,No,No,No,No,No,Yes,One year,No,Bank transfer (automatic),66.18,0.0,No
CUST-06799,Male,0,Yes,Yes,3,Yes,Yes,Fiber optic,Yes,No,Yes,No,No,Yes,Month-to-month,No,Bank transfer (automatic),96.52,261.29,Yes
CUST-06800,Female,1,Yes,No,25,Yes,No,Fiber optic,No,No,Yes,No,Yes,No,Month-to-month,Yes,Bank transfer (automatic),84.45,2074.05,Yes
CUST-06801,Female,0,Yes,No,50,Yes,Yes,DSL,No,No,Yes,No,No,No,Month-to-month,No,Electronic check,60.55,3012.64,No
CUST-06802,Male,0,Yes,Yes,10,No,No phone service,Fiber optic,No,Yes,Yes,Yes,Yes,Yes,Month-to-month,Yes,Electronic check,86.31,889.35,No
CUST-06803,Female,0,No,No,2,Yes,No,Fiber optic,No,Yes,No,No,No,Yes,Month-to-month,Yes,Electronic check,95.68,227.02,No
CUST-06804,Female,0,Yes,Yes,11,Yes,No,DSL,No,No,Yes,No,Yes,Yes,Month-to-month,No,Credit card (automatic),66.35,754.02,No
CUST-06805,Male,1,No,Yes,72,Yes,Yes,Fiber optic,No,No,Yes,No,Yes,No,Two year,Yes,Electronic check,91.27,6544.71,Yes
CUST-06806,Female,0,No,Yes,35,Yes,No,Fiber optic,Yes,No,No,No,No,No,One year,Yes,Bank transfer (automatic),76.4,2671.14,No
CUST-06807,Male,0,Yes,Yes,1,Yes,No,Fiber optic,No,No,No,No,No,No,One year,Yes,Bank transfer (automatic),88.5,105.93,Yes
CUST-06808,Female,0,No,No,1,Yes,Yes,Fiber optic,Yes,Yes,No,No,Yes,Yes,Month-to-month,Yes,Credit card (automatic),93.97,42.96,Yes
CUST-06809,Male,0,No,No,2,Yes,Yes,No,No internet service,No internet service,No internet service,No internet service,No internet service,No internet service,Month-to-month,Yes,Electronic check,31.1,44.83,No
CUST-06810,Female,0,No,No,69,Yes,Yes,Fiber optic,Yes,No,Yes,No,Yes,Yes,Two year,Yes,Bank transfer (automatic),99.05,6830.08,No
CUST-06811,Female,0,No,No,8,Yes,No,No,No internet service,No internet service,No internet service,No internet service,No internet service,No internet service,One year,Yes,Credit card (automatic),31.6,263.21,No
CUST-06812,Female,0,Yes,No,37,Yes,Yes,Fiber optic,No,No,No,Yes,Yes,Yes,Two year,Yes,Mailed check,82.02,3050.09,No
CUST-06813,Male,0,Yes,No,11,Yes,No,DSL,No,No,No,No,No,Yes,Month-to-month,No,Bank transfer (automatic),64.27,642.34,Yes
CUST-06814,Female,1,No,No,48,Yes,Yes,DSL,Yes,No,Yes,No,Yes,No,One year,No,Mailed check,60.86,2869.57,No
CUST-06815,Male,0,No,No,1,Yes,Yes,Fiber optic,No,No,No,No,No,No,Month-to-month,Yes,Electronic check,80.12,30.72,Yes
CUST-06816,Male,1,No,No,1,Yes,Yes,Fiber optic,Yes,Yes,No,No,No,No,Month-to-month,Yes,Mailed check,87.93,116.9,Yes
CUST-06817,Female,0,No,No,70,Yes,No,Fiber optic,Yes,No,Yes,No,Yes,No,Two year,Yes,Bank transfer (automatic),81.49,5667.05,No
CUST-06818,Female,0,Yes,Yes,1,Yes,Yes,DSL,No,No,No,No,No,Yes,Month-to-month,Yes,Electronic check,52.82,27.24,Yes
CUST-06819,Female,1,Yes,No,21,No,No phone service,DSL,No,No,No,No,No,No,Month-to-month,Yes,Mailed check,51.4,1010.19,No
CUST-06820,Male,0,No,Yes,1,Yes,Yes,Fiber optic,Yes,No,No,Yes,Yes,Yes,Month-to-month,No,Electronic check,85.71,113.26,Yes
CUST-06821,Female,0,Yes,Yes,39,Yes,No,Fiber optic,No,Yes,Yes,No,No,Yes,One year,Yes,Credit card (automatic),88.81,3460.95,Yes
CUST-06822,Female,0,No,No,23,Yes,Yes,Fiber optic,No,Yes,Yes,No,No,No,One year,Yes,Credit card (automatic),91.78,2186.04,Yes
CUST-06823,Female,0,No,No,7,Yes,No,DSL,No,Yes,No,Yes,Yes,No,Month-to-month,Yes,Mailed check,73.78,401.34,No
CUST-06824,Male,0,Yes,Yes,41,Yes,Yes,Fiber optic,No,No,No,No,Yes,Yes,Two year,No,Mailed check,90.34,3649.89,No
CUST-06825,Female,0,Yes,No,16,Yes,Yes,Fiber optic,No,Yes,No,No,No,Yes,Month-to-month,No,Credit card (automatic),97.11,1569.1,Yes
CUST-06826,Female,0,No,No,47,Yes,No,No,No internet service,No internet service,No internet service,No internet service,No internet service,No internet service,Two year,Yes,Credit card (automatic),20.88,1052.53,No
CUST-06827,Female,0,No,Yes,22,Yes,No,No,No internet service,No internet service,No internet service,No internet service,No internet service,No internet service,One year,Yes,Bank transfer (automatic),38.58,797.53,No
CUST-06828,Male,0,No,No,48,No,No phone service,Fiber optic,Yes,No,No,Yes,Yes,No,Two year,Yes,Credit card (automatic),87.6,4122.88,No
CUST-06829,Male,0,Yes,No,37,Yes,Yes,DSL,No,Yes,No,No,No,No,One year,Yes,Mailed check,70.83,2616.56,No
CUST-06830,Male,1,Yes,No,20,Yes,No,No,No internet service,No internet service,No internet service,No internet service,No internet service,No internet service,Month-to-month,Yes,Electronic check,25.18,474.38,No
CUST-06831,Female,0,Yes,Yes,9,Yes,No,No,No internet service,No internet service,No internet service,No internet service,No internet service,No internet service,Month-to-month,No,Credit card (automatic),34.43,319.95,No
CUST-06832,Male,1,Yes,No,40,Yes,No,Fiber optic,No,No,No,No,No,No,Two year,Yes,Credit card (automatic),77.8,3180.14,No
CUST-06833,Male,0,Yes,No,52,Yes,No,Fiber optic,No,Yes,No,No,Yes,No,Two year,No,Credit card (automatic),80.21,4149.28,No
CUST-06834,Female,0,No,Yes,18,No,No phone service,Fiber optic,No,Yes,Yes,No,No,No,One year,No,Credit card (automatic),100.39,1796.45,No
CUST-06835,Male,0,Yes,No,7,Yes,No,Fiber optic,No,No,No,Yes,No,Yes,One year,Yes,Electronic check,81.86,560.31,Yes
CUST-06836,Female,1,No,No,22,Yes,No,No,No internet service,No internet service,No internet service,No internet service,No internet service,No internet service,Month-to-month,No,Credit card (automatic),32.49,736.66,No
CUST-06837,Female,0,No,Yes,2,Yes,Yes,Fiber optic,Yes,Yes,Yes,Yes,Yes,No,Month-to-month,Yes,Mailed check,87.46,169.76,No
CUST-06838,Male,1,No,No,13,Yes,Yes,Fiber optic,No,No,No,No,No,No,Month-to-month,Yes,Electronic check,85.21,1069.49,Yes
CUST-06839,Male,0,No,No,3,Yes,No,No,No internet service,No internet service,No internet service,No internet service,No internet service,No internet service,One year,No,Bank transfer (automatic),40.19,162.88,No
CUST-06840,Female,0,Yes,No,21,Yes,No,No,No internet service,No internet service,No internet service,No internet service,No internet service,No internet service,One year,Yes,Electronic check,29.7,569.32,No
CUST-06841,Male,0,No,No,10,Yes,No,Fiber optic,No,No,No,No,No,Yes,One year,Yes,Electronic check,81.3,793.83,No
CUST-06842,Female,1,Yes,Yes,29,Yes,No,No,No internet service,No internet service,No internet service,No internet service,No internet service,No internet service,One year,Yes,Electronic check,28.64,819.18,No
CUST-06843,Male,0,Yes,No,10,Yes,No,Fiber optic,No,No,No,Yes,Yes,No,Month-to-month,Yes,Credit card (automatic),86.27,806.1,Yes
CUST-06844,Male,1,No,No,6,Yes,Yes,DSL,No,No,Yes,Yes,Yes,No,Month-to-month,No,Bank transfer (automatic),65.78,438.35,Yes
CUST-06845,Male,0,Yes,Yes,4,Yes,No,DSL,No,No,No,No,No,Yes,Month-to-month,Yes,Credit card (automatic),59.92,212.6,No
CUST-06846,Female,0,Yes,No,40,Yes,No,DSL,No,Yes,No,Yes,No,No,Month-to-month,No,Electronic check,64.79,2550.6,No
CUST-06847,Male,0,No,No,27,Yes,Yes,Fiber optic,No,Yes,No,No,No,No,One year,Yes,Credit card (automatic),80.73,2239.69,No
CUST-06848,Male,0,Yes,No,34,Yes,No,No,No internet service,No internet service,No internet service,No internet service,No internet service,No internet service,One year,No,Electronic check,31.6,1083.11,No
CUST-06849,Male,0,Yes,Yes,45,Yes,Yes,DSL,No,Yes,No,No,No,No,Two year,Yes,Electronic check,47.44,2106.12,No
CUST-06850,Male,0,Yes,No,43,Yes,No,No,No internet service,No internet service,No internet service,No internet service,No internet service,No internet service,Month-to-month,No,Credit card (automatic),29.19,1249.46,No
CUST-06851,Male,0,Yes,No,41,Yes,No,DSL,No,No,Yes,No,Yes,No,Two year,Yes,Electronic check,55.5,2280.59,No
CUST-06852,Female,0,No,No,20,Yes,No,DSL,No,No,No,No,Yes,No,One year,No,Credit card (automatic),56.48,1132.98,No
CUST-06853,Female,0,No,No,6,Yes,No,DSL,No,Yes,No,No,Yes,No,Month-to-month,Yes,Bank transfer (automatic),63.1,392.9,No
CUST-06854,Male,0,Yes,No,14,Yes,Yes,Fiber optic,No,No,Yes,No,No,Yes,One year,Yes,Mailed check,95.26,1337.04,Yes
CUST-06855,Female,0,No,No,46,Yes,No,No,No internet service,No internet service,No internet service,No internet service,No internet service,No internet service,Two year,Yes,Credit card (automatic),26.35,1279.3,No
CUST-06856,Female,0,No,Yes,15,Yes,Yes,DSL,Yes,No,Yes,Yes,Yes,Yes,Month-to-month,No,Bank transfer (automatic),69.61,1059.58,Yes
CUST-06857,Female,0,No,No,25,Yes,Yes,DSL,Yes,No,Yes,No,Yes,No,One year,No,Electronic check,63.7,1608.54,No
CUST-06858,Female,0,No,No,3,No,No phone service,No,No internet service,No internet service,No internet service,No internet service,No internet service,No internet service,Month-to-month,Yes,Bank transfer (automatic),18.0,9.93,Yes
CUST-06859,Male,0,No,No,31,Yes,Yes,Fiber optic,Yes,No,Yes,Yes,Yes,No,Month-to-month,No,Electronic check,93.59,2900.52,No
CUST-06860,Female,0,No,Yes,0,Yes,Yes,DSL,No,No,Yes,Yes,No,Yes,Month-to-month,No,Credit card (automatic),74.74,0.0,Yes
CUST-06861,Female,0,No,No,3,Yes,Yes,Fiber optic,Yes,Yes,No,No,No,No,Month-to-month,Yes,Bank transfer (automatic),92.69,306.43,Yes
CUST-06862,Female,0,Yes,No,33,Yes,No,Fiber optic,No,No,No,No,Yes,No,One year,Yes,Bank transfer (automatic),82.13,2718.89,No
CUST-06863,Male,0,Yes,No,4,Yes,No,Fiber optic,No,Yes,Yes,No,No,No,Month-to-month,Yes,Mailed check,84.52,344.92,No
CUST-06864,Female,0,Yes,Yes,37,Yes,No,Fiber optic,No,Yes,No,No,No,No,One year,No,Credit card (automatic),81.11,3037.57,No
CUST-06865,Female,0,No,No,51,Yes,No,No,No internet service,No internet service,No internet service,No internet service,No internet service,No internet service,Two year,Yes,Bank transfer (automatic),31.91,1676.31,No
CUST-06866,Female,0,Yes,Yes,37,Yes,Yes,DSL,Yes,No,Yes,Yes,No,Yes,Two year,Yes,Bank transfer (automatic),65.42,2353.24,No
CUST-06867,Male,0,No,Yes,6,Yes,Yes,Fiber optic,No,Yes,Yes,Yes,Yes,Yes,Month-to-month,Yes,Mailed check,85.69,494.28,No
CUST-06868,Male,0,Yes,No,24,Yes,Yes,No,No internet service,No internet service,No internet service,No internet service,No internet service,No internet service,Month-to-month,Yes,Mailed check,32.11,774.31,Yes
CUST-06869,Female,0,No,No,13,Yes,No,DSL,No,No,Yes,Yes,No,No,Month-to-month,No,Credit card (automatic),63.37,778.41,Yes
CUST-06870,Male,1,Yes,No,19,Yes,Yes,DSL,Yes,Yes,No,Yes,No,Yes,Month-to-month,Yes,Credit card (automatic),68.04,1311.64,No
CUST-06871,Male,0,Yes,Yes,15,Yes,No,Fiber optic,No,No,Yes,No,No,Yes,Month-to-month,Yes,Bank transfer (automatic),88.31,1349.56,No
CUST-06872,Female,0,Yes,Yes,38,Yes,Yes,Fiber optic,Yes,No,Yes,No,No,Yes,One year,Yes,Credit card (automatic),84.45,3193.79,No
CUST-06873,Female,0,No,No,36,No,No phone service,Fiber optic,No,No,Yes,Yes,No,Yes,One year,Yes,Credit card (automatic),98.56,3574.85,Yes
CUST-06874,Male,0,No,Yes,37,Yes,No,No,No internet service,No internet service,No internet service,No internet service,No internet service,No internet service,Month-to-month,Yes,Bank transfer (automatic),19.27,712.22,No
CUST-06875,Male,0,Yes,No,15,Yes,Yes,DSL,Yes,No,Yes,No,No,No,Month-to-month,Yes,Mailed check,59.71,853.88,Yes
CUST-06876,Male,0,No,Yes,58,Yes,Yes,DSL,Yes,No,No,Yes,Yes,No,Two year,Yes,Mailed check,62.63,3626.15,No
CUST-06877,Male,0,No,Yes,44,Yes,No,DSL,No,Yes,Yes,Yes,No,No,Two year,No,Mailed check,60.21,2586.25,No
CUST-06878,Male,0,No,No,50,Yes,Yes,No,No internet service,No internet service,No internet service,No internet service,No internet service,No internet service,One year,Yes,Credit card (automatic),28.4,1419.25,Yes
CUST-06879,Female,0,No,Yes,29,Yes,No,DSL,No,No,No,No,No,Yes,One year,No,Bank transfer (automatic),51.57,1521.4,No
CUST-06880,Female,0,No,No,52,Yes,No,Fiber optic,No,Yes,Yes,No,Yes,No,One year,Yes,Bank transfer (automatic),86.14,4505.13,No
CUST-06881,Male,0,No,No,5,Yes,Yes,No,No internet service,No internet service,No internet service,No internet service,No internet service,No internet service,Month-to-month,No,Credit card (automatic),22.19,100.83,No
CUST-06882,Male,0,No,Yes,59,Yes,Yes,DSL,Yes,No,Yes,No,No,No,Two year,No,Bank transfer (automatic),58.92,3465.09,No
CUST-06883,Female,0,No,No,9,Yes,No,DSL,No,Yes,No,No,No,Yes,Month-to-month,No,Credit card (automatic),68.52,651.47,No
CUST-06884,Male,0,No,No,21,Yes,No,No,No internet service,No internet service,No internet service,No internet service,No internet service,No internet service,One year,Yes,Electronic check,31.14,627.39,No
CUST-06885,Male,0,Yes,No,40,Yes,No,DSL,Yes,Yes,No,No,No,Yes,Month-to-month,No,Mailed check,54.91,2158.2,No
CUST-06886,Male,0,Yes,Yes,26,Yes,Yes,Fiber optic,Yes,No,No,Yes,Yes,Yes,One year,No,Bank transfer (automatic),90.47,2417.1,No
CUST-06887,Female,0,No,No,66,Yes,Yes,Fiber optic,Yes,No,No,No,No,No,One year,Yes,Credit card (automatic),84.33,5539.85,No
CUST-06888,Male,0,No,No,37,Yes,No,Fiber optic,No,No,Yes,Yes,Yes,Yes,One year,Yes,Mailed check,88.02,3209.73,No
CUST-06889,Male,0,No,Yes,11,Yes,No,DSL,No,Yes,No,Yes,No,No,Month-to-month,Yes,Electronic check,57.27,646.49,No
CUST-06890,Female,0,No,Yes,37,Yes,Yes,No,No internet service,No internet service,No internet service,No internet service,No internet service,No internet service,One year,No,Electronic check,35.76,1282.57,No
CUST-06891,Male,0,No,Yes,26,Yes,No,Fiber optic,No,No,No,No,No,Yes,One year,No,Mailed check,74.33,1975.15,No
CUST-06892,Male,1,Yes,Yes,41,Yes,No,DSL,No,Yes,No,No,No,Yes,One year,Yes,Credit card (automatic),65.54,2668.17,No
CUST-06893,Male,0,No,Yes,1,Yes,No,DSL,No,Yes,No,No,Yes,Yes,Month-to-month,No,Mailed check,51.62,35.27,No
CUST-06894,Female,0,Yes,No,0,Yes,No,Fiber optic,No,Yes,Yes,Yes,No,Yes,Month-to-month,No,Bank transfer (automatic),93.77,0.0,Yes
CUST-06895,Female,0,No,No,31,Yes,No,Fiber optic,No,No,Yes,No,No,Yes,One year,Yes,Mailed check,81.83,2602.3,Yes
CUST-06896,Female,0,No,No,1,Yes,Yes,Fiber optic,Yes,No,No,Yes,No,Yes,Month-to-month,Yes,Bank transfer (automatic),93.35,106.76,Yes
CUST-06897,Male,0,Yes,Yes,4,Yes,Yes,DSL,Yes,No,No,No,Yes,No,One year,Yes,Credit card (automatic),71.78,298.62,No
CUST-06898,Male,0,No,Yes,1,Yes,No,Fiber optic,Yes,Yes,No,No,No,No,Month-to-month,No,Bank transfer (automatic),86.68,85.72,No
CUST-06899,Female,1,No,No,20,Yes,No,DSL,No,Yes,Yes,No,No,Yes,One year,Yes,Credit card (automatic),73.51,1547.16,No
CUST-06900,Female,0,Yes,No,7,Yes,No,Fiber optic,No,Yes,Yes,Yes,No,Yes,Month-to-month,No,Credit card (automatic),96.15,693.64,No
CUST-06901,Male,1,No,No,41,Yes,No,Fiber optic,No,Yes,Yes,No,No,No,Two year,Yes,Electronic check,92.76,3762.99,Yes
CUST-06902,Female,0,No,Yes,25,Yes,No,No,No internet service,No internet service,No internet service,No internet service,No internet service,No internet service,Month-to-month,Yes,Electronic check,21.71,495.02,No
CUST-06903,Female,0,No,Yes,46,Yes,Yes,DSL,Yes,No,Yes,Yes,No,Yes,Month-to-month,Yes,Credit card (automatic),71.66,3317.82,No
CUST-06904,Female,0,Yes,No,14,Yes,Yes,Fiber optic,Yes,Yes,Yes,No,Yes,Yes,Month-to-month,Yes,Electronic check,97.06,1373.37,No
CUST-06905,Female,0,Yes,No,58,Yes,No,DSL,No,Yes,Yes,No,No,No,Two year,No,Electronic check,53.75,3107.0,No
CUST-06906,Male,0,No,Yes,0,Yes,No,DSL,No,No,No,Yes,No,No,Month-to-month,Yes,Mailed check,51.99,0.0,Yes
CUST-06907,Male,0,Yes,No,4,Yes,No,DSL,Yes,No,Yes,No,Yes,Yes,Month-to-month,No,Bank transfer (automatic),61.67,258.78,No
CUST-06908,Male,0,Yes,Yes,13,Yes,Yes,No,No internet service,No internet service,No internet service,No internet service,No internet service,No internet service,Month-to-month,No,Electronic check,22.8,271.83,No
CUST-06909,Male,0,No,No,2,Yes,Yes,Fiber optic,Yes,Yes,No,No,Yes,No,One year,Yes,Bank transfer (automatic),88.66,143.75,No
CUST-06910,Female,0,No,No,17,Yes,Yes,No,No internet service,No internet service,No internet service,No internet service,No internet service,No internet service,Month-to-month,No,Electronic check,31.46,575.89,No
CUST-06911,Female,0,No,No,30,Yes,No,DSL,Yes,No,No,No,Yes,No,One year,Yes,Credit card (automatic),58.66,1745.71,No
CUST-06912,Female,0,No,No,3,Yes,Yes,Fiber optic,Yes,No,No,No,Yes,Yes,Month-to-month,Yes,Electronic check,90.81,243.93,Yes
CUST-06913,Male,0,Yes,No,37,Yes,No,Fiber optic,No,No,No,No,No,Yes,Month-to-month,Yes,Electronic check,77.04,2846.75,Yes
CUST-06914,Female,0,Yes,No,7,Yes,No,Fiber optic,No,Yes,Yes,No,No,Yes,Month-to-month,Yes,Electronic check,95.75,660.33,Yes
CUST-06915,Male,0,No,No,13,Yes,No,No,No internet service,No internet service,No internet service,No internet service,No internet service,No internet service,One year,No,Credit card (automatic),33.28,457.93,No
CUST-06916,Female,1,Yes,No,4,Yes,Yes,No,No internet service,No internet service,No internet service,No internet service,No internet service,No internet service,Month-to-month,Yes,Electronic check,43.58,168.7,Yes
CUST-06917,Male,0,Yes,No,61,Yes,Yes,No,No internet service,No internet service,No internet service,No internet service,No internet service,No internet service,Two year,Yes,Mailed check,21.76,1313.97,No
CUST-06918,Male,0,No,Yes,11,Yes,Yes,DSL,No,No,No,Yes,No,Yes,Month-to-month,No,Credit card (automatic),53.08,636.83,Yes
CUST-06919,Male,0,Yes,No,20,Yes,Yes,Fiber optic,Yes,Yes,Yes,No,No,No,One year,Yes,Electronic check,81.59,1650.04,Yes
CUST-06920,Female,0,No,No,72,Yes,Yes,No,No internet service,No internet service,No internet service,No internet service,No internet service,No internet service,Month-to-month,Yes,Mailed check,35.37,2579.69,No
CUST-06921,Male,0,No,No,1,Yes,Yes,DSL,Yes,No,No,No,No,No,Month-to-month,Yes,Electronic check,49.08,81.92,No
CUST-06922,Male,0,No,No,55,Yes,No,DSL,Yes,Yes,No,No,Yes,Yes,Two year,Yes,Mailed check,62.35,3415.09,No
CUST-06923,Male,0,Yes,No,37,Yes,No,Fiber optic,No,Yes,No,No,No,Yes,One year,Yes,Bank transfer (automatic),77.53,2865.75,No
CUST-06924,Female,0,Yes,No,22,Yes,No,Fiber optic,No,No,Yes,No,No,Yes,One year,Yes,Bank transfer (automatic),87.46,1925.66,Yes
CUST-06925,Male,0,No,Yes,28,No,No phone service,DSL,No,Yes,No,No,Yes,Yes,One year,No,Electronic check,63.83,1857.01,Yes
CUST-06926,Male,0,No,No,19,Yes,No,DSL,No,No,No,Yes,Yes,Yes,Month-to-month,No,Electronic check,65.29,1170.66,Yes
CUST-06927,Male,0,No,Yes,63,Yes,Yes,DSL,No,No,No,No,No,Yes,Two year,No,Electronic check,56.91,3579.38,No
CUST-06928,Male,0,Yes,No,1,Yes,No,Fiber optic,No,No,No,Yes,Yes,Yes,Month-to-month,Yes,Mailed check,82.64,89.0,Yes
CUST-06929,Female,0,No,No,71,Yes,No,DSL,Yes,Yes,Yes,Yes,No,No,Two year,No,Mailed check,68.05,4779.48,No
CUST-06930,Female,0,Yes,No,48,Yes,Yes,No,No internet service,No internet service,No internet service,No internet service,No internet service,No internet service,One year,Yes,Electronic check,28.37,1291.79,No
CUST-06931,Male,0,Yes,No,1,Yes,Yes,Fiber optic,No,No,No,No,Yes,No,Month-to-month,No,Bank transfer (automatic),84.79,60.73,No
CUST-06932,Female,0,Yes,Yes,44,Yes,Yes,DSL,No,No,Yes,Yes,Yes,No,One year,No,Electronic check,57.22,2530.36,Yes
CUST-06933,Male,0,Yes,No,44,Yes,Yes,Fiber optic,No,No,No,No,Yes,No,Two year,Yes,Electronic check,86.91,3853.65,No
CUST-06934,Female,0,Yes,Yes,23,Yes,Yes,DSL,No,No,No,No,Yes,No,Month-to-month,Yes,Electronic check,62.49,1485.97,Yes
CUST-06935,Male,0,Yes,Yes,5,Yes,Yes,Fiber optic,Yes,No,No,No,No,No,Month-to-month,No,Bank transfer (automatic),79.49,411.48,Yes
CUST-06936,Male,1,No,No,63,Yes,No,No,No internet service,No internet service,No internet service,No internet service,No internet service,No internet service,One year,No,Electronic check,22.91,1423.72,No
CUST-06937,Male,0,No,No,15,Yes,Yes,Fiber optic,Yes,No,No,No,Yes,Yes,Month-to-month,Yes,Electronic check,93.99,1409.4,Yes
CUST-06938,Male,1,Yes,Yes,22,Yes,Yes,DSL,Yes,No,No,No,Yes,No,Month-to-month,No,Credit card (automatic),52.22,1128.4,No
CUST-06939,Female,1,Yes,No,50,Yes,No,Fiber optic,No,Yes,Yes,No,Yes,No,One year,Yes,Electronic check,86.47,4337.65,No
CUST-06940,Female,0,No,Yes,57,Yes,No,Fiber optic,Yes,No,No,No,No,No,Two year,Yes,Electronic check,79.92,4540.65,Yes
CUST-06941,Female,0,Yes,No,4,Yes,Yes,Fiber optic,No,No,Yes,No,No,Yes,Month-to-month,Yes,Mailed check,81.86,321.7,Yes
CUST-06942,Male,0,Yes,Yes,40,No,No phone service,Fiber optic,No,Yes,Yes,No,Yes,Yes,Two year,Yes,Electronic check,96.4,3879.76,No
CUST-06943,Female,1,No,Yes,31,Yes,Yes,DSL,No,No,No,No,Yes,No,Month-to-month,Yes,Electronic check,67.43,2058.13,No
CUST-06944,Male,0,No,No,25,Yes,No,No,No internet service,No internet service,No internet service,No internet service,No internet service,No internet service,Month-to-month,Yes,Credit card (automatic),34.02,892.33,No
CUST-06945,Female,0,No,No,5,Yes,No,Fiber optic,Yes,Yes,Yes,Yes,Yes,No,Month-to-month,No,Electronic check,88.88,394.73,Yes
CUST-06946,Female,0,Yes,No,0,Yes,No,Fiber optic,Yes,No,Yes,Yes,No,No,Month-to-month,No,Electronic check,98.45,0.0,No
CUST-06947,Male,1,Yes,No,9,Yes,Yes,DSL,Yes,No,No,Yes,Yes,No,One year,Yes,Electronic check,57.79,487.84,No
CUST-06948,Male,0,Yes,No,8,Yes,No,DSL,No,No,No,No,No,No,Month-to-month,Yes,Mailed check,56.47,501.15,No
CUST-06949,Male,0,No,No,8,Yes,No,Fiber optic,No,No,No,Yes,No,No,Month-to-month,Yes,Credit card (automatic),85.61,677.25,No
CUST-06950,Female,0,Yes,No,41,Yes,No,Fiber optic,Yes,No,No,Yes,No,No,One year,Yes,Electronic check,96.09,3941.42,Yes
CUST-06951,Female,0,Yes,No,49,Yes,Yes,No,No internet service,No internet service,No internet service,No internet service,No internet service,No internet service,One year,Yes,Mailed check,31.02,1511.3,No
CUST-06952,Male,1,Yes,No,13,No,No phone service,DSL,No,No,No,No,No,No,One year,Yes,Bank transfer (automatic),68.14,901.75,Yes
CUST-06953,Female,0,No,Yes,31,Yes,No,No,No internet service,No internet service,No internet service,No internet service,No internet service,No internet service,One year,Yes,Electronic check,22.78,699.15,No
CUST-06954,Female,0,Yes,Yes,55,Yes,Yes,DSL,No,No,No,No,No,Yes,Two year,Yes,Bank transfer (automatic),62.64,3384.61,No
CUST-06955,Male,0,Yes,No,26,Yes,Yes,No,No internet service,No internet service,No internet service,No internet service,No internet service,No internet service,One year,Yes,Electronic check,34.84,895.98,Yes
CUST-06956,Female,0,No,No,63,Yes,Yes,DSL,Yes,Yes,Yes,Yes,No,Yes,Two year,Yes,Electronic check,70.77,4495.24,No
CUST-06957,Male,0,No,No,43,No,No phone service,Fiber optic,No,No,No,Yes,No,No,Two year,No,Bank transfer (automatic),79.56,3424.13,No
CUST-06958,Female,0,No,No,52,Yes,Yes,Fiber optic,No,No,No,No,Yes,No,Two year,Yes,Electronic check,82.87,4235.0,Yes
CUST-06959,Male,0,No,No,9,Yes,No,Fiber optic,Yes,Yes,No,No,Yes,No,Month-to-month,Yes,Credit card (automatic),93.28,844.67,Yes
CUST-06960,Female,0,Yes,No,8,Yes,Yes,No,No internet service,No internet service,No internet service,No internet service,No internet service,No internet service,Month-to-month,No,Mailed check,32.63,260.7,No
CUST-06961,Male,1,No,No,0,No,No phone service,No,No internet service,No internet service,No internet service,No internet service,No internet service,No internet service,Month-to-month,Yes,Electronic check,25.27,0.0,No
CUST-06962,Male,0,Yes,Yes,38,Yes,No,DSL,No,No,Yes,Yes,Yes,Yes,Month-to-month,Yes,Mailed check,58.19,2244.96,No
CUST-06963,Male,0,No,No,40,Yes,No,DSL,Yes,No,No,Yes,No,Yes,One year,Yes,Electronic check,70.14,2774.74,No
CUST-06964,Female,0,Yes,Yes,5,Yes,No,DSL,No,Yes,No,No,No,No,Month-to-month,No,Electronic check,63.44,308.18,No
CUST-06965,Male,0,No,Yes,17,Yes,No,DSL,No,No,No,Yes,Yes,Yes,One year,Yes,Mailed check,70.2,1157.38,No
CUST-06966,Female,1,No,No,53,Yes,Yes,Fiber optic,Yes,No,Yes,Yes,No,No,Two year,Yes,Bank transfer (automatic),103.52,5481.57,No
CUST-06967,Female,0,Yes,Yes,0,Yes,No,DSL,Yes,No,No,No,No,Yes,Month-to-month,No,Electronic check,60.96,0.0,Yes
CUST-06968,Female,0,Yes,No,27,Yes,No,Fiber optic,Yes,Yes,Yes,No,Yes,No,Two year,No,Electronic check,82.71,2225.19,No
CUST-06969,Female,0,No,No,19,Yes,Yes,DSL,No,Yes,Yes,Yes,No,Yes,One year,Yes,Electronic check,73.74,1385.33,No
CUST-06970,Female,0,Yes,No,45,Yes,No,No,No internet service,No internet service,No internet service,No internet service,No internet service,No internet service,Two year,Yes,Mailed check,27.2,1246.14,No
CUST-06971,Male,0,No,Yes,43,Yes,No,DSL,Yes,No,Yes,No,No,No,Month-to-month,Yes,Mailed check,70.37,3097.39,No
CUST-06972,Female,0,Yes,No,48,Yes,No,Fiber optic,No,Yes,No,No,No,No,Two year,No,Bank transfer (automatic),79.57,3806.46,No
CUST-06973,Male,0,No,No,5,No,No phone service,Fiber optic,Yes,Yes,No,No,No,Yes,Month-to-month,Yes,Electronic check,95.35,501.75,Yes
CUST-06974,Female,0,No,No,37,Yes,No,Fiber optic,No,Yes,No,No,Yes,Yes,Two year,Yes,Electronic check,83.24,3057.48,Yes
CUST-06975,Male,0,Yes,No,1,Yes,Yes,Fiber optic,No,No,No,No,Yes,Yes,Month-to-month,Yes,Bank transfer (automatic),95.97,0.0,Yes
CUST-06976,Female,0,No,No,3,Yes,No,DSL,No,Yes,Yes,No,Yes,Yes,Month-to-month,No,Bank transfer (automatic),55.77,174.06,Yes
CUST-06977,Female,0,No,No,6,Yes,Yes,Fiber optic,No,Yes,No,Yes,Yes,No,Month-to-month,Yes,Bank transfer (automatic),89.94,546.79,No
CUST-06978,Male,0,No,No,26,Yes,No,DSL,Yes,No,No,No,Yes,Yes,One year,Yes,Bank transfer (automatic),61.87,1680.79,No
CUST-06979,Female,0,No,No,62,Yes,Yes,DSL,No,Yes,Yes,No,No,Yes,Two year,No,Mailed check,58.64,3658.28,No
CUST-06980,Male,1,No,No,20,Yes,Yes,No,No internet service,No internet service,No internet service,No internet service,No internet service,No internet service,One year,No,Electronic check,30.94,604.45,No
CUST-06981,Male,1,Yes,No,25,Yes,No,DSL,Yes,Yes,Yes,No,Yes,Yes,One year,No,Credit card (automatic),66.06,1581.86,No
CUST-06982,Female,0,Yes,No,32,Yes,No,DSL,Yes,No,No,Yes,No,Yes,Month-to-month,Yes,Electronic check,60.74,1954.02,No
CUST-06983,Female,0,Yes,Yes,47,Yes,No,DSL,Yes,Yes,No,No,No,Yes,Two year,Yes,Credit card (automatic),63.39,3015.52,No
CUST-06984,Male,0,No,No,59,Yes,Yes,Fiber optic,No,Yes,No,No,No,No,Month-to-month,Yes,Mailed check,79.38,4786.54,No
CUST-06985,Female,0,No,No,61,Yes,No,Fiber optic,Yes,No,Yes,No,Yes,No,Two year,Yes,Mailed check,88.87,5425.15,No
CUST-06986,Female,0,Yes,No,18,Yes,No,DSL,Yes,No,No,Yes,No,Yes,One year,Yes,Electronic check,66.8,1232.92,No
CUST-06987,Female,0,No,No,21,Yes,No,Fiber optic,Yes,No,No,No,Yes,Yes,Month-to-month,No,Credit card (automatic),84.15,1769.22,Yes
CUST-06988,Female,0,Yes,No,3,Yes,No,No,No internet service,No internet service,No internet service,No internet service,No internet service,No internet service,Month-to-month,No,Credit card (automatic),28.55,111.98,Yes
CUST-06989,Male,1,No,No,37,Yes,No,Fiber optic,Yes,No,No,Yes,No,No,One year,Yes,Bank transfer (automatic),83.47,3100.81,No
CUST-06990,Male,0,No,Yes,54,Yes,No,No,No internet service,No internet service,No internet service,No internet service,No internet service,No internet service,Two year,Yes,Electronic check,37.77,1986.99,No
CUST-06991,Female,0,No,No,9,Yes,No,DSL,No,No,No,No,No,Yes,One year,Yes,Electronic check,59.97,541.28,No
CUST-06992,Female,0,No,Yes,38,Yes,No,DSL,Yes,No,No,Yes,Yes,Yes,Two year,No,Bank transfer (automatic),57.01,2155.97,No
CUST-06993,Male,1,No,No,56,Yes,Yes,Fiber optic,No,Yes,No,No,No,No,Two year,No,Electronic check,98.53,5524.62,No
CUST-06994,Female,0,Yes,No,11,Yes,No,Fiber optic,No,No,Yes,No,Yes,No,Month-to-month,No,Credit card (automatic),89.17,1015.3,No
CUST-06995,Female,1,No,No,35,Yes,Yes,Fiber optic,No,No,No,Yes,No,Yes,Month-to-month,Yes,Electronic check,84.76,2998.75,No
CUST-06996,Female,1,Yes,No,23,Yes,No,No,No internet service,No internet service,No internet service,No internet service,No internet service,No internet service,One year,Yes,Mailed check,45.67,1034.42,No
CUST-06997,Male,0,No,Yes,39,Yes,Yes,Fiber optic,Yes,Yes,Yes,No,No,Yes,Month-to-month,No,Credit card (automatic),91.07,3558.86,Yes
CUST-06998,Male,0,No,Yes,33,Yes,Yes,Fiber optic,No,Yes,No,No,Yes,No,One year,Yes,Bank transfer (automatic),77.33,2523.9,No
CUST-06999,Male,0,Yes,No,33,Yes,No,Fiber optic,No,No,No,No,Yes,No,Month-to-month,Yes,Mailed check,91.94,2985.48,Yes
CUST-07000,Female,0,Yes,Yes,31,Yes,No,DSL,No,No,No,No,No,Yes,One year,Yes,Mailed check,59.3,1813.64,Yes
